locus_tag	baseMean	log2FoldChange	lfcSE	stat	pvalue	padj
IODOLM_00714	12562.9626233557	-4.40322409125339	0.120061321034049	-36.674792958547	1.84259506151031e-294	8.0631959891691e-291
IODOLM_00014	30755.7429281423	4.03904550293685	0.128422611902176	31.4512019582154	4.04174253858844e-217	8.84333267443151e-214
IODOLM_04194	2590.21733671604	5.11839200903549	0.176094632480456	29.0661443619161	9.62060992830057e-186	1.40332630154144e-182
IODOLM_04195	12380.2837768266	4.01539450448938	0.141295732327809	28.4183707344647	1.19913719325708e-177	1.31185608942325e-174
IODOLM_01452	1076.97161356444	6.23067494039697	0.222375975113192	28.0186514628007	9.62991736637296e-173	8.42810367904962e-170
IODOLM_00399	1904.96858765923	-3.43852772499291	0.125337964648736	-27.4340478930666	1.07696611081672e-165	7.85467283488993e-163
IODOLM_02232	3364.54541995462	3.54432239935582	0.135969256042474	26.0670867997442	8.6134565685549e-150	5.38464084914232e-147
IODOLM_00289	2012.48529243719	3.88480784068843	0.153034649125918	25.3851520742338	3.67888109376404e-142	2.01234795828893e-139
IODOLM_01379	699.190596626754	4.87521767293848	0.19379293834314	25.1568386062973	1.18954222862691e-139	5.7838186583015e-137
IODOLM_03134	1357.82896739139	3.53984343433154	0.142746966706994	24.7980290999634	9.41471494212853e-136	4.11987925867544e-133
IODOLM_04383	1171.36726094192	-2.82538803584303	0.115907499695157	-24.3762314196575	3.05641381020052e-131	1.21589698485795e-128
IODOLM_00812	911.313475685	3.58745353085968	0.148049759446307	24.2314039838798	1.03859696696558e-129	3.78741693953447e-127
IODOLM_01378	959.710605666529	4.60682361386263	0.19259416961107	23.9198498228985	1.90384161070279e-126	6.40862376033492e-124
IODOLM_03363	10973.9837719123	2.63056596828991	0.111698486682647	23.5505963099013	1.23781859059797e-122	3.86906725175478e-120
IODOLM_04168	668.024336319124	5.81564515323673	0.250206011577506	23.2434269527342	1.65785002376655e-119	4.83650113600162e-117
IODOLM_03570	1377.21703285162	3.71494771152763	0.162480136540211	22.864011507082	1.06026117520268e-115	2.89981431417933e-113
IODOLM_04192	827.637794352424	4.0448855035764	0.179218602787955	22.5695627610832	8.62950129658472e-113	2.22133515728557e-110
IODOLM_01548	446.328434121485	4.92727782310206	0.219420068444793	22.4559123421374	1.12033431847499e-111	2.72365720980365e-109
IODOLM_00816	764.426669279351	4.58172491138157	0.207189513341493	22.1136911684806	2.33380186931467e-108	5.37511420006368e-106
IODOLM_03804	20313.2601773488	-4.41149593856584	0.200044660492962	-22.0525553028747	9.02796246269487e-108	1.97531818683764e-105
IODOLM_02029	447.383377935604	5.33425711248383	0.247634901112631	21.5408130619588	6.45636503508934e-103	1.345383494931e-100
IODOLM_00815	896.725548563163	3.84845623958421	0.17974983242085	21.41006858117	1.07654155275095e-101	2.04823731949486e-99
IODOLM_00904	608.107521778717	3.85513824202033	0.180054498073	21.4109521465958	1.05632400433475e-101	2.04823731949486e-99
IODOLM_01375	1339.77305085874	4.37600679257451	0.205538825360454	21.2904145233889	1.39290516479671e-100	2.53973041714601e-98
IODOLM_04381	2978.70148460078	2.8500343301764	0.134542177756876	21.183203495684	1.36431553690444e-99	2.38809791579754e-97
IODOLM_00292	2601.71240624679	3.08833116457458	0.147286772631679	20.9681501562778	1.28150590541865e-97	2.15687301619692e-95
IODOLM_03746	2523.14965354001	3.55724784029505	0.172777236546942	20.5886372035391	3.46992080257323e-94	5.62384201187424e-92
IODOLM_00439	1484.10799561035	-2.35437323456273	0.114865732455785	-20.4967415801662	2.30200935892736e-93	3.59771176952362e-91
IODOLM_02034	1689.91356136301	-4.26930011704505	0.208771442641626	-20.4496365164927	6.05245041867536e-93	9.13293897659427e-91
IODOLM_04029	28823.368164427	2.39653845846235	0.117387833326807	20.4155608851762	1.21627345548973e-92	1.77413754707436e-90
IODOLM_02369	1255.40877895376	2.7676985294609	0.135587934701645	20.4125723690025	1.29297415133483e-92	1.82517899556169e-90
IODOLM_00814	1676.68515324697	3.5681127892972	0.17582484344937	20.2935644320631	1.46573378023594e-91	2.00439094447265e-89
IODOLM_03116	1873.81657829096	-2.23723314545768	0.111882148210489	-19.9963370496664	5.92689011883817e-89	7.85941550304116e-87
IODOLM_03602	1456.25136782336	4.23332017486341	0.21410220992407	19.7724263395727	5.14414913040298e-87	6.6208225278363e-85
IODOLM_04028	14201.4356786612	2.47235645248792	0.125432333626891	19.7106789055057	1.7460865859684e-86	2.18310711434221e-84
IODOLM_01173	7307.69013012538	3.07305115686973	0.15600896086918	19.6979144002286	2.24686779269196e-86	2.73119262800557e-84
IODOLM_02894	6083.23466825498	-2.61412719495664	0.132963248693248	-19.6605243978924	4.69845391411439e-86	5.55687414274718e-84
IODOLM_00290	2491.55073939845	3.3116750877935	0.168725028648977	19.6276457281466	8.97793625359276e-86	1.03388023804531e-83
IODOLM_01059	1618.7119311709	3.77382384962859	0.192435812409879	19.6108188094975	1.25003237062466e-85	1.40260042406501e-83
IODOLM_00015	3266.70733243253	2.83694157917841	0.145840460118013	19.4523630608597	2.7830517239884e-84	3.0446585860433e-82
IODOLM_02358	1438.81942876657	3.87402851169159	0.199327916025071	19.4354538438275	3.86976753261228e-84	4.13026895675886e-82
IODOLM_01701	1782.73163907306	3.39994086266796	0.17500868866834	19.4272689461219	4.5387750381818e-84	4.72897132549608e-82
IODOLM_02292	9500.10109885487	2.93039687615606	0.150928797523646	19.4157571267799	5.67927590542676e-84	5.77965380515058e-82
IODOLM_00925	1554.17606454166	-2.63440879947685	0.13755965628802	-19.1510277836182	9.4895299412727e-82	9.43776886886576e-80
IODOLM_01380	585.00487835645	4.16138046771129	0.218597625429106	19.0367139603759	8.46764068195012e-81	8.23431013871416e-79
IODOLM_01991	3295.12728381587	-2.63461031626668	0.139885268548905	-18.8340798398339	3.96966534021574e-79	3.77635989756175e-77
IODOLM_02659	13492.0316603829	3.44645748413743	0.183891284289853	18.7418207309111	2.25768369135378e-78	2.10204762412003e-76
IODOLM_03365	15619.9564523228	3.10363550733735	0.16635272030067	18.6569567466511	1.10868170168907e-77	1.01074815137321e-75
IODOLM_03912	3672.85654276361	-1.99534458148933	0.107094093025315	-18.6316959705487	1.77799975466956e-77	1.58786263804776e-75
IODOLM_00261	1569.57165057842	3.9319589255867	0.212642511761815	18.4909352932727	2.44280618275151e-76	2.13794397114412e-74
IODOLM_02886	3569.78175864423	-2.55792189060111	0.138681595403847	-18.4445663691158	5.76597051216664e-76	4.94742881592965e-74
IODOLM_04363	360.750995913962	3.5139835397443	0.192701828156933	18.2353409583773	2.70561457142944e-74	2.27687872395678e-72
IODOLM_01696	5088.2293745225	2.25663022341031	0.125152953359758	18.0309785972331	1.11304212668695e-72	9.18994782336245e-71
IODOLM_04384	942.870992592157	-3.00567984291067	0.166741653795056	-18.0259687636598	1.21858795474695e-72	9.8750757221716e-71
IODOLM_03422	1144.62866995681	-2.28818117228783	0.127051307409349	-18.0098986696414	1.62926524908037e-72	1.2963026781774e-70
IODOLM_03747	2800.08028826773	4.11141851007757	0.231380123239365	17.7691084805252	1.22624068173366e-70	9.58219504154735e-69
IODOLM_01376	489.557994292829	4.83168754693424	0.272515931036429	17.7299269387974	2.4635423084484e-70	1.89130897224039e-68
IODOLM_02359	1755.8565208235	3.2300510824648	0.183403999108226	17.6116720364356	2.0043579640765e-69	1.51225352599978e-67
IODOLM_02361	515.256637470696	3.10855087571608	0.176562635451151	17.6059383559446	2.21801045384576e-69	1.64508707559814e-67
IODOLM_00910	2413.53719467345	2.71533014035866	0.154326244839696	17.5947399172394	2.70293748934262e-69	1.97134240889388e-67
IODOLM_00763	264.032433966558	4.11424426645456	0.234053745392623	17.5782030727727	3.61863982459647e-69	2.59592915941543e-67
IODOLM_00291	1347.88215583973	3.21714249601311	0.183754748840952	17.5078060093984	1.24916620770019e-68	8.81669568531618e-67
IODOLM_03883	1356.98957088976	2.67825802612575	0.15388120946934	17.4047113053096	7.59881168937924e-68	5.27815872265453e-66
IODOLM_02745	1551.22856119499	4.53871698132916	0.261429521199916	17.3611494237423	1.62438557454807e-67	1.11067363659725e-65
IODOLM_01057	1249.60800948137	2.887669397581	0.166502712331037	17.343077221708	2.22499624238115e-67	1.49793593179383e-65
IODOLM_02363	1101.59367973121	2.29629089493679	0.132871942984263	17.2819847694163	6.42968687917393e-67	4.26307723988865e-65
IODOLM_03267	3355.37744678157	-1.91268696812409	0.110893972875024	-17.2478892994452	1.16062504907871e-66	7.58044061905738e-65
IODOLM_00408	3327.23893363649	-1.89014618936939	0.109833331559059	-17.2092220325033	2.26453480566965e-66	1.45729475141329e-64
IODOLM_03366	27970.8401134266	3.21631573221754	0.188234998414086	17.0867041693393	1.86416465281441e-65	1.1822586261907e-63
IODOLM_00843	1239.41418840988	3.7118107939685	0.217395388710361	17.0740088646213	2.31727432521067e-65	1.44862749244599e-63
IODOLM_02670	16436.1828956215	2.31685733762204	0.13619755180995	17.0110057547508	6.80593069216431e-65	4.19475390266352e-63
IODOLM_03006	501.099436058588	3.01512900892247	0.177290323351412	17.00673196329	7.32092225966674e-65	4.44949386226412e-63
IODOLM_03259	6033.78653321303	-1.80326480658123	0.106770901658816	-16.8891034782446	5.41191070572328e-64	3.24418099291028e-62
IODOLM_04022	801.847995752405	-2.32200075763349	0.138418220532098	-16.775253638628	3.70274659607808e-63	2.18962420330239e-61
IODOLM_00397	2887.77064697971	3.47796844410468	0.207410884334303	16.7684953239914	4.14882272051964e-63	2.42069976333253e-61
IODOLM_03730	1031.53640458796	2.32002298952001	0.138555860558952	16.7443151098823	6.23034071547288e-63	3.58736460143544e-61
IODOLM_00416	5374.61899401616	2.87904841992182	0.17279461010439	16.6616795407132	2.48934626337835e-62	1.41472457773294e-60
IODOLM_02368	1554.21480053613	2.05057464421623	0.125067531460138	16.395739327995	2.0512978415702e-60	1.15083068650144e-58
IODOLM_03098	3430.02118673751	1.83318535897392	0.11309476529661	16.2092856744172	4.33578791778598e-59	2.40169720610525e-57
IODOLM_01935	4095.22315018332	-1.80409107605353	0.111393739191458	-16.1956236423015	5.41459837945619e-59	2.96178531356254e-57
IODOLM_01026	269.589364922622	3.7022187546609	0.228922757374574	16.1723491238713	7.9026689325347e-59	4.26939249984838e-57
IODOLM_00268	981.516988108188	3.20401191405947	0.199748720760873	16.0402124321743	6.69250425704589e-58	3.57151202790644e-56
IODOLM_03117	2626.17971551199	-2.73947169750857	0.17117156139191	-16.0042455372382	1.19351235820466e-57	6.29254226446215e-56
IODOLM_02399	1374.988465198	-2.01660276285509	0.126097865801495	-15.9923623610701	1.44447837304599e-57	7.52504447672532e-56
IODOLM_03505	337.498544824042	2.69702395173978	0.168784403180316	15.9791064868624	1.78688882055222e-57	9.19932409263118e-56
IODOLM_00875	5419.41527837507	-2.47721767230731	0.155341373700932	-15.9469278099505	2.99260754910908e-57	1.52275007382573e-55
IODOLM_03367	12504.8370669496	3.03339964180332	0.190795015383471	15.8987363255095	6.46558283880478e-57	3.25211385087468e-55
IODOLM_02082	992.917988034688	-1.98515932952121	0.125479948061874	-15.8205303730469	2.24592730595164e-56	1.11683839668686e-54
IODOLM_02540	1968.12444237586	2.42091806991147	0.153389778706241	15.782786117371	4.08740455569532e-56	2.00971711637334e-54
IODOLM_02450	619.936534026867	2.20424387558827	0.139749164466003	15.7728590651037	4.7834482447989e-56	2.32581883547111e-54
IODOLM_02103	319.054702732264	2.91860953105304	0.185896765082454	15.7001630972895	1.50853727660485e-55	7.25424079387123e-54
IODOLM_01043	879.945583287181	3.31071227837868	0.211138319112708	15.6803004413963	2.06276230311284e-55	9.81157373741497e-54
IODOLM_02050	759.187490374986	3.46586050948674	0.221152026102103	15.6718460625208	2.35634687572086e-55	1.10874988474779e-53
IODOLM_01052	1600.81833872664	2.15593621347349	0.137976506532884	15.6253862896555	4.88949395100525e-55	2.27621548187223e-53
IODOLM_03118	1247.23686974831	-2.58041874786253	0.16520579314881	-15.6194204735799	5.36914138905633e-55	2.47319607563268e-53
IODOLM_02366	752.189850028956	2.31789390997649	0.148562538551423	15.6021425897632	7.03914817100966e-55	3.20867837461857e-53
IODOLM_04063	2340.21639873425	-1.78154708227475	0.114246945215218	-15.5938268539143	8.01828628526881e-55	3.61732173034395e-53
IODOLM_01339	1310.54533558598	5.23561729380953	0.337411998438564	15.5169861120479	2.66266741525447e-54	1.18896251113812e-52
IODOLM_01167	1006.42495108677	2.41579815293038	0.156708426502961	15.4158790745355	1.28016907816399e-53	5.65860594550061e-52
IODOLM_01451	284.855185165616	2.75219329651978	0.178872094016809	15.3863760115715	2.02035334328567e-53	8.84106623021811e-52
IODOLM_01812	1124.56928329502	2.45371513974902	0.159675443866954	15.3668909904113	2.72956739339135e-53	1.18263236767134e-51
IODOLM_00924	2109.96935622147	-2.30762050794532	0.150321909564162	-15.3511920826176	3.47737239648019e-53	1.49186094186248e-51
IODOLM_00813	1879.68008273004	3.12602274697751	0.204276577848298	15.3028936547928	7.31314886519638e-53	3.10702324602906e-51
IODOLM_03984	2082.57818710167	2.90500250422206	0.189886622390754	15.2986159195778	7.80999058002419e-53	3.28620372867172e-51
IODOLM_01707	1201.47286990956	2.28162282739118	0.150143304214185	15.1963008895579	3.74161235878763e-52	1.55936149352902e-50
IODOLM_01025	374.696078487277	4.35572713775383	0.288762933302651	15.084093681749	2.06085047238104e-51	8.50781289352776e-50
IODOLM_01546	615.350786476136	2.52210601858244	0.167275658987997	15.0775434623361	2.27580087123367e-51	9.30738748833509e-50
IODOLM_02357	1883.70410995521	3.24314104492605	0.215379056588331	15.0578291886796	3.06693169694287e-51	1.24267528757611e-49
IODOLM_03720	161.737865128455	4.26764327123651	0.283464312463376	15.0553106108829	3.18599482550232e-51	1.27907461985304e-49
IODOLM_03473	484.804103907839	2.39832706722999	0.159370027258324	15.0487962416077	3.51573382258946e-51	1.39862283705922e-49
IODOLM_02318	372.881184288522	-3.34304877639783	0.222215651985897	-15.0441642905064	3.77065231632543e-51	1.4865202284901e-49
IODOLM_03945	1313.79074366426	1.83879289878658	0.123008461194984	14.9485074516285	1.59279160228704e-50	6.22326433179292e-49
IODOLM_02942	189.46758236647	3.39033046644874	0.227993916630146	14.8702672271233	5.1407734982214e-50	1.99079865736432e-48
IODOLM_02105	394.516149890251	3.40221850064434	0.22940018454743	14.830931837986	9.24407600615223e-50	3.54842777218615e-48
IODOLM_00766	327.64464445323	2.64329702548767	0.178705181703882	14.7913843363963	1.66493890652659e-49	6.33545448257421e-48
IODOLM_03373	19220.6436613725	2.74035922245096	0.185396336600729	14.781086146015	1.94012060137218e-49	7.31893771690056e-48
IODOLM_03453	959.95076923323	2.2845919875096	0.154649270137005	14.7727304854763	2.19631587854177e-49	8.21459682435793e-48
IODOLM_00811	421.016472460605	2.37156086113192	0.160852296918077	14.7437177247134	3.37672532742035e-49	1.25225000277894e-47
IODOLM_03364	6274.41148514471	2.6886189206752	0.182733564042931	14.7133283081128	5.29383178911097e-49	1.94670654698736e-47
IODOLM_02895	1914.15006349879	-1.92195588441432	0.130643402535404	-14.711465310263	5.44162090482786e-49	1.98437775662723e-47
IODOLM_00878	1515.62048264381	2.04140674576467	0.139028230194967	14.6833973424094	8.23584888741705e-49	2.97851857283777e-47
IODOLM_01623	289.37267245867	2.61785073558683	0.178464419740955	14.6687543622796	1.02204091334402e-48	3.66594347278149e-47
IODOLM_01058	789.936780509939	2.53302442713312	0.172707547341797	14.6665531768576	1.05573420758503e-48	3.7560104816196e-47
IODOLM_01209	529.848209214047	3.83086474836972	0.261268981908047	14.6625317724014	1.12016976090803e-48	3.95311522075286e-47
IODOLM_03946	5457.40859298284	1.68846584858913	0.115552070543679	14.6121643744227	2.3493413398889e-48	8.22457416268307e-47
IODOLM_03333	1611.55877721698	-1.9114925166707	0.130868488207283	-14.6062092017375	2.56392461372175e-48	8.90455088067173e-47
IODOLM_02287	1950.55405108556	2.61135137102181	0.179076285822313	14.582340475907	3.63826295966338e-48	1.25362509539267e-46
IODOLM_02818	580.033181328417	2.84906367661221	0.195449708796682	14.5769655741773	3.93627887508371e-48	1.34571534041924e-46
IODOLM_01377	483.921320326301	2.35579219637513	0.161731301509964	14.5660869255418	4.61584080100209e-48	1.56580770117714e-46
IODOLM_00960	1709.25560194205	-2.09435621547364	0.143984332535231	-14.5457229866394	6.21705119728996e-48	2.0927550799493e-46
IODOLM_02362	430.273092532416	2.45270446335497	0.168641948699442	14.5438574581834	6.38886420189829e-48	2.13417326316847e-46
IODOLM_03158	1751.63898713984	-1.90726561921101	0.131561944876303	-14.4970920048671	1.26392101446588e-47	4.19008966613839e-46
IODOLM_00991	40770.6097417249	-3.11054307235779	0.215000774998215	-14.4675900465178	1.9415649994848e-47	6.38818679529735e-46
IODOLM_00217	3269.6961852505	-1.65477292203266	0.114659764959826	-14.432027857483	3.25372092809809e-47	1.0625584165192e-45
IODOLM_04198	1288.58779233418	-1.84198254530335	0.127794059238717	-14.4136789791031	4.24483388365837e-47	1.37595504258437e-45
IODOLM_02181	688.816050713125	-1.86405196496813	0.129366283783016	-14.4091018962458	4.53570001197359e-47	1.45942818032327e-45
IODOLM_02609	10691.4381420255	-2.20260973403915	0.153343769703159	-14.363868439539	8.72196341776989e-47	2.78593517636212e-45
IODOLM_00300	386.910276318014	-2.14957934790241	0.149737940849271	-14.3556091108947	9.82584246840315e-47	3.11578888708204e-45
IODOLM_01664	472.84210882613	2.95344497035927	0.205943205459686	14.3410653620102	1.21180795892507e-46	3.81501555989648e-45
IODOLM_02674	14148.1409944541	-3.11401219057513	0.217962724659155	-14.2869024758465	2.64097445165905e-46	8.25493157175713e-45
IODOLM_00276	374.662073106487	4.14016991090873	0.290254967159589	14.263907182792	3.67300627709217e-46	1.13404001542056e-44
IODOLM_02253	1444.42843576557	2.221730433095	0.155760330346057	14.2637758160817	3.67992875205027e-46	1.13404001542056e-44
IODOLM_01708	1294.89674360265	2.12754627955496	0.149176422865909	14.2619472881942	3.77764350090707e-46	1.14834178016672e-44
IODOLM_03161	1466.53425383738	2.3686819130369	0.166084299537569	14.2619255380072	3.77882121444257e-46	1.14834178016672e-44
IODOLM_02608	9433.23792241073	-2.03753579325686	0.142980424018364	-14.2504528661571	4.45383584536197e-46	1.34413694202096e-44
IODOLM_01530	441.035739141559	4.70710953524033	0.333690582603071	14.1062103057295	3.47771064659517e-45	1.04236039654113e-43
IODOLM_00748	631.239984689059	2.41574955231265	0.171425016718957	14.0921646008829	4.24352236034329e-45	1.263241758426e-43
IODOLM_02217	331.891664137202	2.49330994946288	0.177280297128405	14.0642247889339	6.30095279451199e-45	1.86303847491787e-43
IODOLM_03368	8563.41251213023	3.02886536037457	0.215517245482862	14.0539350045443	7.28698901367338e-45	2.14012509555938e-43
IODOLM_01993	3167.90518158252	-1.58756094578673	0.113047098179326	-14.0433586651503	8.46059144847583e-45	2.46823654523535e-43
IODOLM_01364	655.212321433061	2.09289680796642	0.149509805890811	13.9983915803817	1.5943835875137e-44	4.60211268803109e-43
IODOLM_01532	6195.81360392055	1.86130061402047	0.132967077655575	13.9982065247895	1.59854005617168e-44	4.60211268803109e-43
IODOLM_00098	3105.39935679258	1.99953749477653	0.14287375581518	13.9951349593071	1.66912527706384e-44	4.77391647871332e-43
IODOLM_01569	486.705152781409	2.40905595547316	0.172437626087857	13.9705933683276	2.35655084759132e-44	6.69627695393483e-43
IODOLM_00842	363.275072466633	3.27716598325079	0.234698679022639	13.9632911309853	2.61093022821965e-44	7.37124559915433e-43
IODOLM_01038	1301.86829748076	2.11319782501878	0.151436309297842	13.9543669204364	2.95917649992821e-44	8.30086946390118e-43
IODOLM_01399	1464.96533057103	2.35576254912427	0.169849523857374	13.8697035801081	9.66754801297512e-44	2.69459809584581e-42
IODOLM_01190	195.633271361379	4.35084865384591	0.314202134183152	13.8472918561073	1.32099231600571e-43	3.65864707268417e-42
IODOLM_03571	1259.68653640685	2.4490576733899	0.177426642330684	13.8032126473171	2.43743238078735e-43	6.70830446435564e-42
IODOLM_04103	253.111627592884	2.67040300022588	0.193775611081053	13.780903516846	3.32089712215358e-43	9.08265362909005e-42
IODOLM_03160	3010.85595354961	2.31692580584428	0.168305441676131	13.766196640883	4.07087371221427e-43	1.10646853196582e-41
IODOLM_00984	816.153936437883	2.20242802528674	0.160044071281477	13.7613846464405	4.35112724022564e-43	1.17534153106342e-41
IODOLM_01333	237.023820873623	3.12357947104608	0.227032840405389	13.7582715587253	4.54257673834213e-43	1.21952857711566e-41
IODOLM_02138	2532.002021417	-1.60767525946284	0.116908638683741	-13.7515523024086	4.9848367748142e-43	1.33010034918213e-41
IODOLM_00913	171.319919264643	3.25990575548221	0.237571749967549	13.7217735523163	7.52030542347602e-43	1.9944761535231e-41
IODOLM_01596	379.697148423508	2.37398587825699	0.1732508396922	13.7025937794856	9.79613149078914e-43	2.58240189178875e-41
IODOLM_03294	3967.21042155733	2.10961813566112	0.154517372309639	13.6529511480019	1.93865556720762e-42	5.07997410904225e-41
IODOLM_02877	465.807372975346	2.32087189681441	0.170130884835059	13.6416847479779	2.26272032516311e-42	5.89384770411533e-41
IODOLM_03370	10901.3891253217	2.50720972793553	0.184146084408451	13.6153301113606	3.24675370923437e-42	8.40697883527195e-41
IODOLM_03454	2535.96343703569	2.09539184088848	0.154041922471446	13.6027375357958	3.85720953096821e-42	9.92891112206877e-41
IODOLM_02172	3927.47293424111	2.14467922066213	0.157783474657915	13.5925465281579	4.43380995371744e-42	1.13464048874079e-40
IODOLM_00902	811.579956598617	1.84981167939268	0.136132659452737	13.5883019315795	4.6985509188265e-42	1.19539876865028e-40
IODOLM_00834	344.767975417205	2.52225368369938	0.185724125426487	13.5806464448677	5.21639998530946e-42	1.31947782287365e-40
IODOLM_01649	175.370705117374	2.81844675846817	0.207988822437283	13.5509530052657	7.82081243313678e-42	1.96688937973601e-40
IODOLM_01502	424.905496154665	3.23819707695952	0.239379261239371	13.5274754387408	1.07657722239036e-41	2.69205824296011e-40
IODOLM_00354	781.508319089987	-2.31481238566838	0.171156476853179	-13.5245386457333	1.1204435835418e-41	2.7858301827153e-40
IODOLM_04066	541.397964575006	-1.80651052594233	0.133626596710222	-13.5190940308078	1.20652474083279e-41	2.98291088468038e-40
IODOLM_04405	326.954723560599	-2.05824830714493	0.152957608553782	-13.4563316372799	2.82601828844802e-41	6.94755956755535e-40
IODOLM_00185	12198.6612647912	-2.6557947570279	0.197439766939414	-13.4511643636757	3.03062205871563e-41	7.40893973683776e-40
IODOLM_02188	2183.5747718353	-1.51054181316688	0.112342619695458	-13.4458482209308	3.256500389377e-41	7.9169142799521e-40
IODOLM_02460	1165.85982729442	-2.06379335394537	0.153532529169756	-13.4420592502811	3.42763549529424e-41	8.28692426928595e-40
IODOLM_00364	2413.22603040014	-1.5823461894322	0.117757240024363	-13.4373579841445	3.6524579227934e-41	8.78195377480436e-40
IODOLM_01545	238.301204745178	2.61853616957101	0.19496635478163	13.4307079419106	3.99573245744946e-41	9.55482253213051e-40
IODOLM_00216	2814.15624675263	-1.4937783324495	0.111408567258363	-13.4081100691776	5.42025449466785e-41	1.28907791677535e-39
IODOLM_00206	166.514452550779	3.74421654127443	0.2795636080892	13.3930756111853	6.63741900051271e-41	1.57001867817533e-39
IODOLM_00893	477.978609079544	3.69848441760326	0.277072118105002	13.3484539797745	1.20932742005731e-40	2.84517031729613e-39
IODOLM_00375	5225.53941074029	1.87755411760919	0.14075876441395	13.3388078918311	1.37642999718339e-40	3.22099340517355e-39
IODOLM_03915	1514.3704593365	-1.50965769530949	0.113262331703607	-13.3288594063212	1.57283949531948e-40	3.66103491038195e-39
IODOLM_00538	1151.18346953145	1.82234328508005	0.136862102670503	13.3151781941226	1.88921169661921e-40	4.37417480656385e-39
IODOLM_01547	1454.51575410616	3.0213870122982	0.227173324446311	13.2999198724684	2.31716511975093e-40	5.3367971389632e-39
IODOLM_02367	2660.6694551102	2.0563680023357	0.154623849522071	13.299164447734	2.3406940464867e-40	5.36276290441142e-39
IODOLM_01366	410.366551309524	2.40516874779695	0.181141368845491	13.2778545460176	3.11182783812707e-40	7.09237428106462e-39
IODOLM_03150	666.724464483599	-1.75391543197913	0.132400004957657	-13.247094911666	4.69009483708235e-40	1.06341217653225e-38
IODOLM_01216	1663.14396700689	-1.63345411111351	0.123331104393238	-13.2444618829106	4.85750969087062e-40	1.09569393851803e-38
IODOLM_00526	5436.70328054274	1.64454954330513	0.124272153434333	13.233451725564	5.62438333774429e-40	1.26216930697277e-38
IODOLM_03163	1012.21131978293	2.1183267457073	0.16056676521306	13.1928095013712	9.65198854627224e-40	2.15495417747384e-38
IODOLM_00777	1568.01411029556	-1.63977517781293	0.124355777381397	-13.1861600027136	1.05419858643249e-39	2.34171218996373e-38
IODOLM_02581	2314.63968951472	-1.66782290051735	0.126856613802304	-13.1473074247159	1.76342882331003e-39	3.89735582363872e-38
IODOLM_04362	105.72515474698	4.2695219163605	0.32509082713527	13.1333201677325	2.12147058775229e-39	4.66510316181108e-38
IODOLM_03166	346.944659355268	2.550249230784	0.194406326501768	13.1181390887545	2.5922229684616e-39	5.67178385499397e-38
IODOLM_01486	135.364803811007	3.55847667700186	0.271819106380185	13.0913412393636	3.69033189424234e-39	8.0342748105495e-38
IODOLM_02106	532.00937588663	2.90810018705046	0.223173280442464	13.0306826215255	8.18718944096026e-39	1.77362084126941e-37
IODOLM_04213	1437.07150351818	-1.71963527122913	0.132458971429027	-12.9823994001836	1.53980049741869e-38	3.31929407719419e-37
IODOLM_03884	809.167223174511	1.76932277227045	0.136672579602329	12.9457040865005	2.48474646532508e-38	5.33002477071694e-37
IODOLM_00751	1496.52324385945	-1.90026311473251	0.146942859856825	-12.9319867367768	2.97042535912538e-38	6.34077140074765e-37
IODOLM_03152	3193.96152334519	-2.319930808604	0.179987759431215	-12.8893810108826	5.16567509850319e-38	1.09732981704126e-36
IODOLM_03133	1324.28025823751	1.65520019229031	0.128423021387857	12.8886563670804	5.21443797809437e-38	1.10233722667348e-36
IODOLM_03271	115.865083559676	3.61012560008819	0.280990108616868	12.8478743179199	8.84062495138302e-38	1.85993148015635e-36
IODOLM_00753	1489.93617282101	-1.46264084755081	0.11387323311693	-12.8444657933696	9.23874697354101e-38	1.93439027541701e-36
IODOLM_03983	6194.94084124142	2.4093437510142	0.187662014842446	12.8387396513727	9.94808194052059e-38	2.07299078912943e-36
IODOLM_01420	993.850577838132	2.26732732388246	0.176825861517609	12.8223739696395	1.22879738760072e-37	2.54844425030367e-36
IODOLM_03102	1522.24861618182	-1.50116454528206	0.117369700986279	-12.7900517140922	1.86349864388164e-37	3.84654248378588e-36
IODOLM_03087	311.49066234048	2.1395711437642	0.167565054767166	12.7685999132526	2.4553122509838e-37	5.04434103770193e-36
IODOLM_01899	2796.34811840812	-1.44140452226215	0.113351933520733	-12.7161882245133	4.80745742648445e-37	9.83057649453083e-36
IODOLM_00341	719.143521544355	-1.69916991469855	0.133800968141573	-12.6992348284108	5.97106485783585e-37	1.21531999152975e-35
IODOLM_01559	6111.90557094516	3.42108544322837	0.269764605477531	12.6817431707634	7.46529306182618e-37	1.51241307585886e-35
IODOLM_02400	1818.08054700241	-2.64517869908521	0.208662563173937	-12.6768245287979	7.94873495567992e-37	1.60293383253711e-35
IODOLM_01076	858.597319440005	-2.00193131543147	0.157967836957384	-12.6730311308343	8.34272169151601e-37	1.67466743679239e-35
IODOLM_02989	3705.92159834981	1.7722823823732	0.14031926819393	12.6303565090134	1.4362604323068e-36	2.86989755788792e-35
IODOLM_00903	614.159157728799	1.84761024705797	0.146461142670301	12.6150200208196	1.74513291842061e-36	3.47122802318571e-35
IODOLM_00448	5155.15525138771	-1.67319058335212	0.132902874750255	-12.5895740516998	2.40970149037903e-36	4.77142702348355e-35
IODOLM_01556	1758.84653931079	-2.57561769021789	0.20496423630609	-12.5661809915536	3.24000534121298e-36	6.38660512303964e-35
IODOLM_00850	15582.0810501293	1.79251230232724	0.142695870785921	12.561767151738	3.42594497993417e-36	6.72284091129682e-35
IODOLM_00579	1595.54080347453	-1.425204564676	0.113575312352982	-12.5485418895137	4.04897176781734e-36	7.90995556070031e-35
IODOLM_01199	1127.72599440719	-1.57442603017705	0.125479861427134	-12.5472407466064	4.11604183179213e-36	8.00524402485439e-35
IODOLM_01822	2280.45003179202	2.02748819144172	0.161812629524898	12.5298513311024	5.12586728953368e-36	9.92513064557495e-35
IODOLM_02401	1792.27169259512	-1.78721246544195	0.142790096821311	-12.5163614650285	6.07570872770389e-36	1.17124675737587e-34
IODOLM_01531	479.426577329809	2.36501416013523	0.189149583115096	12.503406675214	7.15194464651301e-36	1.37267148127811e-34
IODOLM_00376	3478.9738770003	1.67753806857617	0.134536552858127	12.4690133122794	1.10181873904863e-35	2.10548419304664e-34
IODOLM_02688	831.389542489821	-1.55790890302562	0.124988354006397	-12.4644325098151	1.16699569913019e-35	2.22033616495378e-34
IODOLM_00427	2914.25164008345	-1.77811538896721	0.14288526839562	-12.4443576929427	1.50086872693418e-35	2.84320413379394e-34
IODOLM_01891	1220.63396205131	-1.54291656178809	0.124080469808453	-12.4348059301351	1.69151108247869e-35	3.19053986936498e-34
IODOLM_01830	190.002748710853	2.59752274162955	0.209809175521208	12.3804058386712	3.33651344868036e-35	6.26634457142715e-34
IODOLM_03452	1037.24075610061	1.64244943078204	0.133572033312126	12.2963571793808	9.47518345186408e-35	1.77194028997253e-33
IODOLM_00539	783.288521230637	1.94694126227117	0.158352401633358	12.2949904276099	9.63681807981101e-35	1.79449854967034e-33
IODOLM_00837	1270.48261862896	-1.47723560482694	0.120242982041197	-12.2854205688347	1.08479398165629e-34	2.01146545073216e-33
IODOLM_03090	311.737602231432	-1.9500193712731	0.15905483226414	-12.2600448129406	1.48417791623888e-34	2.74040614407651e-33
IODOLM_03036	1767.63520144894	-1.64805010219284	0.135292026176358	-12.1814281947744	3.90385167336713e-34	7.17783820279604e-33
IODOLM_03018	874.874269594989	-1.52813928277484	0.125492887749151	-12.1770987199646	4.11666894936782e-34	7.53746582528601e-33
IODOLM_00852	1309.02504804859	2.30869604218296	0.189744580375625	12.1673885895058	4.63680572663556e-34	8.4544424415655e-33
IODOLM_04382	750.15738431007	2.38914102246933	0.196446602161267	12.1617833863476	4.96625203161377e-34	9.01755970553604e-33
IODOLM_04021	1103.57945062899	-1.47771815034402	0.121699583005951	-12.1423435795319	6.29954840977205e-34	1.13912495211415e-32
IODOLM_02880	1113.62231688194	-1.84997624782102	0.152393108265284	-12.1395007220445	6.52227956821797e-34	1.17454713541242e-32
IODOLM_00101	3765.96034924137	1.95684291358736	0.16128387672827	12.1329109473493	7.06911046734412e-34	1.26780440184827e-32
IODOLM_00383	10083.9027105219	1.48898456783778	0.122778120012059	12.127442313757	7.55730802088369e-34	1.34982775099539e-32
IODOLM_02849	923.612443368819	-1.53075194939236	0.12626366855886	-12.1234553602312	7.93420473680239e-34	1.41138536293688e-32
IODOLM_00865	620.660557932266	-1.93721722752276	0.159901698823632	-12.1150509455154	8.79094923196927e-34	1.55745724044929e-32
IODOLM_02978	7965.31138779572	-1.23093142683611	0.101699269936477	-12.1036407400463	1.01029014027221e-33	1.78267324751258e-32
IODOLM_01154	1034.87686724056	-1.46387297958507	0.120979106351754	-12.1002131998625	1.05337245490607e-33	1.85122805729678e-32
IODOLM_03258	1851.25618647404	-1.37243803799294	0.113532741018057	-12.0884779640321	1.2151704429103e-33	2.12703434327019e-32
IODOLM_03103	17394.6242528836	-1.8353354599432	0.151913884042206	-12.0814201513885	1.32412774270918e-33	2.30851912434078e-32
IODOLM_03369	28621.7424554535	2.85585579417724	0.237554881553715	12.0218779572058	2.72702250149847e-33	4.73549621688782e-32
IODOLM_00643	1295.19379291899	2.15698321030143	0.179695703556947	12.0035324585146	3.40449334078903e-33	5.8885623949774e-32
IODOLM_04203	465.81150769691	2.23874683292214	0.186703461755185	11.9909229956202	3.96462644572811e-33	6.83039579783709e-32
IODOLM_01540	126.272822620367	2.82011218374286	0.235279795957576	11.9862063474901	4.19689772024192e-33	7.20220565638379e-32
IODOLM_01492	3736.49802772956	-1.2667021858359	0.105912429407588	-11.9599011458909	5.76304860718814e-33	9.85121121291222e-32
IODOLM_02364	3763.1070282297	1.99414662417099	0.167148123243478	11.9304158818834	8.21619906473319e-33	1.39899171623628e-31
IODOLM_03606	1438.14745571856	-1.47066846706563	0.123486211396782	-11.9095763845254	1.05511929049897e-32	1.78961318419516e-31
IODOLM_00374	1275.59883999576	1.75938036821997	0.1478304366232	11.901340538582	1.16461165818506e-32	1.96769907962077e-31
IODOLM_02266	2879.29065927916	-1.29938425086913	0.109190939512891	-11.9001105464042	1.1819048706047e-32	1.98923681298699e-31
IODOLM_02602	1464.80527381105	1.64949593612625	0.138665385880256	11.8955132577258	1.24882889974871e-32	2.0938219407281e-31
IODOLM_01072	417.172786574531	1.810220038191	0.152244251678347	11.8902357115954	1.33030617005429e-32	2.22191595425862e-31
IODOLM_00765	413.728880432392	2.1803345254982	0.183528925908828	11.8800593132732	1.50260704166167e-32	2.50015529061273e-31
IODOLM_04283	987.536389093362	-1.65092668962997	0.138994209607573	-11.8776652228254	1.54626056858614e-32	2.56304403338369e-31
IODOLM_00032	1236.05895695744	1.76377746139189	0.148543542563286	11.8738077129165	1.6192622147582e-32	2.67392130255921e-31
IODOLM_00953	1296.36841372485	-1.35912397410225	0.114538533691293	-11.866084978575	1.77585279146117e-32	2.92147812610303e-31
IODOLM_03164	353.725644433207	2.11386162961722	0.17817985963238	11.8636395492652	1.82850503628233e-32	2.99683072613164e-31
IODOLM_01981	1766.56477603677	2.07982230059887	0.175413908494787	11.8566556007198	1.98756474310503e-32	3.2453669088909e-31
IODOLM_01198	860.099489686668	1.91687113339801	0.161743464780181	11.8513050032849	2.11865443600523e-32	3.44655457693639e-31
IODOLM_04031	20813.4871295324	1.68153712956188	0.142333717496617	11.814046307066	3.30275378998757e-32	5.35290762406874e-31
IODOLM_02657	632.021443094854	-1.67116262226145	0.141506057902777	-11.8098309502032	3.47258776630825e-32	5.60739633408299e-31
IODOLM_00404	1177.30851375043	1.78487349484454	0.151206369920439	11.8042215799751	3.71210297448334e-32	5.9721186089482e-31
IODOLM_00646	776.961571115812	1.98038732889027	0.167827768378934	11.8001171559333	3.89768430463079e-32	6.24771667291734e-31
IODOLM_01429	205.855122619109	-2.3773432829247	0.201517342308168	-11.7972143523468	4.03446794114833e-32	6.44336923739601e-31
IODOLM_02743	2293.66337600101	-1.56338895343101	0.132536095032039	-11.7959485154069	4.0955982380044e-32	6.51721377800264e-31
IODOLM_02885	3470.92255479438	-1.75921809150999	0.149233706266085	-11.7883428317011	4.48274752745397e-32	7.10742868845601e-31
IODOLM_00645	1138.16094408549	1.89898602252912	0.161683758945203	11.7450635420514	7.48662063563542e-32	1.18272389536248e-30
IODOLM_04288	2030.29233654807	-1.48125517941329	0.126244374785578	-11.7332370802989	8.61016468112856e-32	1.35532664189275e-30
IODOLM_02689	4217.03751269394	1.53570905806867	0.130952575042678	11.7272154256468	9.24501934758499e-32	1.45004317795813e-30
IODOLM_01189	156.952076395274	2.4711283997172	0.210739659601451	11.7259769916616	9.38123764036707e-32	1.4661534255088e-30
IODOLM_01095	149.375703011896	2.58980895481603	0.221589122089325	11.6874372279522	1.47778754148356e-31	2.30135170161283e-30
IODOLM_01667	163.846181200214	3.35501931940497	0.288747783104759	11.6192037332032	3.29190006288916e-31	5.10828179971736e-30
IODOLM_01715	417.342083037668	2.55678795496851	0.220122471047005	11.6152973515481	3.44587474078892e-31	5.32832080059799e-30
IODOLM_03168	793.849901618457	-1.7871823973523	0.154031084648272	-11.6027385084856	3.99099251754134e-31	6.14950114674679e-30
IODOLM_01665	255.353975442563	1.99307871719005	0.171829326163597	11.5991767045194	4.1606150541739e-31	6.38836893932104e-30
IODOLM_01064	168.161367263675	3.27606430781404	0.282810399593942	11.5839598279193	4.96962448249457e-31	7.60387298440428e-30
IODOLM_01000	1281.6987249632	-1.33062048645913	0.114903449315829	-11.5803354414689	5.18427957269824e-31	7.90467157147299e-30
IODOLM_02729	601.807023239559	1.62925173648189	0.141076758484439	11.5486899045926	7.49542672695041e-31	1.13888844990052e-29
IODOLM_03083	2590.76337182196	-1.32678167764383	0.114947035400207	-11.542548035488	8.05045823220787e-31	1.21898980014331e-29
IODOLM_03689	825.697695610856	-1.58955177871656	0.137964848106791	-11.5214259322503	1.02893962975157e-30	1.55263442061824e-29
IODOLM_01354	2440.84017180071	1.35726825630765	0.117905732071138	11.5114696500823	1.15493232172604e-30	1.73676420614197e-29
IODOLM_00372	2528.38213441458	1.48768947754829	0.12927264490074	11.5081537837381	1.20020291738866e-30	1.79866026249753e-29
IODOLM_01516	103.069531414483	-3.48496004325562	0.303608993445637	-11.478447998872	1.69292034766104e-30	2.52840253971492e-29
IODOLM_03077	735.74541554918	1.60820516959337	0.140314282531694	11.4614502570692	2.06035543161575e-30	3.06670590773828e-29
IODOLM_03336	2219.77631704493	-1.42878222046634	0.125067330250519	-11.4241042613158	3.16906341172681e-30	4.70095643719204e-29
IODOLM_01930	540.314881251163	1.85531169695367	0.162544140287042	11.4142022817759	3.55147366219231e-30	5.25042187356539e-29
IODOLM_01166	813.173937954275	1.82925351372181	0.160375440620605	11.4060700730932	3.89952366823997e-30	5.74556079872664e-29
IODOLM_02788	156.860555681812	2.39025992102685	0.210009356057554	11.3816830159309	5.15943007154147e-30	7.57639798425015e-29
IODOLM_02293	4195.29137463085	-1.19693754330821	0.105167848134276	-11.3812116967534	5.18739275559803e-30	7.591983511203e-29
IODOLM_03291	2751.19033486303	-1.65542871313623	0.145555107014044	-11.3732094125457	5.68577689393453e-30	8.29365322928583e-29
IODOLM_03449	1747.4860623703	-1.89116499535405	0.166461685553866	-11.3609626687463	6.54197355049607e-30	9.51085589932585e-29
IODOLM_00024	3350.18089639913	-1.21995674329577	0.107451769688756	-11.3535286280485	7.12289254505831e-30	1.03211184692633e-28
IODOLM_00403	776.030287188309	2.44378476498778	0.215439933952498	11.3432301994977	8.01310461965002e-30	1.15727213912833e-28
IODOLM_03863	1516.66794767777	-1.41625802692845	0.125018228929089	-11.3284121768495	9.49096528863704e-30	1.36619947707486e-28
IODOLM_01077	281.143990390539	-2.44563394405221	0.21601039917823	-11.3218342883313	1.02308515980123e-29	1.46787562599678e-28
IODOLM_01849	1696.21033474472	-1.36936677692545	0.120958652176332	-11.3209493681296	1.03346604573183e-29	1.47792399219689e-28
IODOLM_04018	473.745757662023	-1.57878409427738	0.139631016280286	-11.3068295020373	1.21397255179493e-29	1.73040517480607e-28
IODOLM_00093	16897.2866457213	1.49022781032194	0.131941731569395	11.2945903664919	1.39553200960685e-29	1.98274288118168e-28
IODOLM_00818	797.423347944112	-1.84282263032057	0.163192671524731	-11.2923124127011	1.43218368494457e-29	2.02823165220629e-28
IODOLM_01871	173.771408703395	2.27323290642436	0.201318066512692	11.2917481565473	1.44140905303702e-29	2.03471161809355e-28
IODOLM_02755	479.222286324645	1.61624085891353	0.143369062006458	11.2732889250592	1.77801772660696e-29	2.50180243460838e-28
IODOLM_03660	1174.92116725154	-1.87000865312565	0.165950070558513	-11.2685017055554	1.87737337776248e-29	2.63313650675917e-28
IODOLM_04030	27692.6230543055	1.46937789321374	0.130580657190379	11.2526458728989	2.24747224255639e-29	3.14215288607884e-28
IODOLM_02187	206.108756279444	3.4360532647645	0.30549492225104	11.2474971415104	2.38257165914829e-29	3.32042470714424e-28
IODOLM_02311	1886.35889474439	-1.80800698786288	0.160953230621655	-11.2331202106336	2.8039836444295e-29	3.89531188191222e-28
IODOLM_02973	1976.78416579185	-1.18792752464328	0.105872631107301	-11.2203457325937	3.24001277949474e-29	4.48680250730031e-28
IODOLM_04096	950.145862775842	-1.30749224319715	0.116646069097406	-11.2090553356352	3.68100950616702e-29	5.08141880094224e-28
IODOLM_02686	5373.09572329154	-1.13028009684673	0.101102054804139	-11.1795956970051	5.132326490603e-29	7.06259771159708e-28
IODOLM_02107	389.387353166533	2.45490397107761	0.219748294317521	11.171435840728	5.62639304781778e-29	7.71821190509423e-28
IODOLM_03835	969.088168653575	-1.32816805214156	0.118948931911097	-11.165867829181	5.99033059305962e-29	8.19177708600903e-28
IODOLM_03664	359.147835709017	2.3544324024598	0.211000602999461	11.1584155163093	6.51422146487025e-29	8.88044645802873e-28
IODOLM_00016	666.949204086721	1.54431148136542	0.138418455997238	11.1568321596958	6.63125393531058e-29	9.01191528599972e-28
IODOLM_00438	765.407223921423	-1.41916475453657	0.127233595534506	-11.1540096668234	6.84507295074527e-29	9.27369635679916e-28
IODOLM_02667	11817.903374135	1.44752077810189	0.129827911850596	11.1495344681171	7.1981971790142e-29	9.72200952326116e-28
IODOLM_00105	1432.4519706191	-1.44999941185903	0.130102778611293	-11.14503031631	7.57185025607222e-29	1.01952051447914e-27
IODOLM_03516	2504.72954634221	-1.40004269964979	0.125688848418794	-11.1389571729137	8.10629567547573e-29	1.08813343177552e-27
IODOLM_04408	3942.65399569465	1.82433973872411	0.163899751814988	11.1308267311072	8.88079821427004e-29	1.18845177326134e-27
IODOLM_01028	670.419550851122	2.05745595526163	0.18538641119575	11.0982026244046	1.27991929899483e-28	1.70759965012237e-27
IODOLM_02312	956.680236049773	-1.51134438838973	0.136400411413143	-11.0802040311449	1.56515487073989e-28	2.08179869737318e-27
IODOLM_00413	4950.26975763474	-1.50916000814219	0.136208117489731	-11.0798096028012	1.57206507166698e-28	2.08465356170143e-27
IODOLM_02141	1294.86854011243	-1.47533857821532	0.133543925679306	-11.0475903019222	2.25178037786275e-28	2.97697611284815e-27
IODOLM_00262	520.070051277571	1.55577729481356	0.140863038740611	11.0446097764397	2.32776816472494e-28	3.06816671350493e-27
IODOLM_00385	4503.64825760234	-1.41264943837385	0.128005286878907	-11.0358679146606	2.5656234506896e-28	3.37152198805336e-27
IODOLM_03372	29032.169339242	2.48300003280435	0.225425340950728	11.0147334027857	3.24495814913957e-28	4.25147810198646e-27
IODOLM_00196	1413.60010714137	-1.49686087148891	0.135945807669674	-11.0107174112058	3.39291133616118e-28	4.41886309733373e-27
IODOLM_00752	1333.58082437134	-1.62831387694085	0.147882977305899	-11.0108269836402	3.38878714601275e-28	4.41886309733373e-27
IODOLM_02652	8101.67271158131	1.20193629570092	0.109190612277923	11.007688945288	3.50889113984318e-28	4.54680264014675e-27
IODOLM_04253	7067.86182990057	1.49367930590256	0.135695138973172	11.0076110110169	3.51192708493967e-28	4.54680264014675e-27
IODOLM_02789	97.6531881716028	3.47318506024455	0.31561063935107	11.0046513875001	3.62916849925877e-28	4.684731962465e-27
IODOLM_00658	720.627194417526	2.23724524898368	0.203596851950719	10.9886043303126	4.33578705435078e-28	5.56440238925732e-27
IODOLM_02801	269.177309930528	-1.86808081032783	0.170001733720698	-10.9885985833354	4.33606310497428e-28	5.56440238925732e-27
IODOLM_02573	1194.80242889041	-1.28157854726148	0.116997702371001	-10.9538779077693	6.36624490988533e-28	8.14581512446146e-27
IODOLM_04406	396.0286958869	-1.90389287385963	0.174347924353925	-10.9200776603152	9.24167528387718e-28	1.17905454933663e-26
IODOLM_00686	1522.68085185403	-1.38914226819113	0.127217998804903	-10.9193846880225	9.31245439359712e-28	1.18463082634829e-26
IODOLM_04130	1106.48638762609	1.37539382268217	0.125966559774962	10.918721803146	9.38066346594728e-28	1.18984879208653e-26
IODOLM_00962	7106.44132021194	-1.22954564485283	0.112966291979085	-10.8841816732417	1.37124645990962e-27	1.73427008918049e-26
IODOLM_01923	908.923462381487	1.537114416286	0.141284474711992	10.8795705927308	1.44240841259633e-27	1.81901418257104e-26
IODOLM_03690	1472.94941815063	-1.65671542691101	0.152294420719073	-10.8783724255207	1.46149137075871e-27	1.83778340185061e-26
IODOLM_03662	247.723807080809	2.85296632978055	0.26238108587225	10.8733688645897	1.54392530716401e-27	1.93587883786524e-26
IODOLM_02101	364.240416946921	2.15286989952285	0.198054126646319	10.8701087726761	1.60009969807902e-27	2.00058179394109e-26
IODOLM_01760	1584.91568103281	1.50920405978256	0.138897841521434	10.8655688472284	1.68171829340133e-27	2.09663796351117e-26
IODOLM_02051	112.433256057562	3.32018586594315	0.305786785836573	10.8578461193467	1.83014922722844e-27	2.27520824384991e-26
IODOLM_04167	196.650495790257	2.9080995759067	0.26857435013633	10.8279125479799	2.53876869227063e-27	3.14721014089979e-26
IODOLM_00633	5495.58976572215	1.59909593329556	0.147721420331011	10.8250782433065	2.61855408368687e-27	3.23694708198128e-26
IODOLM_01326	297.858148831939	2.59844881103546	0.240619047460945	10.7990154497524	3.4791408720386e-27	4.28865364958899e-26
IODOLM_02295	3287.78515332941	-1.58185452516885	0.146485178081132	-10.798734355859	3.48980718475092e-27	4.28971804507585e-26
IODOLM_03827	141.906352887405	3.84115676329859	0.355748337918643	10.7973990427385	3.5409211798669e-27	4.34035604568558e-26
IODOLM_00713	1111.36828383269	-1.7956673134966	0.166516839280687	-10.7836980407114	4.11022197410198e-27	5.0241149046565e-26
IODOLM_00293	200.467694245213	2.01586909325582	0.187105016099493	10.7739981283232	4.56727138879008e-27	5.56723665664217e-26
IODOLM_01454	568.094126664743	1.83344249934292	0.170692693431393	10.7411891070771	6.5199151239564e-27	7.92531905067589e-26
IODOLM_01919	388.699977043507	1.7816864384106	0.165903637985337	10.7392849249519	6.65578945745647e-27	8.06807054455111e-26
IODOLM_04205	308.61096690553	1.86167745913445	0.173377745241905	10.7376956398697	6.77134088575855e-27	8.18546621991143e-26
IODOLM_02392	404.881618251487	1.84440452706925	0.171795192172429	10.7360660315688	6.89188954022888e-27	8.30823929147151e-26
IODOLM_00540	423.705249299273	1.91387938662594	0.178427478609773	10.7263713052386	7.65431762309248e-27	9.20200382380569e-26
IODOLM_00844	310.828860546205	-2.79926739617975	0.261087022555234	-10.7215876483771	8.06076409243926e-27	9.66408319685321e-26
IODOLM_02259	582.735438698597	2.07425495737098	0.193487388377901	10.7203625763957	8.1682499418605e-27	9.76619173376545e-26
IODOLM_02000	1151.21890855913	1.64760196813612	0.153739633618213	10.7168329295468	8.48594570497552e-27	1.01183919359599e-25
IODOLM_01094	345.146479555473	1.94611558096245	0.181726369067153	10.7090434423598	9.23106661711166e-27	1.09769422599132e-25
IODOLM_02992	12347.5468981758	-1.42974835554865	0.133527480965697	-10.7075213672004	9.38406628341539e-27	1.11286379556167e-25
IODOLM_03904	222.641583026541	-2.18387406531636	0.204101925832606	-10.6999189567053	1.01867272006355e-26	1.20478697918867e-25
IODOLM_02887	2302.47671277404	-1.87945282449667	0.175735125313034	-10.6948045881484	1.07646320760193e-26	1.26970431171591e-25
IODOLM_00197	991.431782680007	-1.51954540884075	0.142139662329136	-10.6905094886332	1.1274989201196e-26	1.32632668667832e-25
IODOLM_03406	1694.81751118947	-1.6419740207491	0.154551019218591	-10.6241552404566	2.30085821120492e-26	2.69934464671119e-25
IODOLM_02459	3436.81822057558	-1.87696990026159	0.176933363160301	-10.6083435409582	2.72537815844811e-26	3.1888381875318e-25
IODOLM_01406	150.509755648312	2.52165586424272	0.237741073866588	10.6067320351122	2.7727805754969e-26	3.23565007956652e-25
IODOLM_03344	826.837511411089	1.69336203094181	0.159984349502048	10.5845480274315	3.51472873602415e-26	4.09054599703236e-25
IODOLM_03944	773.533310893003	1.56642586513514	0.148146733461565	10.5734755572017	3.95557852643839e-26	4.59140892087385e-25
IODOLM_01132	12685.4874556599	1.07762886971677	0.101932138123227	10.5720226177735	4.01735408986611e-26	4.65077817387675e-25
IODOLM_03100	2519.13562944644	-1.62729922576179	0.154262452235782	-10.5489002811556	5.13951106363964e-26	5.9341689747987e-25
IODOLM_02749	168.102366131632	2.04022186464829	0.193874263031624	10.5234280855293	6.73766259815822e-26	7.75895040251062e-25
IODOLM_03515	1213.582697702	-1.28061801910326	0.121926880713977	-10.5031639586303	8.3532435606914e-26	9.59417160671538e-25
IODOLM_01720	5773.74125748177	-1.04925036608601	0.100024098599605	-10.4899757236118	9.6053068286167e-26	1.10033567230436e-24
IODOLM_04311	1737.94058250494	-1.40774041528248	0.134519692885305	-10.4649392597317	1.25156781175135e-25	1.4299897504501e-24
IODOLM_03546	3058.13616397138	-1.33752807671447	0.127846239917878	-10.4620055902593	1.29093770128958e-25	1.47113108876125e-24
IODOLM_00586	10274.3970628199	-1.02899866606645	0.0983746691926567	-10.4599962013723	1.31860953279705e-25	1.49876241961556e-24
IODOLM_03371	17068.4075642877	2.53914716816934	0.242949510450853	10.4513368372602	1.44474222828791e-25	1.63787357279479e-24
IODOLM_02854	843.886442500118	-1.69074082847533	0.161798403688595	-10.4496755835083	1.4702729111543e-25	1.66251014449902e-24
IODOLM_03993	642.071576562814	-1.64929529289245	0.158011168298169	-10.437839999893	1.6655732986792e-25	1.87849194717015e-24
IODOLM_03463	775.047587452048	-1.40815424138377	0.135178320877343	-10.4170123747986	2.07364959494384e-25	2.33272252634299e-24
IODOLM_00531	186.958350170007	2.07496023765915	0.199198383980306	10.4165515613033	2.08371799442808e-25	2.33803844708135e-24
IODOLM_03772	432.060490087441	2.1305956545818	0.204567042685391	10.4151461868591	2.1147244277603e-25	2.36676063833224e-24
IODOLM_03899	2150.45614699599	-1.13666324518871	0.10940650397316	-10.3893571580311	2.77215173406817e-25	3.09462652762303e-24
IODOLM_02067	92.2715379663517	4.00874195052581	0.385963407438711	10.3863264580655	2.86163411786623e-25	3.18638954192942e-24
IODOLM_01505	500.657143260254	-2.37765312627924	0.229484570391927	-10.360840915006	3.73662331564842e-25	4.15011767240546e-24
IODOLM_04329	180.582143048425	2.07422811447574	0.200569306226206	10.341702593997	4.56356534749872e-25	5.05573720522896e-24
IODOLM_00644	1503.38040840459	1.56766419257353	0.151700974839934	10.3339098132206	4.95008513117561e-25	5.4700940742486e-24
IODOLM_00125	1343.2496897145	-1.42848160982594	0.138254569322856	-10.3322560463814	5.03619312299837e-25	5.55122949779367e-24
IODOLM_00961	935.213482247567	-1.48557931186024	0.143837613073771	-10.3281699418796	5.25536392265992e-25	5.77825942853262e-24
IODOLM_03836	3751.29866105997	-1.1544382781069	0.111820110390822	-10.3240667002744	5.48496137733836e-25	6.01558671359215e-24
IODOLM_02490	6681.86619255622	1.93828024659103	0.188042338740267	10.3076799596088	6.50527606572167e-25	7.1167720158995e-24
IODOLM_00567	38839.4779511953	-1.80637950066638	0.175276451627957	-10.3058881206736	6.62766376332038e-25	7.23258270032169e-24
IODOLM_01079	1013.6095205282	-1.61982712395695	0.15740657270716	-10.2907210042015	7.75931597831159e-25	8.4464593833561e-24
IODOLM_00721	4009.73655538723	-1.42160825642309	0.138362962151198	-10.2744855582783	9.18330546005374e-25	9.95454775689394e-24
IODOLM_02064	287.459368608907	-2.29270346161963	0.223146903934693	-10.2744130489511	9.19021319420739e-25	9.95454775689394e-24
IODOLM_03791	3648.60222289052	1.58481688319964	0.154273468366564	10.2727766477254	9.34748436833997e-25	1.00998991594705e-23
IODOLM_04284	837.821951622708	-1.36763142706997	0.133143879627634	-10.2718309763456	9.43958362889539e-25	1.01742901379424e-23
IODOLM_03679	1221.09631533652	-1.32111973276426	0.128719164608566	-10.2635822473038	1.02820145003311e-24	1.10550603079727e-23
IODOLM_02685	7876.62446555514	1.3249449958646	0.129126319775734	10.2608437858816	1.05778361699324e-24	1.13452478136333e-23
IODOLM_00674	39056.9696175053	-1.82880878263539	0.178291116872983	-10.2574307386175	1.09583579463468e-24	1.17246392110547e-23
IODOLM_03260	2553.8458069444	-1.35785092331225	0.132685429956652	-10.2336098526859	1.40194058140052e-24	1.49631511809968e-23
IODOLM_02972	1244.90065195521	-1.16694110838373	0.114073100406987	-10.2297658625946	1.45871622487287e-24	1.55312462288167e-23
IODOLM_03270	9095.32545302227	-1.15127133955474	0.112592785115951	-10.2250898081003	1.53085992012866e-24	1.62598131322403e-23
IODOLM_02062	791.695522179065	1.44226477135597	0.141107067592871	10.2210668534142	1.59574852515106e-24	1.69079795304141e-23
IODOLM_00828	287.670763409225	1.98063382867397	0.193870763704709	10.2162584539603	1.67688897233822e-24	1.7724797446744e-23
IODOLM_02853	732.800877188685	-1.31714591426116	0.129017343587962	-10.2090608722164	1.80604358663174e-24	1.90439680363867e-23
IODOLM_03162	1449.88388176306	2.05340564919475	0.201627228429337	10.1841684041914	2.33346407967796e-24	2.45462471458431e-23
IODOLM_03868	2682.94210415508	-1.18086322754386	0.116003766080683	-10.1795249192388	2.44753353818622e-24	2.56844286884961e-23
IODOLM_02398	5716.82792801513	-0.995023352741525	0.0977989005610984	-10.1741772865831	2.58575785843699e-24	2.70700392069862e-23
IODOLM_01200	1708.75610079819	1.32344234712245	0.130083279125344	10.1738083174181	2.59557514229093e-24	2.71079637772437e-23
IODOLM_03826	358.442918305971	2.30627956660723	0.226699341375837	10.1732962813673	2.60926025474798e-24	2.71860068447075e-23
IODOLM_00373	960.851886221619	1.62075379682001	0.159571396216965	10.1569193178977	3.08675900681441e-24	3.20846969449402e-23
IODOLM_00771	215.693866989862	-1.7177024757878	0.169388066562389	-10.1406345243048	3.64722744343256e-24	3.78205386077272e-23
IODOLM_01980	3177.31976059542	1.50703789774228	0.148893407687421	10.1215891364786	4.43161091474685e-24	4.58456958934568e-23
IODOLM_01807	908.612570404905	1.37084213532075	0.135450851508727	10.1205870620343	4.47722037982406e-24	4.62082933540333e-23
IODOLM_03088	757.11840990217	1.63200666200339	0.1613161496527	10.1168213196072	4.65281333614662e-24	4.79075556681826e-23
IODOLM_02501	714.334551603461	2.13922682588646	0.211669893506438	10.1064293577556	5.17355575453512e-24	5.31443192062105e-23
IODOLM_02610	23337.8389543637	-1.76244412819749	0.17463858242402	-10.0919516394052	5.99652528917536e-24	6.14538516754833e-23
IODOLM_04188	1601.82307995887	-1.7035342904672	0.168834386792014	-10.0899723263471	6.1186765735196e-24	6.25591791722471e-23
IODOLM_02084	387.650592640233	2.09928741987958	0.208108942630918	10.0874445535129	6.27826486651348e-24	6.40412285684452e-23
IODOLM_01194	76.5433172746293	3.63536803859078	0.360438049847477	10.0859718892862	6.37313337107984e-24	6.48577479810358e-23
IODOLM_03220	61495.587175652	-0.985083406286191	0.09767192909113	-10.0856347924396	6.39504794364736e-24	6.49297675206517e-23
IODOLM_01831	297.266044357601	2.82672336227997	0.280771487527331	10.0677009164074	7.67512011138407e-24	7.76304427818869e-23
IODOLM_03672	771.748126582827	-1.37553600479213	0.1366297111388	-10.0676199439136	7.68144006502674e-24	7.76304427818869e-23
IODOLM_01684	2156.26809799561	1.24598399424378	0.123830263193392	10.0620313816007	8.13031560456566e-24	8.19775601050215e-23
IODOLM_01460	607.371100306096	-1.30403156183584	0.129825963185705	-10.0444589806011	9.71794658063069e-24	9.77603085904365e-23
IODOLM_02790	97.1926648664478	2.9399592911743	0.292777838248388	10.0416046131199	1.00033464405676e-23	1.00400559687898e-22
IODOLM_02677	2682.85836879933	1.36361591255541	0.135991871538333	10.0271868982334	1.15767913676353e-23	1.15926862756915e-22
IODOLM_03510	250.338546024741	1.76616967782688	0.176150795328397	10.0264643967927	1.16617870871454e-23	1.16511370532758e-22
IODOLM_01928	724.731371249412	-1.51443148991088	0.151518307657667	-9.99503963133294	1.60223134414063e-23	1.597121722542e-22
IODOLM_01651	287.282907564861	2.18357173726362	0.218948716623707	9.97298258211026	2.00127015490025e-23	1.99035413587352e-22
IODOLM_00639	181.303804032707	2.29143750837244	0.230078663994948	9.9593654995439	2.29522844686992e-23	2.27753280805051e-22
IODOLM_00485	445.4482449494	1.41854418036319	0.142642137037342	9.94477655639599	2.65769788033002e-23	2.62901093337675e-22
IODOLM_02547	551.082384832375	-1.90866002985455	0.191928597005749	-9.94463597208173	2.66145302441933e-23	2.62901093337675e-22
IODOLM_03966	1365.20607146214	-1.16045605395071	0.116774210982218	-9.93760560820596	2.85609550146956e-23	2.81492655730423e-22
IODOLM_00136	360.674410038512	-1.88000800861421	0.189227104521042	-9.93519408000643	2.92605588910274e-23	2.87739788105924e-22
IODOLM_03792	9150.19521104608	1.31678488942027	0.132582185996924	9.9318387271939	3.02622846522367e-23	2.96923223404008e-22
IODOLM_02142	341.538275806706	-1.54381514321248	0.155576203185459	-9.92320876588128	3.29974023436766e-23	3.23034972384629e-22
IODOLM_03237	1344.73116125791	-1.30203283005408	0.131365475933178	-9.91152980495713	3.70922563454283e-23	3.6231186108838e-22
IODOLM_03889	1582.71325588218	-1.25115934727026	0.126721472597447	-9.87330182979165	5.43456408728385e-23	5.29658183651539e-22
IODOLM_01155	2467.20671454197	-1.53613394952957	0.155789753877975	-9.86030153647186	6.18633256662564e-23	6.01586473590084e-22
IODOLM_01407	148.202387834929	2.07552081941944	0.210540904921414	9.858040746021	6.32719348190114e-23	6.13920148044332e-22
IODOLM_02411	2028.8440684775	-1.04724425965429	0.106341780699653	-9.84790975629866	6.99842560329847e-23	6.77546691151197e-22
IODOLM_04398	4055.88584860542	-1.13314391390517	0.115109957281167	-9.84401298262464	7.27497730560953e-23	7.02766019632391e-22
IODOLM_01233	183.077579435567	2.20697437517491	0.224603486849613	9.82609133157683	8.69273329895255e-23	8.37872266877013e-22
IODOLM_01912	6155.56998484156	-1.09923567254054	0.111984203444522	-9.81598867276943	9.60913696808454e-23	9.24166667523911e-22
IODOLM_02830	934.029017702351	2.05259674638123	0.209169580053668	9.81307485464467	9.89078183205497e-23	9.49168010900714e-22
IODOLM_00827	369.61126626246	1.68988974284329	0.172223448459194	9.81219315930539	9.97760444385079e-23	9.55404749371796e-22
IODOLM_00126	2518.9298790058	-1.0334805184973	0.105334770805123	-9.81139001488234	1.00573483674516e-22	9.60937913885765e-22
IODOLM_01146	8055.76542645305	-1.03372248489445	0.105405378275743	-9.80711327832065	1.04927285593053e-22	1.00035250927059e-21
IODOLM_00537	1467.79243511991	1.55236827435154	0.158342367254356	9.80387183335373	1.08350959893178e-22	1.0307473923751e-21
IODOLM_01615	161.845395446582	2.4352578350813	0.248460944489139	9.80137075502323	1.11068019414726e-22	1.0543029348348e-21
IODOLM_01870	522.047628702216	1.34337675881699	0.137072310415735	9.80049694021043	1.12033103227638e-22	1.06116203403495e-21
IODOLM_03847	452.735742029272	1.50355086007128	0.153497685181822	9.79526732465243	1.17984907899668e-22	1.11512301721155e-21
IODOLM_03475	763.207064831317	-1.28487534126444	0.131205414933344	-9.79285300013873	1.20837222958077e-22	1.13962001651842e-21
IODOLM_02173	317.732768089908	-2.35980632311036	0.241076233400777	-9.78863113058225	1.25989964987251e-22	1.18566040168648e-21
IODOLM_00097	1916.58827566064	1.56144088419455	0.159629615692525	9.78164908447918	1.34992863630067e-22	1.26765830739308e-21
IODOLM_03680	559.063962458206	-1.33519113051842	0.136527398552567	-9.77965701151427	1.37676304873884e-22	1.29008888678397e-21
IODOLM_03548	2557.01508120628	1.4239378977956	0.14562810029569	9.77790615207074	1.40078372439881e-22	1.30979264486521e-21
IODOLM_01078	317.252321584892	-1.82843115825289	0.187238998032932	-9.76522614125129	1.58757426816318e-22	1.48128464765076e-21
IODOLM_01614	347.997252758788	1.63519709306285	0.167618758684031	9.75545401899366	1.74816677752105e-22	1.62765485498556e-21
IODOLM_01037	350.939223632576	1.88064460992494	0.192890642217788	9.7497970264496	1.84837460318944e-22	1.71730090521379e-21
IODOLM_03293	859.94975976271	-1.42144326997005	0.145933225461952	-9.74036766110302	2.02819213696163e-22	1.88037474392883e-21
IODOLM_02203	383.139434129121	1.54685021040435	0.159016805798624	9.72758949996295	2.29978020881045e-22	2.12766135174514e-21
IODOLM_03848	835.184458835203	1.44911124258973	0.149226002528304	9.71084943667829	2.71068562105774e-22	2.50252326534782e-21
IODOLM_03860	14045.6592327027	-1.40359219577095	0.144642848996749	-9.70384782591291	2.90337946531365e-22	2.67477653478159e-21
IODOLM_03240	5039.44048762913	-1.23325353714836	0.127100019030634	-9.7030161486531	2.92715070396358e-22	2.69101081524046e-21
IODOLM_02218	482.897213217621	1.68658924773171	0.174793648852325	9.64903049284491	4.96226364965936e-22	4.55238275281119e-21
IODOLM_02845	9241.55613831411	-1.0335289722146	0.107270725087254	-9.63477194149596	5.7018469348157e-22	5.21993351187312e-21
IODOLM_01106	771.987517455235	-1.32566537911755	0.137750627236569	-9.62366129078232	6.35287338955975e-22	5.80379414461659e-21
IODOLM_03317	3658.10210127583	1.83711547937152	0.190939330926217	9.62146180391411	6.49021589987233e-22	5.91691349538361e-21
IODOLM_00420	1260.01827720249	-1.26269180938135	0.131268668430975	-9.61914083896809	6.63833038285817e-22	6.03936252710755e-21
IODOLM_02799	741.348045970681	-1.45055354430349	0.150825591210857	-9.61742322810184	6.75009014625098e-22	6.12829760995732e-21
IODOLM_00536	1257.18058163616	2.32209294747797	0.241632719065937	9.61001041768817	7.25416464387623e-22	6.5723032053007e-21
IODOLM_00336	689.615060563701	1.47472398691082	0.153583647931508	9.60208984988095	7.83396427742973e-22	7.08293960289928e-21
IODOLM_04252	11816.631744662	1.5852121177891	0.165169003989727	9.59751575354717	8.18944193498107e-22	7.38907173350045e-21
IODOLM_04312	1939.80731707757	-1.24580888420536	0.129862202522296	-9.59331398981522	8.53002490937769e-22	7.68053271675653e-21
IODOLM_02260	2165.53711402762	-1.03724656147484	0.108211989994613	-9.58532008815724	9.21713957008128e-22	8.28217715783895e-21
IODOLM_01374	386.289247903975	2.04821985436306	0.214530472395333	9.54745417512826	1.32922457127138e-21	1.19194400079581e-20
IODOLM_01878	1489.00918808059	1.82666043168255	0.191381078198997	9.54462399769323	1.36602222064636e-21	1.22243624489743e-20
IODOLM_00106	281.493441500167	-1.5151671034527	0.15923567472564	-9.51524905498285	1.81278137543808e-21	1.61892475488103e-20
IODOLM_00647	444.63549034743	1.75814230949711	0.184788109035653	9.51436928854495	1.82818500059976e-21	1.62935591906813e-20
IODOLM_03584	563.246520344337	-1.30568471041899	0.137394546536735	-9.50317711532965	2.03582235371892e-21	1.81072329672235e-20
IODOLM_00179	633.581777929244	-1.64462215469675	0.173151327030161	-9.49817817111083	2.13594315152119e-21	1.89592033084315e-20
IODOLM_01680	1263.72081809215	1.48027002975267	0.156034744525929	9.48679753506232	2.38240986004081e-21	2.11041002986611e-20
IODOLM_03757	978.53707038576	-1.2277920553792	0.129495486187566	-9.48135021170407	2.51013764441634e-21	2.21906309736685e-20
IODOLM_01605	585.560434946583	-1.39146373490108	0.146878372097182	-9.47357813838257	2.7041831149168e-21	2.38578736106369e-20
IODOLM_03682	329.660925181208	2.10640872883483	0.222820717208031	9.45337917958602	3.280649759091e-21	2.88855600518757e-20
IODOLM_03499	775.897301600426	1.48207988576211	0.156887303329914	9.44678029582469	3.49413181790369e-21	3.07034554922621e-20
IODOLM_03615	8442.62942924294	-1.16440382378005	0.123309909935905	-9.44290547600995	3.62583112829208e-21	3.1796867770353e-20
IODOLM_02640	778.722628965934	1.36323621839233	0.144424221016646	9.4391107585424	3.75956359712126e-21	3.29037006020053e-20
IODOLM_02808	15583.6820452655	-1.80359741511642	0.191090931737154	-9.4384249358168	3.78424850372072e-21	3.30536356332971e-20
IODOLM_03418	1619.3564693219	2.31486570615285	0.245478079514193	9.4300302117974	4.09970868102589e-21	3.57376995780265e-20
IODOLM_04099	2074.19544665693	-1.00336521938022	0.106600238272314	-9.41241066288321	4.84886096458021e-21	4.21841264035845e-20
IODOLM_00762	204.876208816463	2.37012151239625	0.251816710527276	9.4120898785211	4.86368547982544e-21	4.22291421819764e-20
IODOLM_03020	374.303301564694	1.38508918521336	0.147250391882358	9.40635313432607	5.13649744504142e-21	4.4509530335646e-20
IODOLM_00866	879.803966135225	-1.68491707155157	0.179258520880355	-9.39936948758023	5.48910089373998e-21	4.74709595079173e-20
IODOLM_00004	1302.39754705733	-1.21593918608342	0.129371625400176	-9.39880891441414	5.51842067251756e-21	4.76303922345894e-20
IODOLM_00104	1857.89175674215	-1.06035034072111	0.112902764230261	-9.3917128420219	5.90323334755273e-21	5.08514746631708e-20
IODOLM_00833	433.856107936495	1.92133901596102	0.204975686878746	9.37349714601808	7.01682297050851e-21	6.03253778368276e-20
IODOLM_00347	538.619175852199	-1.25174443354828	0.13360572366514	-9.36894318005093	7.32623859714948e-21	6.28620001982865e-20
IODOLM_01587	627.002605011982	-2.76965867128332	0.295689879554121	-9.36676857341134	7.47871328847652e-21	6.40447149713763e-20
IODOLM_01210	1008.81940088371	-1.63948279676373	0.175041066192764	-9.36627519714863	7.513741268821e-21	6.42190074069545e-20
IODOLM_00877	991.507808662518	-1.37366150932557	0.146787490364183	-9.35816469044799	8.11337096542443e-21	6.92087940442443e-20
IODOLM_01573	113.311568360575	2.06517422465124	0.220711174209387	9.35690833075818	8.21039657151789e-21	6.99001855972029e-20
IODOLM_01402	2634.64736449741	2.09517589921237	0.224088553706444	9.34976760105763	8.78405190712948e-21	7.46388565933954e-20
IODOLM_01286	1887.67610928052	-1.84919589443138	0.197826945726975	-9.34754306414605	8.97072966582579e-21	7.60773508094063e-20
IODOLM_02613	613.027298372306	1.53771314445348	0.164697995622865	9.33656258922923	9.95123899618783e-21	8.42294426447156e-20
IODOLM_00532	184.686293232594	2.47597611342847	0.2654307692495	9.32814277873375	1.07742206486525e-20	9.10192848619758e-20
IODOLM_03504	47.8757717384926	3.95519334729624	0.42404135797029	9.32737638193622	1.08523912066091e-20	9.1503013333567e-20
IODOLM_01602	617.985994695476	-1.8272887063343	0.195955448379711	-9.32502117927078	1.10961429848856e-20	9.3378310965114e-20
IODOLM_01750	422.240602535212	1.66188343102967	0.178500721126114	9.31023370967516	1.27551374499235e-20	1.07133361767496e-19
IODOLM_02365	1447.44514059521	1.67900359291682	0.180345621975799	9.30992155241855	1.2792680001916e-20	1.07242849977748e-19
IODOLM_03808	2307.83927171312	-2.96964245452468	0.319110777210202	-9.30599235941362	1.32746844797885e-20	1.11070782568938e-19
IODOLM_02623	228.228249438577	1.74866701871616	0.188182956592363	9.29237721832629	1.50880128614975e-20	1.26002183744109e-19
IODOLM_01829	254.611293783057	1.68304616558188	0.18124115649133	9.28622503941258	1.59857512397984e-20	1.33245042714967e-19
IODOLM_04298	123.607348879504	2.90548277132872	0.313419468627388	9.27026895952956	1.8567711761478e-20	1.54472065909178e-19
IODOLM_00102	2118.9035693509	-1.53425840256762	0.165693119659385	-9.25963857595045	2.05125365190346e-20	1.70328007224469e-19
IODOLM_01544	231.145015427377	1.96665910390527	0.212559395138116	9.25228029853668	2.19753544167455e-20	1.82129073726664e-19
IODOLM_00288	52.2597601166836	3.92161967360488	0.42429490308678	9.2426744820048	2.40411491163129e-20	1.98873475487685e-19
IODOLM_03874	191.607461455101	2.41793148417739	0.261772007916235	9.23678396106853	2.54017258719197e-20	2.09731985689662e-19
IODOLM_00090	2472.95739989725	1.33344029478291	0.144553638561826	9.22453635930159	2.84790277643779e-20	2.3454278765944e-19
IODOLM_04207	484.991586717896	1.64266433643493	0.178078075539051	9.22440525855026	2.85138855198406e-20	2.3454278765944e-19
IODOLM_00393	812.357474043972	-1.27214389293142	0.138292780167076	-9.19891762530554	3.61573354015598e-20	2.96856472264964e-19
IODOLM_04269	4497.07404130222	-1.04523010500013	0.113758444209757	-9.18815400703664	3.9964043637832e-20	3.27495608537739e-19
IODOLM_00693	10029.5327786206	-1.00460013196498	0.109351649926432	-9.18687676537884	4.04412669694605e-20	3.30786886464223e-19
IODOLM_01067	111.562956058416	2.41753772205534	0.263454940243915	9.17628540128005	4.4621859581067e-20	3.63884578836989e-19
IODOLM_03705	494.378666994999	-2.44411880491828	0.266353908452072	-9.17620777229211	4.46540262421076e-20	3.63884578836989e-19
IODOLM_01056	753.149641916076	1.59360274962099	0.173804194075967	9.16895451282641	4.77628706863503e-20	3.88495022534329e-19
IODOLM_00884	372.459471834041	-1.76329194747721	0.192644239339668	-9.15309979432185	5.53228359508481e-20	4.49151632877387e-19
IODOLM_03828	2559.27085964036	2.03604382688594	0.222942856771847	9.13258157882834	6.68849508549381e-20	5.42015823965203e-19
IODOLM_02476	709.079384740532	-1.11719416394385	0.12245745462569	-9.12312090234707	7.29914708219506e-20	5.90407904467386e-19
IODOLM_01137	1568.17531018716	1.75524848033001	0.192412267842744	9.12233143972165	7.35252747276286e-20	5.93628417358123e-19
IODOLM_04295	1215.86588161468	1.64728569867706	0.180671581143102	9.11756950514712	7.68279197169607e-20	6.19150969947366e-19
IODOLM_03304	2965.02370898042	-1.68687490108624	0.185080846877521	-9.11425968459367	7.92094001376511e-20	6.37169733460223e-19
IODOLM_02884	1262.94541113935	-1.27783696012391	0.140386219942334	-9.1022962271425	8.8441829109528e-20	7.10131090244577e-19
IODOLM_00638	190.797186846703	1.92200202644878	0.211171079082385	9.10163472574265	8.89822596646006e-20	7.1316184668918e-19
IODOLM_04274	1355.58474587552	-1.64536280541052	0.180840178308061	-9.0984360931543	9.16418613593556e-20	7.33134890874845e-19
IODOLM_01098	5982.58617548627	1.69015125429866	0.185882794301757	9.09256427227424	9.67302475652046e-20	7.72429860119225e-19
IODOLM_02988	301.709334207406	2.52243896847686	0.278004283910858	9.07338165078665	1.15379301087225e-19	9.19671806116021e-19
IODOLM_00894	216.511970420446	3.01978911442238	0.332837528981278	9.07286243731321	1.15930604070555e-19	9.21718949934425e-19
IODOLM_04222	2468.89632738444	-1.18705037409084	0.130836983361416	-9.07274337571516	1.16057390633882e-19	9.21718949934425e-19
IODOLM_01940	3238.91710079688	1.0502590936776	0.115921648629673	9.06007726850739	1.30358179246961e-19	1.03341918910272e-18
IODOLM_01657	90.1538244799917	2.45014951930668	0.270443730836214	9.05973864408246	1.30763494927861e-19	1.03475778264796e-18
IODOLM_01317	129.006987261493	2.55450153702207	0.282002451035922	9.05843735626494	1.32332689924027e-19	1.04528492979701e-18
IODOLM_03093	3427.60383708298	-1.09261977961686	0.120649798550267	-9.0561260171656	1.35165897916935e-19	1.06574048519731e-18
IODOLM_03907	1260.95827784601	-1.19844360326764	0.132386257801965	-9.05262844622723	1.3956753607804e-19	1.09846679474371e-18
IODOLM_00711	3850.23811887414	1.10311114500861	0.121984033974853	9.04307809033446	1.52320983894569e-19	1.19669053056128e-18
IODOLM_02171	17050.4953066481	-2.35723199107306	0.260734778471541	-9.04072715151942	1.55633049879438e-19	1.22052011876778e-18
IODOLM_03906	748.59867049257	-1.7005355855449	0.188229261133947	-9.0343848522827	1.64927408812776e-19	1.29109542211933e-18
IODOLM_02904	355.850811139123	-2.08037208283802	0.230735655905668	-9.01625747729486	1.94624639865647e-19	1.52085254295013e-18
IODOLM_02208	647.696269873918	1.38168298732871	0.153494251452607	9.00152920551113	2.22595241254256e-19	1.73632223837544e-18
IODOLM_03790	2779.23659701715	-1.07037022340894	0.118922313699159	-9.00058357522948	2.24521022297605e-19	1.74822774657352e-18
IODOLM_01723	586.78655402464	-1.2412294625328	0.138311249445915	-8.97417576303626	2.85481172148445e-19	2.21894424391047e-18
IODOLM_02829	872.196888905028	1.4319734112413	0.159613566301223	8.97150188686895	2.92498446587931e-19	2.26945603239146e-18
IODOLM_01542	177.508167384909	-1.66045291727452	0.185113235563191	-8.96993082219505	2.96700721664913e-19	2.2979864743463e-18
IODOLM_00555	548.271976841163	-1.1862972049875	0.132268927263977	-8.96882759637063	2.99687218598057e-19	2.31701637559204e-18
IODOLM_01739	1019.17619362644	1.08154894970726	0.120835821526199	8.95056561909302	3.53665467675319e-19	2.72952396216437e-18
IODOLM_02774	479.352458426404	-1.84368137488127	0.206190774904107	-8.94162881796587	3.83475747552661e-19	2.95438357621557e-18
IODOLM_04286	2428.32576376858	-1.25972220193227	0.140984285167473	-8.935195865524	4.06457542058172e-19	3.12593708971276e-18
IODOLM_01534	309.427541707832	2.63236994859008	0.294731380897937	8.93142067387	4.20572568675064e-19	3.22881677284575e-18
IODOLM_00885	90.0732531797264	-2.08427567767749	0.233523450641976	-8.92533778491043	4.4434112598827e-19	3.40531833156685e-18
IODOLM_00728	1481.96830195324	-1.00821946903023	0.112979754299445	-8.92389504015049	4.50170475800298e-19	3.44396154213654e-18
IODOLM_02893	1226.17661224694	-1.43234537848227	0.16056637228357	-8.92058130299326	4.63847069656224e-19	3.54239926145835e-18
IODOLM_00188	567.414067802718	-1.62395462104879	0.182062986341442	-8.91974065504565	4.67381401856323e-19	3.56317249916946e-18
IODOLM_04215	2226.90733911495	-1.02043381986995	0.114622216375768	-8.9025832175906	5.45617416481582e-19	4.15238576438853e-18
IODOLM_02402	2096.78317185926	-1.0645848403903	0.119874398930488	-8.88083569042646	6.63599136457924e-19	5.03873408560636e-18
IODOLM_03443	2239.48936961062	-1.10810038831518	0.124776187340406	-8.8807040184049	6.64385184505227e-19	5.03873408560636e-18
IODOLM_03204	362.980612099343	-1.283938652323	0.144596586222836	-8.87945342184176	6.71896923866612e-19	5.08688743743995e-18
IODOLM_01666	301.643468206248	1.82221977433503	0.205345115291509	8.8739377693411	7.06040229694954e-19	5.33615206415392e-18
IODOLM_02089	1003.34877679101	-1.70144666595714	0.192208716116728	-8.85207861710004	8.59041529052351e-19	6.48132022609153e-18
IODOLM_03205	1646.72534758098	-1.29481919583734	0.146379088199455	-8.84565692930831	9.09914089354753e-19	6.85332883823821e-18
IODOLM_01178	88.7284199300812	2.70837542504411	0.30629420710049	8.84239845958149	9.36854279470612e-19	7.04411396385464e-18
IODOLM_01029	90.3999537472673	2.79320490378284	0.316290949289474	8.83112498178521	1.03628116146453e-18	7.77832995294814e-18
IODOLM_02288	1224.16622246337	-1.29912856682203	0.14715663412744	-8.82820251037384	1.06371333133097e-18	7.97056427723347e-18
IODOLM_03343	331.956652018893	1.9976157586019	0.226402964262918	8.82327563645369	1.11159284337576e-18	8.31509450019203e-18
IODOLM_00426	1355.49663833612	-2.1512694677248	0.24393369017566	-8.81907483208098	1.15409294925821e-18	8.60941926963592e-18
IODOLM_04048	64.8686255737804	3.40950587464973	0.386609166414765	8.81899905857875	1.15487411135199e-18	8.60941926963592e-18
IODOLM_00381	4040.19178532725	1.37321308227981	0.155845814215645	8.81135684773472	1.23640098835292e-18	9.20151483849043e-18
IODOLM_03012	1004.88112926566	-1.17602314575383	0.133519388891179	-8.80788292636896	1.27531528080734e-18	9.4750079266773e-18
IODOLM_01960	504.539440206482	-1.19714599133643	0.136019196447165	-8.80130174715037	1.35238182393136e-18	1.00305472229214e-17
IODOLM_01177	80.8555447942027	2.53372031518174	0.288061286982927	8.79576822598832	1.42072578503145e-18	1.05196210411127e-17
IODOLM_03063	273.952196434128	1.75055049704495	0.199026856608291	8.79554913782435	1.42350079293326e-18	1.05223639693851e-17
IODOLM_00954	562.589312006192	-1.24230418256368	0.141328082342019	-8.79021466913603	1.49274462066265e-18	1.10155994266775e-17
IODOLM_02461	382.668544715375	-1.24881087206665	0.142125307098288	-8.78668899693584	1.54032441149784e-18	1.1347575125782e-17
IODOLM_01745	7206.76905846673	1.49789931984802	0.170499738335418	8.78534673702113	1.55882950018757e-18	1.14646015005391e-17
IODOLM_04008	1316.20797519181	-1.00828026040459	0.114776743374432	-8.78470873768664	1.56770209597459e-18	1.15105106912496e-17
IODOLM_03748	1017.1684073481	1.27182845342728	0.144829071860682	8.78158257239067	1.61190341525705e-18	1.18152250337769e-17
IODOLM_02395	995.994382345983	1.31053357377579	0.149288392912779	8.77853628273338	1.65615859010984e-18	1.21193143650847e-17
IODOLM_00027	1573.24808576262	-1.06100821995924	0.120974136450681	-8.77053766274903	1.77815143212299e-18	1.29903016143075e-17
IODOLM_01381	236.229418971133	1.56776411990192	0.178851621424232	8.76572494796242	1.85578590658488e-18	1.35348652120257e-17
IODOLM_01561	2002.4230381601	1.26432334249086	0.144330303030684	8.75992993808148	1.95371768995256e-18	1.42254053431488e-17
IODOLM_00173	6140.28258006425	-1.07702759011744	0.123015866116832	-8.75519251390346	2.03755392868077e-18	1.48111893553273e-17
IODOLM_00092	27609.0048675882	1.1820025113388	0.135057661950015	8.75183602523978	2.09909256272186e-18	1.52332156790562e-17
IODOLM_01650	91.6437604408899	2.48424380505644	0.284004024433311	8.74721338901232	2.18685920018941e-18	1.58438673179286e-17
IODOLM_03460	1502.9062317339	-1.05572733204845	0.120743164242265	-8.74357847646082	2.25840887196982e-18	1.63352020227106e-17
IODOLM_03729	114.940836296854	1.90893766541979	0.218343539872208	8.74281724358343	2.27368317353708e-18	1.64185438405912e-17
IODOLM_01008	3440.07385974686	-1.64462540337206	0.188247149952261	-8.73652219323976	2.40396696158636e-18	1.7308704274985e-17
IODOLM_02577	789.615246178336	1.14590646162561	0.131163405424062	8.73647994972986	2.40486567623192e-18	1.7308704274985e-17
IODOLM_00031	519.891129035526	1.49082195763575	0.17093168458114	8.72174144477039	2.73955325730856e-18	1.96851971329758e-17
IODOLM_01586	482.067516756115	-1.9283103285371	0.221432465530083	-8.70834511064562	3.08343304534355e-18	2.21198409941367e-17
IODOLM_03973	241.04792205762	-1.46376668510646	0.168336822863845	-8.69546341794981	3.45417086439948e-18	2.47388734903636e-17
IODOLM_03663	152.898895916061	2.30574564370428	0.265419797046805	8.68716527312271	3.71595326381848e-18	2.65702802001138e-17
IODOLM_02852	866.252832429841	-1.50796203601494	0.173634033062515	-8.68471468074474	3.79694216235149e-18	2.71050879322188e-17
IODOLM_01506	226.244150590075	1.60991816204411	0.185834940397951	8.66316182843008	4.58856296806575e-18	3.27028526844556e-17
IODOLM_00028	2581.36475061226	-1.37805206272276	0.159075300553068	-8.66289146040644	4.5994628725716e-18	3.27272350087371e-17
IODOLM_00832	573.161585612805	1.75924463737038	0.203492855005225	8.64524033202642	5.36921675153752e-18	3.81423579622211e-17
IODOLM_04390	1866.9719422336	1.30688690341608	0.1511912813926	8.64393033367095	5.43116774760693e-18	3.85199190656854e-17
IODOLM_00506	1030.86754889242	1.64275108627381	0.190126544884096	8.64030368445006	5.60637974350633e-18	3.96982487986791e-17
IODOLM_02211	1015.92235355233	-1.2035938240036	0.139746935394416	-8.61266703707399	7.13801834171137e-18	5.04619842703214e-17
IODOLM_03011	1850.3530911121	-1.05530163623053	0.122559009407093	-8.6105594467171	7.2704885572329e-18	5.13155773007277e-17
IODOLM_01622	2066.58628567257	5.43847860533098	0.631734147390883	8.60880898680619	7.38235403531579e-18	5.20212258591657e-17
IODOLM_03256	1527.93025010619	-1.0967752641925	0.127413987897382	-8.60796590933037	7.43683649656552e-18	5.23208947089561e-17
IODOLM_03071	4467.5706489584	-1.42051780017243	0.165151372631158	-8.60130786405848	7.88127566397381e-18	5.53586874888433e-17
IODOLM_00033	97.183519483311	1.99355815046171	0.232403782689688	8.57799355668649	9.65423554191019e-18	6.77034210439086e-17
IODOLM_04201	1582.4095513954	1.57361708782677	0.183702986214947	8.56609421681103	1.07054302607356e-17	7.49551405135664e-17
IODOLM_03617	49.2052819544896	3.29229772347917	0.384351181221398	8.56585821595981	1.0727381999525e-17	7.49888556388524e-17
IODOLM_03478	1039.28333765957	-1.11645944721682	0.130411620461932	-8.56104266830059	1.11851297419926e-17	7.80639996028065e-17
IODOLM_00883	400.504954641269	-1.57583925940457	0.184729569266852	-8.53051986024057	1.45691517829311e-17	1.01520076754946e-16
IODOLM_03503	58.1407250690255	2.93820440879979	0.34468078189832	8.524421908926	1.53574878321079e-17	1.06843190386811e-16
IODOLM_02310	795.016070941051	-1.49860441567047	0.176234093300496	-8.5034875352705	1.83978299035202e-17	1.27791910567943e-16
IODOLM_03703	1927.85451953468	-1.02239161830604	0.120239600292718	-8.50295256984451	1.84828436002849e-17	1.28178959738268e-16
IODOLM_03345	776.093780406615	1.29799300293506	0.152773243376284	8.49620636604584	1.95887602262276e-17	1.35633567642361e-16
IODOLM_02748	211.391379194843	1.58147198314771	0.186344970582684	8.48679724600343	2.12409892471863e-17	1.46841341146425e-16
IODOLM_01205	617.863766467341	-1.36034315984185	0.160483065718918	-8.47655267394044	2.31964741245268e-17	1.60106893957302e-16
IODOLM_02057	1155.74472379454	1.2614768960451	0.148920428929426	8.47081159457925	2.43689117888199e-17	1.67934422028151e-16
IODOLM_02035	855.982758298132	-1.64302046922446	0.193977767031054	-8.47014838025963	2.45080640761277e-17	1.68627811945181e-16
IODOLM_02637	3003.1308903913	2.1903846448867	0.258657751338507	8.46827374610603	2.49056440808552e-17	1.71094346150428e-16
IODOLM_01150	455.959747483443	-1.61688711185152	0.191100225043959	-8.46093776958968	2.65235920719699e-17	1.81923571954452e-16
IODOLM_00551	707.957075363195	2.2861385822936	0.27029339781271	8.45798898823898	2.72027797820833e-17	1.86290085017835e-16
IODOLM_02485	614.129516480232	-1.76916603500144	0.209281912390903	-8.45350663509295	2.82681865810362e-17	1.93283725747835e-16
IODOLM_00529	4603.14814946043	-1.02461837534494	0.121265558374226	-8.44937663324789	2.9286227487265e-17	1.9993218640292e-16
IODOLM_01620	142.630638449041	1.83677248486358	0.217804385627433	8.43312901883197	3.36543318342562e-17	2.29394635680226e-16
IODOLM_03015	649.282862949058	-1.19598836857679	0.141890383787466	-8.42895999469722	3.48750777103854e-17	2.37345785475344e-16
IODOLM_04328	145.271851987689	1.97092861472973	0.233910313568765	8.42600133640669	3.57678098337256e-17	2.43043378621713e-16
IODOLM_04282	189.945763607146	-1.61583492954224	0.191816410202337	-8.42386179492036	3.64273937939971e-17	2.47141512003924e-16
IODOLM_03219	3722.03138789304	1.74498972690005	0.207529600773161	8.40838955213625	4.15678582099378e-17	2.81580414128e-16
IODOLM_00846	311.809446729111	1.45701926181696	0.173456737505324	8.39990007175271	4.46858742455457e-17	3.02233980986875e-16
IODOLM_00088	549.594780199333	-1.552443115034	0.18485227740237	-8.39829044494148	4.53025538487455e-17	3.05932061176096e-16
IODOLM_03396	686.320985170137	1.337685879427	0.159383474673681	8.39287687864598	4.74388326972791e-17	3.19864918156076e-16
IODOLM_03131	14092.9844995995	1.13089412291296	0.134778110549408	8.39078481144299	4.82907531737779e-17	3.25108209059157e-16
IODOLM_03189	988.511830046492	-1.56550382246294	0.18693404486331	-8.37463193827355	5.53967288438883e-17	3.72374939202543e-16
IODOLM_02693	189.732150919499	-1.41842799013941	0.169547009365408	-8.36598649217348	5.96140269106339e-17	4.00108867731494e-16
IODOLM_00435	2335.80178550694	1.36107833453957	0.162782992852933	8.36130550670763	6.20279890713245e-17	4.15673017115032e-16
IODOLM_04396	1232.05781021351	-1.06574416466605	0.127977107038123	-8.32761569105151	8.2486779379159e-17	5.51929887711314e-16
IODOLM_00631	499.329581173178	1.26750206411615	0.152348119707872	8.31977491121382	8.81305168348283e-17	5.88792582701082e-16
IODOLM_03073	530.14858944083	-1.53369191949935	0.184420429499056	-8.31627994612823	9.07672823458672e-17	6.05484188331578e-16
IODOLM_00901	406.872816435356	1.70349384331564	0.205064130071874	8.30712734947146	9.80467048685579e-17	6.53047763325433e-16
IODOLM_00648	1640.74151927809	1.23521232122467	0.148841723116517	8.29883110300811	1.0514071678203e-16	6.99233703097515e-16
IODOLM_03691	1816.91604139249	-1.16804312820142	0.140791087064414	-8.29628602602539	1.07416729687783e-16	7.13286205028438e-16
IODOLM_02955	161.174984320156	1.8176648891627	0.219135826518635	8.29469520360757	1.08863973674929e-16	7.21801134547711e-16
IODOLM_00330	259.5295235736	-2.19222780047081	0.264683134953645	-8.28246121859912	1.20655256992421e-16	7.98770657486888e-16
IODOLM_01705	738.913969382563	-1.56970750352456	0.189533470635958	-8.28195409632704	1.21170302915775e-16	8.00968648881319e-16
IODOLM_04033	50355.8995791173	1.34444557790273	0.162370708264352	8.28009923879785	1.23072674451314e-16	8.12316777373984e-16
IODOLM_00634	1058.40694846237	-1.25628545205259	0.151794179480379	-8.27624258290471	1.27122891760526e-16	8.37785804735033e-16
IODOLM_01061	55.6018629353716	3.17686293731005	0.384469580785417	8.26297604824852	1.42084758036179e-16	9.34981806265139e-16
IODOLM_00464	622.254296219955	1.56026816756763	0.188943931059872	8.25783690862885	1.48336043461926e-16	9.74652441725809e-16
IODOLM_04389	4778.95291041196	1.23973085884006	0.150295779308919	8.24860727653511	1.60251125369366e-16	1.05136270557173e-15
IODOLM_03561	75.3233730125606	2.84955448312457	0.345662036547195	8.24375887959424	1.66883289120723e-16	1.09323543891061e-15
IODOLM_02648	3622.88539848721	-1.2457021151851	0.151126899853309	-8.24275569997294	1.6828896333272e-16	1.10079596942299e-15
IODOLM_01439	100.431986616798	-2.05998830765083	0.250087639769467	-8.23706565246387	1.76485649173379e-16	1.15268835937717e-15
IODOLM_03890	1309.86665416111	-1.25272446192288	0.152452637221006	-8.21713867833487	2.08416012113126e-16	1.35920785246951e-15
IODOLM_03880	837.642463360399	-1.10094596896534	0.134106427960244	-8.20949439717922	2.22121829666623e-16	1.44643620032908e-15
IODOLM_00017	45.2576954221864	3.4296015028076	0.418146080980082	8.20192190913053	2.36573963363329e-16	1.53825804409796e-15
IODOLM_04393	225.586383511363	-1.58107901886794	0.192779699123263	-8.20148089274171	2.37443634104728e-16	1.54162217038915e-15
IODOLM_00112	81.2390301928225	2.55765658685624	0.311997292330858	8.19768840860314	2.4505354728285e-16	1.58632296288425e-15
IODOLM_00946	4127.56251675457	-1.30701778783358	0.159436285706046	-8.19774358167968	2.44941133520303e-16	1.58632296288425e-15
IODOLM_01954	393.195804110725	1.25940468254574	0.15369197199904	8.19434265931346	2.51966323064131e-16	1.62866267315899e-15
IODOLM_04364	38.7447272588618	3.73472760973178	0.456162276287263	8.18727852756477	2.67199313197152e-16	1.72457845803943e-15
IODOLM_01941	2517.36787979896	1.3941186204807	0.170334434203436	8.18459653798282	2.73217446214245e-16	1.76082407162524e-15
IODOLM_00880	283.562646809334	1.29838580243363	0.158805285748051	8.17596087131227	2.93517244046473e-16	1.88630503495085e-15
IODOLM_02981	799.284937005998	-1.37786387804577	0.168526507159474	-8.17594751870058	2.93549755210587e-16	1.88630503495085e-15
IODOLM_01232	965.764578817793	1.09333062901002	0.134007948138947	8.1586998696256	3.38649969729006e-16	2.17055677021467e-15
IODOLM_02060	176.990583006098	1.73117403741068	0.212188671634235	8.15865439034758	3.38777484930671e-16	2.17055677021467e-15
IODOLM_03046	260.352404053834	1.36008361383598	0.16672223848819	8.15778162630852	3.41233736756753e-16	2.18309770767186e-15
IODOLM_04101	1417.54594722442	-0.9923975684124	0.121756192486009	-8.15069482832615	3.61839177750724e-16	2.31154487859441e-15
IODOLM_00895	80.9615278022803	2.19672316674058	0.270067865847385	8.13396721541818	4.15464951090405e-16	2.65025455680993e-15
IODOLM_01621	188.367203722016	2.12717581963971	0.261543657407476	8.13315773253734	4.18249839789598e-16	2.66413580628716e-15
IODOLM_00080	486.634098228571	-1.12464181846358	0.138305627580163	-8.1315694678565	4.23767561547677e-16	2.69535879263464e-15
IODOLM_00207	49.2066250110977	2.97934366457219	0.366435830403494	8.13060136966285	4.27165914146062e-16	2.71303053745017e-15
IODOLM_01248	909.315984497627	1.2047864427617	0.148212081483344	8.12880050468149	4.33559161093796e-16	2.74964476658906e-15
IODOLM_01153	1171.17424573967	-1.000608008868	0.12310987824025	-8.12776377631783	4.37282320568733e-16	2.76924375515018e-15
IODOLM_02145	48.8529277975282	2.98680765733158	0.367800406770882	8.12072961950851	4.63389351816158e-16	2.93033497622472e-15
IODOLM_03209	524.7546128	1.12901731948382	0.139119497159893	8.11544997309913	4.83988064439348e-16	3.05617860026924e-15
IODOLM_00025	17005.2470640891	-1.24712279527376	0.154018088698494	-8.09724887389775	5.6215991547947e-16	3.54468557656796e-15
IODOLM_00467	1086.6151966347	-0.964638314513291	0.119141011816767	-8.09661005730639	5.65118511576497e-16	3.55821382253058e-15
IODOLM_00959	778.081621044686	-1.01240397491994	0.125097431003284	-8.09292378588787	5.82493145284003e-16	3.66234195942931e-15
IODOLM_03905	208.080069057491	-1.34924443879923	0.166739124236685	-8.09194869516041	5.8717643449098e-16	3.68649078526905e-15
IODOLM_02375	1407.8236474522	-0.993605545913207	0.122900131975399	-8.08465808736561	6.23388369193943e-16	3.9082342458348e-15
IODOLM_01347	1832.68546148015	-1.52669841548292	0.189291760290412	-8.06531891900977	7.30449307772208e-16	4.57288436453674e-15
IODOLM_00605	55.2314049764909	2.54233107336426	0.315365294355732	8.06154360947692	7.53370079443099e-16	4.70963923949e-15
IODOLM_01007	285.92116374812	-1.44779355711766	0.179675849338501	-8.05780833900545	7.76744774986878e-16	4.84883756824904e-15
IODOLM_01641	2004.88833712553	1.27552199857174	0.158384890348213	8.05330606832171	8.0587044569053e-16	5.02348870419054e-15
IODOLM_02735	179.209095544158	-1.89827489410581	0.236003709701865	-8.04341125189868	8.73714901184894e-16	5.43865776327894e-15
IODOLM_00135	276.567695668774	-1.76091824780079	0.218944703453942	-8.04275335288584	8.78420231115654e-16	5.46018030023026e-15
IODOLM_00005	1654.74752342649	-1.15909366656219	0.144140994663931	-8.04138801223518	8.88265032275951e-16	5.51354295211285e-15
IODOLM_01797	2481.86004286982	1.18973274200643	0.147971288838042	8.04029451489485	8.96228027628658e-16	5.55509043753967e-15
IODOLM_01249	1141.01694825968	1.45465756496646	0.181017390225013	8.03601003836291	9.28111445756689e-16	5.74457664304282e-15
IODOLM_01988	186.308186005087	1.71684941652295	0.213674903554452	8.03486693085334	9.36805184855899e-16	5.79019701826189e-15
IODOLM_01685	2706.79434062709	1.33586628380153	0.166427393554805	8.02672117412945	1.00112264687339e-15	6.17900240157682e-15
IODOLM_02087	1523.93787086076	-1.11294292110259	0.138732405649015	-8.0222275098312	1.03844575354743e-15	6.40033608101907e-15
IODOLM_03266	575.837459075022	-1.08486628820993	0.135246319288673	-8.02141081484341	1.04537468687541e-15	6.43397978870153e-15
IODOLM_01616	1682.24975564474	-0.915889371713891	0.114261735370331	-8.01571382357725	1.09499190895978e-15	6.72989409214603e-15
IODOLM_03257	1910.53194366279	-0.903120709784361	0.112781927182172	-8.00767226051732	1.16899938127264e-15	7.17467221942369e-15
IODOLM_00273	56.350978747602	2.85988564972281	0.357601953587257	7.99739940186034	1.27074519645984e-15	7.78820865505361e-15
IODOLM_04270	1165.94954245034	0.991942483749679	0.124059248029766	7.9957157527803	1.28823275071327e-15	7.88434477919061e-15
IODOLM_02815	120.244061005927	2.52783663523016	0.31625826343055	7.99295046968874	1.31747068989843e-15	8.0520275684295e-15
IODOLM_00362	1487.3690377899	-1.31203283266639	0.164171391095869	-7.99184817712981	1.32930682215624e-15	8.11117340871135e-15
IODOLM_02541	3880.41577768525	1.08878694295097	0.136239636622411	7.99170468993943	1.33085523479313e-15	8.11117340871135e-15
IODOLM_00963	2562.20854207796	0.997252552169894	0.125119767875998	7.97038364999395	1.5818252924984e-15	9.62735393598469e-15
IODOLM_02462	401.015133055234	-1.23919980312099	0.155600848630681	-7.96396558261861	1.66611616837989e-15	1.01262838233755e-14
IODOLM_01808	2108.04931206936	0.950716540294392	0.119564838698878	7.95147261218457	1.84307370857264e-15	1.11862559621552e-14
IODOLM_02088	3762.44641559405	-1.1053324443404	0.139103355450559	-7.94612351916464	1.92438548431977e-15	1.16635884756001e-14
IODOLM_03601	1138.14265708471	-1.22758537773021	0.154787855853227	-7.93076027162124	2.1780831230852e-15	1.3182976136405e-14
IODOLM_02862	639.046301787522	-1.26717568644238	0.159878909709217	-7.92584643432387	2.26597482621363e-15	1.36960025407608e-14
IODOLM_01558	2534.28146750844	0.96041918457707	0.121178866276196	7.92563269562239	2.26987612805503e-15	1.37006592225777e-14
IODOLM_01794	341.296788768648	1.27788316777316	0.161425883714987	7.91622222139659	2.44835858119097e-15	1.47575993819445e-14
IODOLM_00377	702.299674272736	-1.01050644032833	0.127681915855997	-7.91424872938158	2.48750556201938e-15	1.49729358176022e-14
IODOLM_02175	257.466507118297	-1.58383534316852	0.20050898097604	-7.89907432304879	2.80982307671362e-15	1.68898156369489e-14
IODOLM_02603	4816.53341512341	1.12776309642609	0.143052717821113	7.88354890143613	3.18211550486714e-15	1.91014231128924e-14
IODOLM_00791	924.150511318666	1.04503351682777	0.132828124410915	7.86756209547058	3.61618791043877e-15	2.16773127343563e-14
IODOLM_00096	705.444178979204	-1.09044832847276	0.138637902721356	-7.86544160772839	3.67797638722515e-15	2.20175440088882e-14
IODOLM_01805	138.586134555036	1.62884715573166	0.207150435146812	7.86311240223684	3.74704494551997e-15	2.24003670513598e-14
IODOLM_02593	3061.26090522301	-1.41721524910837	0.180256887034159	-7.86219751392804	3.77452230517975e-15	2.2533846667758e-14
IODOLM_01793	869.247932215366	1.23377747018046	0.157280918528244	7.84441928318789	4.34961559052186e-15	2.5931768152757e-14
IODOLM_00662	523.297848702025	-1.11776758266826	0.142531361839546	-7.84225708813881	4.42519197166426e-15	2.63464490721127e-14
IODOLM_03714	1164.25184857394	-0.947845678282143	0.120897044985649	-7.84010625234603	4.50165353812233e-15	2.67652661451404e-14
IODOLM_02592	5602.60723632899	-0.845498298594005	0.108052726325486	-7.82486779692274	5.08190673731513e-15	3.01742522150488e-14
IODOLM_01709	392.622933643796	1.16868220437665	0.149506898192662	7.8169115840436	5.41350993653256e-15	3.20996198946701e-14
IODOLM_02646	2798.05516012487	-0.824751872279605	0.105643442508033	-7.80693862959728	5.8593782838629e-15	3.46495126624109e-14
IODOLM_03208	764.612181611574	-0.981808768471007	0.125758852558576	-7.80707479828271	5.85305368036174e-15	3.46495126624109e-14
IODOLM_00541	1624.99204849781	1.2616955720811	0.161785546389801	7.7985679205311	6.26136503314918e-15	3.69766982254532e-14
IODOLM_03017	469.946369384987	-1.03932923716249	0.133317189899338	-7.79591317479193	6.39443451424026e-15	3.7711651528727e-14
IODOLM_03622	341.413965114959	-1.66664975704432	0.21387697843892	-7.79256266480447	6.56635862864206e-15	3.86734661627694e-14
IODOLM_02779	145.087379826833	-2.09639085991742	0.269174508919221	-7.78822210295755	6.79586457745547e-15	3.99713755254639e-14
IODOLM_00726	110.808245945865	1.87303600784133	0.240816924659124	7.77784207024738	7.37720835541979e-15	4.33324345816336e-14
IODOLM_00769	1893.09712644287	1.09652294505277	0.140993883550124	7.77709583879187	7.42083880487027e-15	4.35302823191854e-14
IODOLM_03891	1233.33431367145	-1.02347680829799	0.131831957933137	-7.76349547062848	8.26200748087846e-15	4.83996582815584e-14
IODOLM_03864	564.035047066876	-1.25986181037928	0.162542774287983	-7.75095550016353	9.12036464846892e-15	5.33565717937166e-14
IODOLM_03673	366.706436723402	-1.14795721669072	0.148168024590733	-7.74767173863312	9.3592706943826e-15	5.46811329220538e-14
IODOLM_01211	380.357681997256	-1.37231853805128	0.177255342367829	-7.74204331288098	9.78316478358111e-15	5.70815054572679e-14
IODOLM_02149	221.798362023137	-1.64259157686074	0.212490849176573	-7.73017559685971	1.07398337115499e-14	6.25799098824796e-14
IODOLM_01422	138.632901763367	2.08641340994943	0.26998626084967	7.72785031128362	1.09377849070685e-14	6.36485994060265e-14
IODOLM_01060	71.3292171151135	2.5575874432971	0.33113225771113	7.72376409648457	1.12943784010953e-14	6.56363876270825e-14
IODOLM_01568	409.24650305944	1.36217258446851	0.176411626973089	7.72155785784064	1.14916417722715e-14	6.66941968109548e-14
IODOLM_01944	1074.05938296505	-0.863932181846693	0.112310596187192	-7.69234792776585	1.44459134689349e-14	8.37288971391514e-14
IODOLM_00258	89.8893180279452	1.84655261849958	0.240090578035539	7.69106656999361	1.45913484462318e-14	8.44599746041143e-14
IODOLM_03514	1557.96137817624	-0.888058532937047	0.11554508974227	-7.68581802063518	1.52022470561118e-14	8.78798323877747e-14
IODOLM_00020	516.693724502461	1.12795857318517	0.146818676379387	7.6826640928874	1.55813763804378e-14	8.99526425340315e-14
IODOLM_02817	933.472546120782	1.30869868114267	0.170444554837397	7.67814895812403	1.61403750734938e-14	9.30570241391419e-14
IODOLM_02594	5907.3595257148	-0.919034615966787	0.119874652159352	-7.66663009578619	1.76574058975061e-14	1.01669484483535e-13
IODOLM_00498	50.3942999626703	2.85581963713743	0.372661132485978	7.66331497488508	1.81194237803834e-14	1.04192639241732e-13
IODOLM_03332	559.095585789884	-1.91608818680619	0.250178234878557	-7.6588924201832	1.87543410094888e-14	1.07702094826146e-13
IODOLM_01792	596.004371291233	1.28944356192693	0.168474711608086	7.65363270023871	1.95379820390315e-14	1.1205532031822e-13
IODOLM_02090	1398.5181473926	-1.05902537736798	0.138377102190297	-7.6531836597619	1.96063575610008e-14	1.1230028885725e-13
IODOLM_03773	519.390749964208	1.19984332209299	0.156804724596978	7.65183144306939	1.98136848717307e-14	1.13339457514632e-13
IODOLM_01637	144.22681981905	1.53148228103735	0.200227607063734	7.64870690658487	2.03010361464638e-14	1.15975632084759e-13
IODOLM_01584	347.376730838727	1.55008208453941	0.20275162913441	7.64522628576177	2.08578191975457e-14	1.19001064939322e-13
IODOLM_01142	1322.17603739681	0.94925053827392	0.124323582157984	7.63532164853215	2.25257339230719e-14	1.2834975474917e-13
IODOLM_03159	478.424126315711	-1.23778598378858	0.162134900606631	-7.63429699069955	2.27055958726939e-14	1.29206355707293e-13
IODOLM_01430	31.1366581825679	-3.25967515151191	0.427446652836418	-7.62592274353209	2.42294913049572e-14	1.37699031104536e-13
IODOLM_01580	264.599181704784	1.34533325389654	0.176656888607445	7.61551538975672	2.62641344316809e-14	1.49068550289281e-13
IODOLM_02174	248.337953984706	-1.51932101510989	0.199515050164343	-7.61506970957031	2.63549192026083e-14	1.49390060143282e-13
IODOLM_02578	1033.7504738553	1.60046652002004	0.210879641004525	7.58947858786282	3.21195343450035e-14	1.81830636861236e-13
IODOLM_00916	1283.31136062416	1.31523537343494	0.173314202356446	7.58873396151325	3.23046251597003e-14	1.82642170153551e-13
IODOLM_03902	320.276446772216	-1.11652183008153	0.147248718041318	-7.58255721973911	3.38809578119393e-14	1.91307188883931e-13
IODOLM_04331	69.7386044273588	2.16688852068389	0.285825710113633	7.58115328331528	3.42496658757728e-14	1.93139868392244e-13
IODOLM_01714	490.37078509701	1.82904965456592	0.241464558753745	7.57481621322015	3.59636392503735e-14	2.02544254002104e-13
IODOLM_00132	823.125530461484	1.1737581484555	0.15496882501473	7.57415659790886	3.61468185467166e-14	2.03314239023691e-13
IODOLM_01734	369.471203934624	1.20426770330107	0.159106044893149	7.56896260044562	3.7621643522575e-14	2.11338012907302e-13
IODOLM_03917	923.108001054136	-0.982813040869432	0.130108325555487	-7.55380592804795	4.22719924533913e-14	2.37156716635949e-13
IODOLM_00767	2081.0109039385	1.2491621458884	0.165499603786472	7.54782559781883	4.42585031477739e-14	2.4798362327101e-13
IODOLM_02906	706.285753404572	-1.4210478780371	0.188373848271591	-7.5437641215902	4.56596690663462e-14	2.55507304135973e-13
IODOLM_01139	2919.75112808268	1.12639212538507	0.149418208912908	7.53851979340492	4.75335842458418e-14	2.65653850140235e-13
IODOLM_01992	929.432481647546	-0.907067363394347	0.120338273912463	-7.53764645198559	4.78529092870047e-14	2.67097361020322e-13
IODOLM_02559	1388.9970895723	-1.01805774529384	0.135087655839693	-7.53627516123279	4.83585633503338e-14	2.69575889453581e-13
IODOLM_03074	956.896014572945	-1.35404912579495	0.179835893437659	-7.52935968405185	5.0989746589876e-14	2.83881846154322e-13
IODOLM_01897	3782.25687673102	-1.161966160483	0.154484737796456	-7.52155958612538	5.41266486866382e-14	3.00963423955183e-13
IODOLM_00213	899.605367609738	-0.971396663894061	0.129170150398077	-7.52028747276679	5.46559315489417e-14	3.0352075692661e-13
IODOLM_02974	3865.95564626664	-1.01932674170377	0.135760315313991	-7.50828207305088	5.99083126970939e-14	3.32267143678685e-13
IODOLM_03523	3406.88389385016	4.137454663267	0.551134048056169	7.50716577547633	6.04211948655963e-14	3.34687530040316e-13
IODOLM_02396	1400.81849499843	-1.51637323084618	0.202277984115574	-7.49648182166864	6.55535029295451e-14	3.62657558558394e-13
IODOLM_04012	2133.64084181884	-0.830364358293896	0.110776415849649	-7.49585868007239	6.58657267224158e-14	3.63924772900621e-13
IODOLM_03846	873.216282537037	1.01270543002214	0.135231984236546	7.488653189106	6.95839387163714e-14	3.83984004820733e-13
IODOLM_00613	1029.70805074251	1.53905921431266	0.205562467497011	7.48706333920145	7.0431717524239e-14	3.88172790788501e-13
IODOLM_00887	403.569274392087	-1.05343631241858	0.140723094575513	-7.48588080439989	7.10688747709189e-14	3.91191693078668e-13
IODOLM_00928	6445.05426159521	-0.992952330747519	0.132699701944818	-7.48270204224292	7.28098331133595e-14	4.00271142844298e-13
IODOLM_02673	3155.01715381299	-0.786985653319432	0.105253115898171	-7.47707701196053	7.59938859678865e-14	4.17251248425936e-13
IODOLM_03398	531.798734970617	-1.05561355986677	0.141341307345923	-7.46854249255834	8.10879321863784e-14	4.44662645673674e-13
IODOLM_00424	168.198816496157	1.56256258784332	0.209771163554764	7.44889126495879	9.41279082808835e-14	5.15524063375652e-13
IODOLM_03476	867.055890882457	-1.22384520229282	0.164328540175474	-7.44755111306876	9.50887143975494e-14	5.20135267754595e-13
IODOLM_04206	266.116752338952	1.86515058594733	0.250492499659646	7.44593386421386	9.62610234106249e-14	5.25890435012353e-13
IODOLM_00790	7748.46851973474	-0.850796309980616	0.114495646989982	-7.43081795987453	1.07928162863831e-13	5.88894813830578e-13
IODOLM_01773	31.4673770509172	4.34812537236309	0.58519915735889	7.43016341989787	1.08463591410445e-13	5.91079297648951e-13
IODOLM_01227	1905.75221540462	-0.779652911607156	0.104933878906614	-7.42994464448427	1.08643136093158e-13	5.9132134769112e-13
IODOLM_02054	948.606579777468	-0.936207562341224	0.126351596824138	-7.40954278278163	1.26735587096516e-13	6.88937800166898e-13
IODOLM_02967	1292.54918060197	-1.04301714226718	0.140991222970187	-7.39774519501636	1.38516312449314e-13	7.5204389984888e-13
IODOLM_01570	148.414802212957	1.60972423877914	0.21771450640458	7.39373900877226	1.42756488460252e-13	7.74104576830312e-13
IODOLM_02290	561.499860836938	1.02477597624089	0.138632540431522	7.39203056548672	1.44603273197535e-13	7.83148420188628e-13
IODOLM_03837	4891.63350944852	-0.815809171396595	0.110498986421684	-7.38295615023401	1.54813026412227e-13	8.37406432113603e-13
IODOLM_03832	1289.64770039445	2.01479664726557	0.273598528304778	7.364062444887	1.78396178324078e-13	9.63779847340946e-13
IODOLM_02360	179.265177276585	2.8258288957163	0.383899110674847	7.36086335482476	1.82724539068505e-13	9.85946464813535e-13
IODOLM_03095	1618.76193734593	-0.909492858234446	0.123619661805024	-7.35718610579052	1.87827404079886e-13	1.0122324141054e-12
IODOLM_03289	15964.6394152537	1.13580326430637	0.154534391375822	7.34984137960678	1.98442205664398e-13	1.06812188436335e-12
IODOLM_00774	23084.6360742056	-1.25846733189442	0.171276118325919	-7.34759372290129	2.01806789582896e-13	1.08489743392476e-12
IODOLM_02391	433.448557127989	1.06436570314132	0.144869926338974	7.34704386230487	2.02638387037995e-13	1.08803138856229e-12
IODOLM_02572	745.307134011662	-0.931087611909537	0.126953204785284	-7.33410088767974	2.23214906819083e-13	1.19704464735332e-12
IODOLM_02063	504.470161436459	-1.59795817087129	0.217893163691542	-7.33367740317644	2.23921731091019e-13	1.19936535526842e-12
IODOLM_01742	1684.4234052986	1.05883468516027	0.144414967383766	7.33189020738092	2.26928979213307e-13	1.21398681300419e-12
IODOLM_00821	1501.9795991353	-1.45476278667172	0.198433778534608	-7.33122554745893	2.28057469279626e-13	1.21853417041226e-12
IODOLM_01560	41.566119249337	2.9788295335877	0.406721568800764	7.32400187767498	2.40683316413364e-13	1.28442706417668e-12
IODOLM_01999	616.201623931404	1.07472610928039	0.146898806277667	7.31609831633998	2.55284657341864e-13	1.36068898968087e-12
IODOLM_02607	2387.99877927747	-1.1609165714246	0.158756275506112	-7.31257122103439	2.62078285209943e-13	1.39520021420768e-12
IODOLM_02291	230.996318357051	1.31571578359536	0.179935963910751	7.31213346681465	2.62933745257982e-13	1.39805354708254e-12
IODOLM_00775	15860.1955537142	-1.46533004027164	0.200422440075898	-7.3112074661736	2.64752384914684e-13	1.40601509270225e-12
IODOLM_00357	668.251349634072	-1.24645771109434	0.170622988074608	-7.30533279929023	2.76581316020417e-13	1.46705435018829e-12
IODOLM_00864	95.7523191341972	-2.12454479807081	0.291070818361897	-7.29906491494897	2.89774498363439e-13	1.53517337147507e-12
IODOLM_00123	1375.32429429515	-1.2910390956467	0.176899126865962	-7.29816544897322	2.91717794724007e-13	1.54359984245738e-12
IODOLM_03099	1664.49673632815	-1.02529751383256	0.140517715313843	-7.29657119419125	2.95193681007573e-13	1.56010573440717e-12
IODOLM_04208	1515.03538410853	1.15875771788196	0.158865485379085	7.29395510369627	3.00985772634036e-13	1.58879824010439e-12
IODOLM_02632	433.89758626103	-1.70329108081975	0.233582646802244	-7.29202748636458	3.05324849081794e-13	1.60976089106257e-12
IODOLM_03551	2755.11489456137	0.860832645996268	0.11811351518419	7.28818073574273	3.1416834033366e-13	1.65439308941047e-12
IODOLM_00387	127.802802832225	1.52911091622234	0.209925180198744	7.28407575868065	3.23882980783626e-13	1.70349990854465e-12
IODOLM_03684	193.848908421103	1.55433362734647	0.213504038334599	7.28011347921464	3.33539490409845e-13	1.75218344541835e-12
IODOLM_01574	64.6566930770452	2.09281004340269	0.287631814016639	7.27600335365415	3.43855043502078e-13	1.80420823784783e-12
IODOLM_01015	373.719158125249	1.04796009819436	0.144143666836655	7.27024725534363	3.58830092714833e-13	1.88052752780851e-12
IODOLM_01995	201.437514764411	1.40072467588073	0.192682753487567	7.2695903007796	3.60579419039177e-13	1.8874348537266e-12
IODOLM_00524	514.286905260595	1.07824059096059	0.1488382399113	7.24437880751051	4.34425665437859e-13	2.27126249935014e-12
IODOLM_00598	183.921139904796	1.47966260725211	0.204354324492203	7.24067186211447	4.46467427804068e-13	2.33143372800788e-12
IODOLM_00326	1197.3400379981	-0.838525232978327	0.115859601043346	-7.23742551698081	4.5728172593773e-13	2.38505939535579e-12
IODOLM_00831	234.301212610278	1.57052687872284	0.217022089130707	7.23671440549513	4.59684716366207e-13	2.39473847478395e-12
IODOLM_00335	307.67676810594	1.22074641790699	0.168945427121429	7.22568487769475	4.98582669097181e-13	2.59428984538557e-12
IODOLM_01251	12533.9243801784	2.32895104311668	0.32239120864539	7.22399054522104	5.0483769166174e-13	2.6237170293489e-12
IODOLM_02100	4804.07401452456	-0.92619413092477	0.128390579437149	-7.21387920348293	5.43800005637059e-13	2.82285744325951e-12
IODOLM_04404	365.388362221334	-1.43172420711375	0.198921726153286	-7.19742501133581	6.13602745808687e-13	3.18142845457205e-12
IODOLM_03089	138.756118706438	-1.6282222007707	0.22626878099887	-7.19596487674024	6.20205942221506e-13	3.21185941202522e-12
IODOLM_01853	183.745620434626	1.39019862863083	0.193212852773465	7.19516641194045	6.23846308293814e-13	3.2268929611037e-12
IODOLM_03331	1637.53231189919	-0.969802500516834	0.134911259565731	-7.18844745530178	6.5532196881927e-13	3.3857012226129e-12
IODOLM_04395	1572.2470760872	-0.983931900740073	0.1369024609025	-7.18710163611169	6.61811465779648e-13	3.41519690359875e-12
IODOLM_02545	536.028637818809	-0.957913508952789	0.133362130654367	-7.18279997666955	6.82979889287482e-13	3.52028268023795e-12
IODOLM_02052	509.31827362797	-1.28018823753601	0.178333665321492	-7.17861226722473	7.04225502073932e-13	3.62551858479473e-12
IODOLM_01400	819.962245257894	1.5855304873784	0.220939614003207	7.17630694944266	7.16196612325066e-13	3.68281595244946e-12
IODOLM_00365	1291.06780962305	-1.04147587698615	0.145147046551188	-7.17531566595715	7.21405379198824e-13	3.70524640771603e-12
IODOLM_01589	219.82420273744	1.37071043984449	0.191176128071002	7.1698828387999	7.50619770421303e-13	3.85077621965255e-12
IODOLM_03206	251.712664388978	-1.25677289344559	0.17529745848177	-7.16937315766211	7.53419373147248e-13	3.86061261931189e-12
IODOLM_04191	2625.4047697671	-1.50253186752259	0.209581324628164	-7.16920684697623	7.54335108945727e-13	3.86078413654562e-12
IODOLM_01063	123.603327069651	1.78723621739021	0.249466313819216	7.16423869030024	7.82200147840373e-13	3.99872412026807e-12
IODOLM_02964	1342.83194533988	-0.886825866443482	0.12379151715953	-7.16386620660467	7.843295564641e-13	4.00493131748763e-12
IODOLM_00018	158.697403831429	-1.62239169878915	0.226493991432672	-7.16306727841577	7.88916064703546e-13	4.02365582650666e-12
IODOLM_03544	101.609156641577	1.86913219808249	0.260982727744303	7.16190000096009	7.95664568029926e-13	4.05335058172172e-12
IODOLM_00908	1011.37562613469	-1.02831620623689	0.143673169647668	-7.15732943568133	8.22638446764727e-13	4.18589051516563e-12
IODOLM_03346	17011.5230346922	0.985403763953455	0.137927980957712	7.14433545036502	9.04323146198607e-13	4.59618825524402e-12
IODOLM_01655	287.782233428909	1.27389041376574	0.178374850724277	7.14164810001642	9.22184417830692e-13	4.6815301768296e-12
IODOLM_02474	510.435844283597	1.11533907089112	0.156189217099049	7.14094795791068	9.26894427961358e-13	4.69998843193384e-12
IODOLM_01862	46291.2631136629	1.06456843693812	0.149109307475951	7.13951700908959	9.36594291371347e-13	4.74367664240858e-12
IODOLM_00140	217.440749516104	-2.28332654523312	0.319887308532957	-7.13790914589496	9.4761227741952e-13	4.79393216877205e-12
IODOLM_02728	243.370598178698	1.56727719217293	0.219629685542892	7.13599888967129	9.6086785497461e-13	4.85537844499872e-12
IODOLM_00548	251.791295212072	1.29519740831304	0.181625516102058	7.13114234227557	9.95393131083497e-13	5.02403730290817e-12
IODOLM_00110	2239.94790676614	-1.20898145637647	0.169552185050914	-7.13043866708903	1.00049550430404e-12	5.04397272676782e-12
IODOLM_01191	547.361180443332	-1.11190991217728	0.155972024044983	-7.12890609059866	1.01169726336612e-12	5.09457678307264e-12
IODOLM_01024	39.6213821480904	2.99094614312418	0.42027907012431	7.11657171564484	1.10644617316734e-12	5.56529707331066e-12
IODOLM_03165	663.145904890296	1.14284054917564	0.160623196531766	7.11504050381427	1.11879975174641e-12	5.62097326480173e-12
IODOLM_00527	996.265263770115	-1.21010029099657	0.170185676287275	-7.11047085392729	1.15647724152247e-12	5.80360597351185e-12
IODOLM_03894	191.276165834765	1.36617187686054	0.192211319673656	7.10765567387021	1.18030573572024e-12	5.9164008012735e-12
IODOLM_02308	9694.36948614706	-0.739812741144796	0.104171758291266	-7.10185517917695	1.23093184797071e-12	6.163109572906e-12
IODOLM_04402	660.266821067502	-1.15785786057632	0.163254421881298	-7.09235221461995	1.31851414469013e-12	6.59407759675886e-12
IODOLM_00183	3148.32637387291	-0.803663282728548	0.113385310848488	-7.08789592509431	1.36166306271792e-12	6.80209767403379e-12
IODOLM_00091	53668.1078342435	1.19957416623249	0.169466459824899	7.07853440422341	1.45686959355623e-12	7.2693971965816e-12
IODOLM_00236	420.491414197277	1.22237228421598	0.172708754081528	7.07765098947418	1.46618409763192e-12	7.29922822666359e-12
IODOLM_02058	445.651697173335	1.03050246292994	0.145598274908499	7.0777106636569	1.46555307211166e-12	7.29922822666359e-12
IODOLM_02859	502.597654062621	-1.17556262602746	0.166147394421212	-7.07542017208656	1.48996612366256e-12	7.40919517857655e-12
IODOLM_01642	1768.35535107905	1.12775266725895	0.159399829473495	7.07499293433358	1.49456375676883e-12	7.42362202000046e-12
IODOLM_02427	38.4173373688055	2.6474997429846	0.374388868374654	7.07152366596336	1.53241661867929e-12	7.60301034392354e-12
IODOLM_03695	2054.69246688818	0.873360774352259	0.123608001398205	7.06556828419799	1.5996000277717e-12	7.92734962800564e-12
IODOLM_03410	518.820893577453	-1.12503236064507	0.159288595373742	-7.06285568031649	1.63115112314029e-12	8.07456709826006e-12
IODOLM_04105	927.052671622835	-1.09430555103647	0.155038160593938	-7.0582980786426	1.68554195700135e-12	8.33438599303716e-12
IODOLM_01524	235.190679020031	-1.09625853004695	0.155719817662086	-7.03994229190433	1.92319466583604e-12	9.48804944498141e-12
IODOLM_02207	307.904760156813	1.18485700062606	0.168304918623196	7.03994280332792	1.9231876070215e-12	9.48804944498141e-12
IODOLM_02756	384.329419369442	1.1736644000687	0.166743936552206	7.03872311243674	1.94009457740447e-12	9.56064625081303e-12
IODOLM_00952	3644.61502122491	-0.908848389649598	0.129187125762703	-7.03513128172704	1.99073477477045e-12	9.79916240089482e-12
IODOLM_03241	2195.91426201867	-0.929558300816526	0.13214510574851	-7.03437554914519	2.0015535753605e-12	9.84134656828938e-12
IODOLM_01176	913.317550356057	1.99596470285609	0.283758270262176	7.03403182226879	2.00649330872523e-12	9.85456197416565e-12
IODOLM_01881	348.594354343568	1.32990032778782	0.189084681787318	7.03335836206812	2.01620636488531e-12	9.89116485732973e-12
IODOLM_02860	217.061792512696	-1.17628187125784	0.167611350041032	-7.01791299318262	2.25206704133005e-12	1.10358850759914e-11
IODOLM_04129	400.323865119501	-0.967772998274757	0.13804461205011	-7.01058146277708	2.37329708204102e-12	1.16169441062768e-11
IODOLM_00886	1367.47037601803	-0.904801299905611	0.12912932260268	-7.0069391031316	2.43588221382415e-12	1.19099671147424e-11
IODOLM_00346	1304.63791910806	-1.17298421602225	0.167407320668293	-7.00676775268654	2.43886598474063e-12	1.191124726476e-11
IODOLM_03399	1335.47186402681	-0.801480436913244	0.114405963882191	-7.00558266122005	2.45960065146511e-12	1.19991220187417e-11
IODOLM_00392	637.689989582324	-1.12627742136301	0.160795961559146	-7.00438873241679	2.48066474149881e-12	1.2088406357237e-11
IODOLM_02574	499.995222279503	-0.936154602487556	0.133665692685896	-7.00370142612022	2.49287079153444e-12	1.21343743979474e-11
IODOLM_02681	191.087734817223	1.38428838092057	0.197715415067295	7.00141858159823	2.53383665627831e-12	1.23200768976377e-11
IODOLM_03055	1308.38574571874	-0.990637150155857	0.141614515205576	-6.99530799309512	2.64676834831625e-12	1.28548926661842e-11
IODOLM_00849	1416.28669853309	0.91246305175439	0.130465630068817	6.99389602666306	2.67355727105592e-12	1.29706060068079e-11
IODOLM_03831	273.433769453667	-1.11620968111966	0.159713598523477	-6.98882056029549	2.7720668878187e-12	1.34336264685434e-11
IODOLM_02108	701.488024942283	1.61501545029321	0.231262904320633	6.98346090151184	2.87995623510272e-12	1.39410270849663e-11
IODOLM_04082	110.377670816357	-1.79122669842417	0.256531870272846	-6.98247237865234	2.90030004428455e-12	1.40239922583306e-11
IODOLM_02697	677.781152061103	-0.915824961573897	0.131226216014522	-6.97897866286524	2.97333626595746e-12	1.43612798011367e-11
IODOLM_03085	1054.42993638525	-1.09114096228351	0.1565717352751	-6.96895234868763	3.19309821290526e-12	1.54057307383389e-11
IODOLM_01527	369.625997824059	-1.58085995294368	0.227094499815208	-6.96124280522011	3.37283873585777e-12	1.62550025419753e-11
IODOLM_01334	549.217915197734	-1.65387431636679	0.237651488060761	-6.95924241780441	3.42107397892928e-12	1.64693286378378e-11
IODOLM_02526	227.381082626954	-1.20641388866168	0.173447557752117	-6.95549654487396	3.51322392606887e-12	1.68758154780213e-11
IODOLM_03261	2189.42180518411	-0.961432820071681	0.138226252355822	-6.95550088124185	3.5131158553631e-12	1.68758154780213e-11
IODOLM_03121	440.584899428655	-1.1373441443256	0.163613213698742	-6.95141986771174	3.61627804473353e-12	1.73517902672741e-11
IODOLM_03157	1312.33874939388	-0.821916971029534	0.118249970895389	-6.95067377020034	3.63545685324497e-12	1.74247088606791e-11
IODOLM_02160	637.67889908824	1.57814030076509	0.22709245219587	6.94932960345123	3.67026132595181e-12	1.75722796087146e-11
IODOLM_01151	4156.65940690046	-0.94575707112637	0.136122222483679	-6.94785211312402	3.70889489371085e-12	1.77378404971352e-11
IODOLM_02957	3393.56934785631	-0.761849995401753	0.109773582350532	-6.94019434447344	3.9156089519908e-12	1.87060095785063e-11
IODOLM_02038	926.554139550257	-0.960672409654504	0.138460588928241	-6.9382372059127	3.97022692420477e-12	1.89462519305562e-11
IODOLM_02737	65.7411323442083	2.40811184703795	0.347259717134643	6.93461328284227	4.07333885641647e-12	1.94171359865779e-11
IODOLM_02373	193.667458156424	-1.34743140611271	0.19431983681925	-6.93409086878788	4.08841805391917e-12	1.94678100151798e-11
IODOLM_03395	19982.8767982842	1.07074981075956	0.154442870662942	6.93298309053305	4.12057476216049e-12	1.95996034339286e-11
IODOLM_04180	25.4132355696219	4.64713173300146	0.671040695475625	6.92526066501471	4.35173475516823e-12	2.0676646350289e-11
IODOLM_00505	206.203300113015	1.74496239333708	0.2520640787475	6.92269363412573	4.43135455495294e-12	2.10321122911866e-11
IODOLM_03302	3991.2441443614	-1.5444357065255	0.223259408808506	-6.91767354741223	4.59120773045066e-12	2.17671993807715e-11
IODOLM_00194	283.765510800396	1.17776530773168	0.170274062816662	6.91688028258189	4.61697932449229e-12	2.18656942900198e-11
IODOLM_01907	813.133193421429	-1.19493823854803	0.17282366352201	-6.9142050006124	4.70494383971925e-12	2.22581991812016e-11
IODOLM_01090	668.307555490168	1.26361026591991	0.182828109890662	6.91146600309766	4.79670499228887e-12	2.26677981061081e-11
IODOLM_03225	2970.56792484438	0.788606025272983	0.114222719005527	6.90410832572481	5.05197394171779e-12	2.38483688985513e-11
IODOLM_04106	4841.9228152354	-0.691295042144931	0.100132842513107	-6.90377926757089	5.0636961972359e-12	2.38779467231728e-11
IODOLM_03603	368.956755532385	1.49052840568418	0.21606136814419	6.89863448744555	5.25047697827808e-12	2.47320637857318e-11
IODOLM_01408	659.149289453692	0.96708429463876	0.140229676123067	6.8964310649198	5.33252230267581e-12	2.50645731434042e-11
IODOLM_02519	120.660994338458	-1.52117648688839	0.220571253530926	-6.89653099638894	5.32877425965352e-12	2.50645731434042e-11
IODOLM_04179	75.871339445853	1.74936648604769	0.253730933742667	6.89457316159129	5.40267753351518e-12	2.53670782045734e-11
IODOLM_00340	333.25210699157	-1.2441430673952	0.180532741351562	-6.89150930784577	5.52035090430352e-12	2.58918065993914e-11
IODOLM_01340	46.6220420844725	2.97538611465102	0.431764833334111	6.89121921226176	5.53162191983939e-12	2.59168924210034e-11
IODOLM_02961	662.291160979623	-1.04583490807156	0.152026548178613	-6.8792912856433	6.01510550087335e-12	2.81519803976704e-11
IODOLM_01601	396.812329772254	-1.12366547885777	0.163432373433483	-6.87541553274388	6.18094222650992e-12	2.88972256230848e-11
IODOLM_00612	195.148472096953	1.70854661481654	0.249006989338231	6.86144039312805	6.8169648663544e-12	3.18367537408397e-11
IODOLM_00182	431.8816581207	-1.26332403541482	0.184189642874012	-6.85882232954297	6.94305244392148e-12	3.23910421051177e-11
IODOLM_03947	621.989037244196	-0.879538830300735	0.1282761217635	-6.85660603243308	7.05157468342457e-12	3.28622905374504e-11
IODOLM_00805	983.979983269628	1.129238975966	0.164717760432572	6.8555993779934	7.10141339137639e-12	3.30593457453863e-11
IODOLM_00584	1122.94562771925	-0.863134527600316	0.125917720483447	-6.85475026300036	7.14372068844221e-12	3.32209582705878e-11
IODOLM_03335	1473.49913565488	-0.831016890646818	0.121237975478996	-6.85442731424351	7.15987641571489e-12	3.32607422454017e-11
IODOLM_04160	150.818318371023	1.41538574564879	0.206572015489557	6.85177874793181	7.2937306093113e-12	3.38466226366344e-11
IODOLM_03407	570.867636384865	-1.63374999366013	0.238507119265687	-6.8499003245274	7.39014622251844e-12	3.42577117264202e-11
IODOLM_03900	363.598106500674	-1.01533666621091	0.148492367470947	-6.83763538492688	8.05109911756335e-12	3.72821267073621e-11
IODOLM_02956	7680.78821551867	-0.882186885786213	0.129037444419573	-6.83667356986497	8.10531412513477e-12	3.74935038177482e-11
IODOLM_02976	4511.36852714967	-0.852827326489811	0.124750063520591	-6.83628771338496	8.12716424644e-12	3.75548793478579e-11
IODOLM_03674	131.219540909573	2.351744849039	0.344023950555443	6.83599163733223	8.14396944332657e-12	3.75928378523176e-11
IODOLM_00075	22910.2537156547	-0.742059948676246	0.10856636828038	-6.83508125425939	8.19585613228678e-12	3.77924830715352e-11
IODOLM_03402	6101.10762915056	-0.885623103243492	0.129736826863673	-6.82630464034781	8.71298075984853e-12	4.01347408474707e-11
IODOLM_03994	1826.17383397617	-0.877189150897636	0.128528710792989	-6.82484983693996	8.80173331690039e-12	4.0500930593855e-11
IODOLM_03394	22190.9161525646	0.846003507412958	0.124156936795432	6.81398501967621	9.49315945410801e-12	4.36366237092192e-11
IODOLM_00995	58948.7957912836	1.27262508906662	0.186849806019779	6.81095215550775	9.69548752265347e-12	4.4519888141796e-11
IODOLM_04255	8290.42071851186	1.63409859741421	0.240260332825763	6.80136657680925	1.03631350420458e-11	4.75357221635138e-11
IODOLM_03309	1067.10767539557	0.822118733132875	0.121029298255205	6.79272494333843	1.10035052719463e-11	5.04202503351175e-11
IODOLM_01746	1252.35142884882	-0.924360752710766	0.13610944455912	-6.79130500976559	1.11123704180641e-11	5.08658294450299e-11
IODOLM_03122	143.934907549796	-1.58817758321995	0.234070900391934	-6.78502787215611	1.16064101971909e-11	5.30717356561204e-11
IODOLM_02618	615.330809007574	-0.856886642535107	0.126576370243588	-6.76972045324168	1.29031463628061e-11	5.89396330726925e-11
IODOLM_03016	151.374715092963	-1.2460438378042	0.18429188448457	-6.76125181143571	1.36804510351781e-11	6.24250820958699e-11
IODOLM_02682	8749.82848073033	0.790449964300313	0.117007267509631	6.75556297590872	1.42281689120866e-11	6.48567366242613e-11
IODOLM_03687	925.792150376585	-1.12693324749896	0.166891018940526	-6.75250983937342	1.45309205005213e-11	6.6167854433175e-11
IODOLM_00968	13025.8724791733	-0.723816913920788	0.107347330803179	-6.74275651294865	1.55409531321927e-11	7.06935664308475e-11
IODOLM_00143	3962.86797646456	-1.13415184933965	0.168221257945385	-6.74202454072638	1.56194691799681e-11	7.0976944061828e-11
IODOLM_01175	1164.87164586433	0.95812890888867	0.142272283247489	6.73447341266014	1.64524682995897e-11	7.46846486296726e-11
IODOLM_01192	1014.73950390616	-1.20004161295353	0.17850998458168	-6.72254616886393	1.78576126952858e-11	8.09791846161354e-11
IODOLM_01932	349.532529931362	1.71024919115168	0.254732553210158	6.71390118616171	1.89488654386265e-11	8.58387527530327e-11
IODOLM_02384	249.518040056641	1.215714470126	0.181100849941518	6.71291421613196	1.90775281662587e-11	8.63322267378988e-11
IODOLM_00275	64.5011728804867	2.86518112319593	0.426937412363365	6.71100971764308	1.9328223504902e-11	8.73763492329039e-11
IODOLM_03681	476.496599557095	-1.1360151695603	0.169331078513176	-6.70884033536646	1.9617717318372e-11	8.85935304284787e-11
IODOLM_01141	598.870698610906	0.879701767678491	0.131133600827536	6.70843904328881	1.96717311996548e-11	8.87458718862779e-11
IODOLM_04391	377.075325732973	1.08303085226232	0.161485400101648	6.70667968485447	1.99102643610933e-11	8.97294715181711e-11
IODOLM_04397	201.911470943991	-1.22959917317294	0.183386175639017	-6.70497200177904	2.01444988049023e-11	9.06916942080785e-11
IODOLM_02778	108.760910839883	1.54422144172137	0.230415807592444	6.70189019519341	2.05740620067533e-11	9.25304165894679e-11
IODOLM_01023	35.0459379416756	2.77168323175266	0.414350753582825	6.68921971973346	2.24363653562768e-11	1.00802397124299e-10
IODOLM_00382	12240.631674681	0.697244179366655	0.104250766008919	6.68814442386928	2.26018029072135e-11	1.01441527714837e-10
IODOLM_03470	672.318678281397	0.953621539083256	0.142700038538539	6.68269994072716	2.34579581181146e-11	1.05176254841055e-10
IODOLM_00685	1103.7745670639	-0.975876619156866	0.146159935472098	-6.67677237270784	2.44261885156387e-11	1.09405323382226e-10
IODOLM_02499	426.641305046462	1.17331245993825	0.175755339182603	6.67582825873199	2.45839729947708e-11	1.09999453808913e-10
IODOLM_03820	607.566389622105	-0.970274174299576	0.145505350980019	-6.66830578919958	2.58773186327967e-11	1.1566817807673e-10
IODOLM_01213	566.923521627913	1.16075471562926	0.17413471835081	6.66584312779495	2.63150224486971e-11	1.17504630852549e-10
IODOLM_00705	191.620130036336	1.25099978132841	0.187692952920015	6.66513985669734	2.64413438432527e-11	1.17948339100993e-10
IODOLM_03187	300.873964402646	1.26277577703439	0.189481425683466	6.6643776427136	2.65789228400495e-11	1.18441309926738e-10
IODOLM_03096	568.986240684605	-1.1295531362206	0.169534932477687	-6.66265718641357	2.68920447162086e-11	1.19714738228005e-10
IODOLM_00329	501.506170854427	1.36828134511244	0.205526069123637	6.65745883695818	2.78602395902573e-11	1.2389878907212e-10
IODOLM_00770	1430.17784497954	1.24520730627159	0.1875724379743	6.6385409270108	3.1680338824926e-11	1.40744327612057e-10
IODOLM_02762	11670.2524958949	-0.716508102824159	0.108021726116424	-6.63299993977064	3.2893194450012e-11	1.4598440052054e-10
IODOLM_01717	7773.80506729296	1.12751244964213	0.170011149755327	6.63199120331109	3.31188323157717e-11	1.46777560330256e-10
IODOLM_03021	523.785737855932	-0.987519418354313	0.14890441792499	-6.63190140437454	3.31389921403777e-11	1.46777560330256e-10
IODOLM_01894	375.204907307962	-1.05521377684906	0.159122640427377	-6.63144964170359	3.32405950025777e-11	1.47078709536178e-10
IODOLM_02727	181.267001678541	1.30684168773433	0.197103924264867	6.63021648406254	3.35194904579087e-11	1.4816291943819e-10
IODOLM_03616	2823.16809883712	-0.702035613564625	0.105989471557193	-6.62363537859327	3.50470647028606e-11	1.54758784197495e-10
IODOLM_02472	4343.30575468735	-1.02825406478067	0.155400429585749	-6.61680323227993	3.67049532360263e-11	1.61916205000858e-10
IODOLM_03014	360.327555752214	-0.988412506432557	0.149395147974975	-6.6160950996757	3.68811157537931e-11	1.62529468820341e-10
IODOLM_02102	6656.33827083805	1.00283369418998	0.151965036763944	6.59910802869574	4.13638834904635e-11	1.82100959913751e-10
IODOLM_00940	1739.63038432851	-1.06360186385456	0.161181503483164	-6.59878361269695	4.14544838641647e-11	1.82316403406618e-10
IODOLM_00957	1317.93161015055	-1.03313090231141	0.156834153862389	-6.58741018374039	4.47564558376773e-11	1.96640814001682e-10
IODOLM_01700	473.190528299986	1.12829236880917	0.17129014456301	6.58702444140982	4.48728437163499e-11	1.96954427384902e-10
IODOLM_03760	958.026391854818	0.834065490229131	0.126643186801039	6.58594837430519	4.51990868892062e-11	1.98187579385938e-10
IODOLM_01440	61.8140588452615	-1.7632827351994	0.267840658667175	-6.58332735580112	4.60034710483213e-11	2.01512702009463e-10
IODOLM_01332	161.58175504931	1.73447101143338	0.263802784540297	6.57487757172798	4.86932164650741e-11	2.13081515251164e-10
IODOLM_00578	1111.27506769356	-1.02684913749048	0.15642538874259	-6.56446594599962	5.22196761143235e-11	2.28285017658621e-10
IODOLM_02083	172.396880785605	1.56030490025296	0.237719580464054	6.56363643754996	5.25111425812327e-11	2.29330099736002e-10
IODOLM_03553	1542.58655621316	-1.01797329772962	0.155140288727988	-6.5616308057442	5.32224579687099e-11	2.32204861486615e-10
IODOLM_03341	1343.67264284365	-0.717442902389985	0.10939091887204	-6.55852341115459	5.43431766778949e-11	2.36858307910825e-10
IODOLM_01165	2571.37967529517	-0.791521014712637	0.120775436517689	-6.55365890229433	5.61441297453989e-11	2.44464389816782e-10
IODOLM_00153	2156.99405594359	-1.06910392185641	0.163184872716572	-6.55148914270558	5.69661304088375e-11	2.47797004641226e-10
IODOLM_03334	965.734570086609	-1.20882916799666	0.18451670420286	-6.55132646780671	5.70282310391501e-11	2.4782079347301e-10
IODOLM_00936	932.412691948982	-0.920774070216665	0.140628775800264	-6.54755091891327	5.84882822967595e-11	2.53913416002599e-10
IODOLM_04392	304.133448493477	-1.26360078431742	0.193065552556349	-6.54493133335433	5.95227284151107e-11	2.58148126406863e-10
IODOLM_00284	33.7147872542999	2.67121010791276	0.408421380429471	6.54032877785163	6.13837378640303e-11	2.65955680092076e-10
IODOLM_03789	3843.96440183524	-0.772307080304265	0.118139841055752	-6.53722802911004	6.26694635806203e-11	2.71257737516117e-10
IODOLM_00081	336.608331587345	-1.14801018082538	0.175659594639309	-6.53542542428528	6.34289820327897e-11	2.74273938118071e-10
IODOLM_01713	433.604944262543	1.34341028811585	0.20590490206469	6.52442110238728	6.82646716868369e-11	2.94892599507994e-10
IODOLM_01491	197.90191852765	1.22651861106964	0.188057987015685	6.52202350207726	6.93651426110181e-11	2.99350950755242e-10
IODOLM_00859	3365.69696589689	-0.862894591388097	0.132349855686647	-6.51980001724443	7.04011908015143e-11	3.03522769406332e-10
IODOLM_02694	400.399055243805	-1.01280919598847	0.155661884006884	-6.50646882793529	7.69378586545307e-11	3.31378021134081e-10
IODOLM_03877	844.617656198165	-0.869000329440159	0.133650432031121	-6.50203905990974	7.9238518085059e-11	3.40951578308966e-10
IODOLM_01986	97.3131146954983	1.5595933271308	0.239924240923444	6.50035745086903	8.01293861532146e-11	3.44446162874722e-10
IODOLM_03858	800.415129638043	-1.00087922049299	0.154367542104965	-6.48374138011748	8.94755438640828e-11	3.84244337536042e-10
IODOLM_00154	5324.56717561289	-1.04575759580771	0.161515559481227	-6.47465543980149	9.50285399754539e-11	4.07691069541751e-10
IODOLM_01613	499.548156298807	0.876079340544893	0.1353280369389	6.47374602012766	9.56025489454269e-11	4.09751962962966e-10
IODOLM_00725	1174.03403317231	-0.756925922514325	0.117004752654823	-6.46918954435416	9.85299402519413e-11	4.2188553673434e-10
IODOLM_03627	1869.00252070274	-0.76111622247008	0.11769182137266	-6.46702730566195	9.99495943614298e-11	4.27545869917514e-10
IODOLM_00285	62.2741434446351	2.46152761382833	0.380655713785185	6.46654581735093	1.00268435384191e-10	4.2849089183713e-10
IODOLM_00011	502.727607278355	0.934998871931592	0.1445991503948	6.46614360719796	1.00535540563556e-10	4.29213195615728e-10
IODOLM_03292	1085.87778873655	-0.7783758097703	0.120510357802129	-6.45899509358647	1.05400529414858e-10	4.49544558206061e-10
IODOLM_02044	1146.82131461778	1.64972403875693	0.25572596934669	6.45114003466883	1.11011861721127e-10	4.73016462406674e-10
IODOLM_02598	262.193069832519	1.16602131517414	0.180852243234384	6.44736993205543	1.1380776665783e-10	4.84457963905313e-10
IODOLM_04343	1308.25387503992	-1.33809051057554	0.208178311376525	-6.42761727543933	1.29619588591834e-10	5.51229659550892e-10
IODOLM_02498	563.126925653931	1.40824032518186	0.219154780337667	6.42577963853717	1.31195342895211e-10	5.57389146125672e-10
IODOLM_03963	2263.98583608372	-0.987037773783002	0.153846577369945	-6.41572786770246	1.40151607727207e-10	5.94862691963394e-10
IODOLM_01866	5227.81603278578	0.77078247417903	0.120173083994909	6.41393603755467	1.41809725175762e-10	6.01317206753039e-10
IODOLM_03901	893.073978440114	-0.80720805149863	0.125941546678511	-6.40938651928087	1.46106351994642e-10	6.18936492089597e-10
IODOLM_03254	1322.1188111656	-1.01611399661582	0.158671862576334	-6.40387010095746	1.51487011234556e-10	6.41109440195762e-10
IODOLM_00825	33.4832109919224	2.49203774356826	0.389349620554951	6.40051411894606	1.54854629578797e-10	6.54728366219144e-10
IODOLM_01217	389.887636982639	-0.940692576152625	0.146978854384637	-6.40018987827239	1.55183843536349e-10	6.55486968450835e-10
IODOLM_04231	5953.86161421978	-0.773377505059919	0.121027951713695	-6.39007348392898	1.65806055865727e-10	6.99679171136377e-10
IODOLM_01002	122.335072133358	1.42543648588677	0.22317465121276	6.38708956479046	1.69072623863491e-10	7.1277630253048e-10
IODOLM_04165	205.478090211779	-1.04205464867383	0.163162446510684	-6.38660838298717	1.69605239551613e-10	7.14333520960403e-10
IODOLM_03913	783.757749437373	-0.954011564990864	0.14938608499412	-6.38621438555283	1.70042572129969e-10	7.15486822731486e-10
IODOLM_03809	1273.09536058677	-2.14108247364835	0.335560854601948	-6.38060859687629	1.76385593117529e-10	7.41463357812013e-10
IODOLM_02252	140.003608111235	1.7664865120061	0.276891662615912	6.37970278814955	1.77431992799489e-10	7.45146257668489e-10
IODOLM_00776	436.386345223141	-1.33861717975987	0.209883311219436	-6.37791147844209	1.79519220238912e-10	7.53188981558464e-10
IODOLM_01774	71.9553664983732	1.89272788502752	0.297482171726533	6.36249182276191	1.98506610013863e-10	8.32054526265004e-10
IODOLM_02059	674.504308371071	-1.08282506985423	0.170320908690975	-6.357558083599	2.04986172202401e-10	8.58391856036085e-10
IODOLM_01528	613.681774923498	-1.02051007501928	0.160619746551601	-6.35357791883595	2.1036355288494e-10	8.80067789124757e-10
IODOLM_01767	1360.5350439073	1.1301102597137	0.177880132044443	6.35321239491403	2.10864245024662e-10	8.81319900886266e-10
IODOLM_01922	1436.63109465029	0.753935176275859	0.118687074246862	6.35229388760327	2.12127553705044e-10	8.85753983791292e-10
IODOLM_04110	149.389584000807	1.30329393316741	0.205305957018329	6.34805707586484	2.18051190656434e-10	9.09620600869929e-10
IODOLM_03246	3028.6669540563	-0.771258477855042	0.121628817570852	-6.34108341475705	2.28154960218118e-10	9.50862958013796e-10
IODOLM_02554	1323.63225959253	1.95148790497666	0.307828027631874	6.33953938499195	2.30453099491198e-10	9.59526891887233e-10
IODOLM_03347	63998.2471923209	0.74187120175892	0.117131174183281	6.33367851839406	2.39384038069113e-10	9.95764781930077e-10
IODOLM_03688	744.778040669572	-1.79738229513248	0.284023242588467	-6.32829299022118	2.47888124384064e-10	1.03015995470528e-09
IODOLM_02856	88.9279850709275	-1.43713816231334	0.227102926221547	-6.32813582028158	2.48140685530342e-10	1.03023115738214e-09
IODOLM_00945	8600.35619310259	-0.820100735586334	0.129814042908552	-6.31750400196733	2.65821559247086e-10	1.10259255285806e-09
IODOLM_02548	240.156028082379	1.24130674852289	0.196543523363827	6.31568381027274	2.6896948073208e-10	1.11459322697309e-09
IODOLM_01062	46.6453535692126	2.08392064318281	0.329995298982885	6.31500100033512	2.70159728694972e-10	1.11846638861797e-09
IODOLM_03062	102.725488913278	1.92212548155235	0.304596052303702	6.31040838190466	2.78300123609057e-10	1.15107877212971e-09
IODOLM_01495	2891.06127307583	0.9305432321251	0.147537306143963	6.30717244638519	2.8417915042878e-10	1.17428513907114e-09
IODOLM_01790	239.086184744475	1.10759775520533	0.175664500206741	6.30518832149801	2.87843692129936e-10	1.18830565732132e-09
IODOLM_04347	55.8760019791397	1.84440387278427	0.292682489332663	6.30172265170232	2.94355546401108e-10	1.21404323379005e-09
IODOLM_03465	293.079916922364	-1.48716923940204	0.2360927323058	-6.29908945047819	2.99399184974223e-10	1.23368251737025e-09
IODOLM_03337	517.945641701852	-0.846842868994763	0.134496536861692	-6.29639163025889	3.04654092320397e-10	1.25415457007908e-09
IODOLM_04074	740.940123218087	-1.00425111579323	0.159774803845589	-6.28541604572248	3.26976829572507e-10	1.34478440433204e-09
IODOLM_02319	90.5332508528655	-2.10418352680887	0.334978349994719	-6.2815508131855	3.35212199469409e-10	1.37736017359449e-09
IODOLM_00164	642.470193320721	0.885460821033201	0.141071359680503	6.27668736615697	3.45862536485882e-10	1.41978842369814e-09
IODOLM_03754	164.856735840822	-1.23332920022919	0.196518308945223	-6.27589972073782	3.47618184256456e-10	1.42565808276125e-09
IODOLM_04088	1648.80987209726	-1.00628725111674	0.160483331646769	-6.27035369213062	3.60228893636222e-10	1.47599404358811e-09
IODOLM_03727	472.238300638316	0.94395187982207	0.150578301000829	6.2688440070583	3.63738290968276e-10	1.48897919670456e-09
IODOLM_01927	959.364846324466	-0.740458575347057	0.11819909880688	-6.26450271466837	3.74017045739228e-10	1.52962485248118e-09
IODOLM_01051	223.437576728513	-1.26102797019915	0.20158239558587	-6.25564532326426	3.95875510520559e-10	1.61750815503078e-09
IODOLM_04344	1621.15851273592	-1.00591527310623	0.160867157569416	-6.25308041930291	4.02434775204412e-10	1.6427747913195e-09
IODOLM_00281	96.4193508756139	1.57633458607359	0.252214595708344	6.2499736846968	4.1052184744372e-10	1.67422516720757e-09
IODOLM_01806	1485.63488152068	1.29978707065266	0.208387735813893	6.23734916825179	4.45047872070378e-10	1.81334216776534e-09
IODOLM_00003	3175.85885756445	-1.08834224040208	0.174632278511204	-6.23219401178605	4.59947339957673e-10	1.87230656712072e-09
IODOLM_00162	5856.40826373304	-0.834394403322061	0.134012092164037	-6.22626204731379	4.77694835732223e-10	1.94274405312659e-09
IODOLM_03500	720.098832760563	0.817886877099204	0.131377688210211	6.22546254422244	4.80137354886482e-10	1.95086449859168e-09
IODOLM_03711	1261.23971348689	-0.923216116698317	0.148332925451078	-6.22394599102549	4.8480402891376e-10	1.96799854408777e-09
IODOLM_01619	178.01158658648	1.77216700687293	0.284896786429812	6.22038257812895	4.95944104403303e-10	2.01135440302952e-09
IODOLM_00967	5185.98730053363	-1.38555213828489	0.223277581726677	-6.20551390591913	5.45184500818773e-10	2.20900682924347e-09
IODOLM_02546	582.970933917962	-1.04212522261311	0.1679843026157	-6.20370597958305	5.51487766354283e-10	2.23247961662011e-09
IODOLM_01686	1431.88565429306	-0.825145202829388	0.133289023674927	-6.19064631189587	5.99180205294512e-10	2.42330182843695e-09
IODOLM_02324	63.806685319523	-1.6875221940466	0.272683626503147	-6.18857177340322	6.07117637636443e-10	2.45313645641466e-09
IODOLM_00151	3173.62444282443	-0.876759306341527	0.141758358477034	-6.18488613836178	6.21473104525439e-10	2.50882500498461e-09
IODOLM_00900	553.78497720564	0.869907872029963	0.140899337196473	6.17396709834727	6.65974056992854e-10	2.68599306304215e-09
IODOLM_03524	2587.4499776373	1.60987658411732	0.260849006710696	6.17167994778989	6.75681706587034e-10	2.72263641622915e-09
IODOLM_04175	67.3390115870794	2.07998580988778	0.337062995060944	6.17091119572974	6.78975513790627e-10	2.73339176480937e-09
IODOLM_03939	730.4567345984	-0.939305135109442	0.15223986047932	-6.16990275839772	6.83320040654139e-10	2.74835339880746e-09
IODOLM_00212	527.137900779854	1.15587532711951	0.187447895959624	6.16638197618651	6.987018664711e-10	2.80763945608589e-09
IODOLM_03694	225.686814331012	1.18208638493914	0.191728950302327	6.16540372789383	7.0303532892654e-10	2.82246110035095e-09
IODOLM_00315	63.7837481043851	1.75639845483262	0.28494376306086	6.16401789590137	7.09219224497129e-10	2.84467765939453e-09
IODOLM_00388	587.945615575932	-1.09179703621591	0.177669903604313	-6.14508711980527	7.99196376364483e-10	3.2026404239661e-09
IODOLM_00729	4743.79787281304	-0.845490697605058	0.137757750868821	-6.13751815975984	8.3820640459972e-10	3.35589316242303e-09
IODOLM_04027	5727.13910273668	-0.664933928412507	0.108554365909805	-6.12535408262604	9.04821602064051e-10	3.61928640825621e-09
IODOLM_04016	1148.69492903872	-0.779963806966293	0.127450003873156	-6.1197629130129	9.37146870438616e-10	3.74516411419122e-09
IODOLM_01882	191.326915814589	1.36727195788076	0.223605376279233	6.11466495409013	9.67600373080883e-10	3.86333871587768e-09
IODOLM_04366	391.875236571925	-0.897820095308954	0.14710020740921	-6.10345907134826	1.03797157098767e-09	4.14053199146948e-09
IODOLM_03182	211.939204290736	-1.02285369309503	0.167699417534543	-6.09932764306913	1.06515541907024e-09	4.24510028583912e-09
IODOLM_01284	145.470414175679	-1.22917716653544	0.201602419726299	-6.09703578064293	1.08053340624352e-09	4.30246968673491e-09
IODOLM_01071	46.317360231306	1.89627364335445	0.311311230703525	6.09124713897763	1.12034437764166e-09	4.45693363323627e-09
IODOLM_00358	1410.56549124334	-1.16561955304845	0.191413387843378	-6.08954037218236	1.13235308060557e-09	4.50061496887373e-09
IODOLM_02267	831.227904977423	-1.00506915155437	0.165341660707225	-6.07874111857429	1.21129735459604e-09	4.81001562950298e-09
IODOLM_00636	4460.36514649364	-0.979156763998599	0.161254122135481	-6.07213478348132	1.26220920377129e-09	5.00764050381065e-09
IODOLM_03255	1032.54248272826	-0.700485114347482	0.11543796223025	-6.06806548568752	1.29460121570522e-09	5.13149902167213e-09
IODOLM_04164	279.234907820328	-0.908696982398201	0.150057476151078	-6.0556595093158	1.39843522496961e-09	5.53805660132761e-09
IODOLM_02987	858.399199983814	0.743799718050283	0.122870724134921	6.05351456408392	1.41719252940725e-09	5.60726447439976e-09
IODOLM_03243	6981.0263848028	-0.61645673381442	0.101917567250036	-6.04858171606529	1.46126499873534e-09	5.7764188206557e-09
IODOLM_01640	66.7291641734643	1.66641310000098	0.275652246382229	6.04534561887906	1.4909005067348e-09	5.88824965475766e-09
IODOLM_01788	92.5332114664749	1.81645116685887	0.300490437054278	6.04495498980145	1.49451718786117e-09	5.89721119394091e-09
IODOLM_04254	3642.59907743156	1.49219908443594	0.246921732187308	6.04320677332683	1.51080827681523e-09	5.95612344084994e-09
IODOLM_02500	278.061240804564	1.37426025386421	0.227501692853785	6.04065946334492	1.53485609022023e-09	6.04548177390073e-09
IODOLM_01105	608.730407326306	-0.968622692226384	0.160376882646247	-6.03966529492242	1.54434236994213e-09	6.07737608890897e-09
IODOLM_03696	9009.86847200997	0.87066830179848	0.144207609739086	6.0376030320021	1.56420288065085e-09	6.15000162239725e-09
IODOLM_01128	4902.06625778368	-0.917053169112608	0.152254161741926	-6.02317308519312	1.71030369769047e-09	6.7183922631001e-09
IODOLM_02580	2379.35673790739	-1.13352895833905	0.188263225829161	-6.02097915483331	1.73365086773403e-09	6.80399658942073e-09
IODOLM_03721	330.457370386187	0.942993700978699	0.156907128790211	6.00988437077011	1.85655693554489e-09	7.27983257163481e-09
IODOLM_02902	922.622616362113	-0.761239324850847	0.126713379299534	-6.00756864870104	1.88326075862036e-09	7.37793113672578e-09
IODOLM_01942	611.197212353489	0.85019217996222	0.141626208005611	6.0030709847752	1.93619916649844e-09	7.57853985026581e-09
IODOLM_01435	39.1364472015161	-2.03299643713449	0.338795694690991	-6.00065605611884	1.96521872054685e-09	7.68525211895713e-09
IODOLM_02155	421.454665063729	-0.905443879707048	0.151045572349134	-5.99450791986248	2.04102519463191e-09	7.97457701045469e-09
IODOLM_01253	46.5684900237175	1.97114908097311	0.328902405186673	5.99311239409866	2.05862465877736e-09	8.03616548332714e-09
IODOLM_03879	1188.37876153243	-0.765180586994836	0.127684086976255	-5.99276389967946	2.06304266176874e-09	8.04117097789111e-09
IODOLM_04013	1043.21769138686	1.18287795387845	0.197385774229517	5.99272140302783	2.06358204025862e-09	8.04117097789111e-09
IODOLM_00585	2328.37301349678	-0.665577567801283	0.111071878042171	-5.99231398201968	2.06876011009316e-09	8.05417637167941e-09
IODOLM_00425	287.789282839132	0.936080942131774	0.156321159816322	5.98819087084354	2.12187966601071e-09	8.253640371967e-09
IODOLM_03525	905.051776846473	-0.91857269631098	0.153475133932577	-5.98515650564292	2.16181890079526e-09	8.40152709580821e-09
IODOLM_00754	629.783047516765	-0.838446562381696	0.140106152066483	-5.9843664965107	2.17233681063902e-09	8.43491205266757e-09
IODOLM_04173	133.026633768719	-1.21959618320934	0.203892300730531	-5.98157055876859	2.20996288111927e-09	8.57340209909392e-09
IODOLM_01497	7143.17805022364	0.921709835327029	0.1541759303792	5.97829916161399	2.25479373818863e-09	8.7395725405788e-09
IODOLM_03512	209.479337296525	-1.03402851101061	0.173049646238836	-5.97532866136858	2.29626768139273e-09	8.89244900334035e-09
IODOLM_01543	1290.38556973704	-1.0108375658235	0.169424869067133	-5.96628801538551	2.42711707682716e-09	9.39086147497405e-09
IODOLM_02032	795.822765694431	1.15162681648882	0.19345709696872	5.95287965411281	2.63465037069538e-09	1.01848321750556e-08
IODOLM_01660	44.6310341742398	2.21521547113079	0.372564247549746	5.94586164856038	2.7500635511395e-09	1.06216046776579e-08
IODOLM_02655	400.142272069631	-1.11066561462992	0.186855402669368	-5.94398448620293	2.78175939742154e-09	1.07345494912845e-08
IODOLM_04267	32.6864967539156	2.29115444623902	0.385615490899975	5.94155188343647	2.8233634623749e-09	1.08854964857732e-08
IODOLM_01212	713.432807848505	-0.975030744668957	0.16412185705205	-5.9408951506059	2.83469884078112e-09	1.09195793373751e-08
IODOLM_01224	2335.3725277353	-0.818424898034025	0.137812847939475	-5.93866907382584	2.87345216493893e-09	1.10591263621572e-08
IODOLM_01811	47.7182565026469	2.2475607284308	0.379002891365776	5.93019414794298	3.02576697830762e-09	1.16351109816117e-08
IODOLM_02750	29.6603985807113	2.58319537557682	0.436113155905569	5.92322277050537	3.15692722553511e-09	1.21288090772095e-08
IODOLM_02209	1237.5558336001	-0.663694642196319	0.112095310489629	-5.9208064931291	3.20366637838666e-09	1.22975825191404e-08
IODOLM_03888	695.624771816551	-0.896506216110469	0.151421535333567	-5.92059916798197	3.20770800235043e-09	1.23023051869285e-08
IODOLM_01612	790.97725537289	1.41020933100559	0.238459622697504	5.91382857631416	3.34245755965923e-09	1.28078759028624e-08
IODOLM_02676	2109.26116878475	0.893156403316844	0.151193225793457	5.90738373779373	3.47583462879891e-09	1.33073073802485e-08
IODOLM_00208	34.2353863047119	2.71756338485648	0.460558851649065	5.90057790687562	3.62230523730598e-09	1.38559508028417e-08
IODOLM_00841	173.414791649913	1.13865654965752	0.193016755018308	5.89926273265508	3.65129422940375e-09	1.39546406531623e-08
IODOLM_03419	1726.30292816091	-1.72520422704394	0.293042222091305	-5.8872206698815	3.92744173256153e-09	1.49969328286992e-08
IODOLM_00704	150.324356720625	1.24951578692837	0.212278967184408	5.88619684513026	3.9518360771649e-09	1.50769264809709e-08
IODOLM_04209	300.540495867419	1.0034111042308	0.170532360516821	5.88399234719924	4.0048636425189e-09	1.52659262192184e-08
IODOLM_01856	44.9233374723536	2.24012681714147	0.38082774631227	5.88225736920076	4.04708365692556e-09	1.54134361033127e-08
IODOLM_03560	1017.59366271988	1.01586510221618	0.172779107325913	5.87955984921226	4.11358847918594e-09	1.56530984216675e-08
IODOLM_03725	275.672334621402	1.84479544140432	0.313780617240703	5.87925238221188	4.12123598048161e-09	1.5668573979659e-08
IODOLM_00716	1147.73255959997	-0.809658125722621	0.137757526650847	-5.87741479835608	4.16723075961197e-09	1.58281207156197e-08
IODOLM_03865	137.657603208634	-1.22971577181042	0.209231855191453	-5.87728752242433	4.17043491433033e-09	1.58281207156197e-08
IODOLM_00869	1036.10517035457	-0.817114110834208	0.139132828350487	-5.872906635491	4.28219669447523e-09	1.62382086092059e-08
IODOLM_01089	41.8696344844321	2.38354976470711	0.40593491077227	5.87175357786431	4.31209384328065e-09	1.63374222148884e-08
IODOLM_02633	575.809801233828	-0.803142706813645	0.136798664685972	-5.87098352646424	4.33217321410016e-09	1.63992992948982e-08
IODOLM_01837	342.640025151524	-1.08338136702164	0.184837087200464	-5.86127699494996	4.59321031251426e-09	1.73724186063634e-08
IODOLM_01710	488.238558535963	1.02827511033137	0.175454226676478	5.86064599188836	4.61069972434271e-09	1.74235077666008e-08
IODOLM_03111	808.48698500665	1.0972859312631	0.187302400602368	5.85836555075752	4.67444828894826e-09	1.76491680003775e-08
IODOLM_00379	4425.34183905812	-1.02751779541063	0.175535521373863	-5.85361747507603	4.8099422232292e-09	1.81450923869405e-08
IODOLM_04367	358.559802319601	-0.851334996018963	0.145466348482535	-5.85245319553187	4.84374583058439e-09	1.82568748963284e-08
IODOLM_02883	775.733140573794	0.833400261335634	0.142409605478439	5.85213517399859	4.85301936728706e-09	1.82760867050329e-08
IODOLM_01264	13450.3702463041	-0.773366565243252	0.132260649142339	-5.84729146770599	4.99641596189321e-09	1.87999279873127e-08
IODOLM_02754	795.938042784224	1.15156140719998	0.197081356528653	5.84307631875144	5.12455252502112e-09	1.9265499870698e-08
IODOLM_02294	3646.91718248532	-0.771773858300554	0.132337205721809	-5.83187361476357	5.48084274429378e-09	2.05872685399395e-08
IODOLM_02557	5269.83616572505	-0.608987502460773	0.104433014722721	-5.83136955375359	5.4974279606242e-09	2.06318565657732e-08
IODOLM_00823	1241.4206971468	-1.30024100812377	0.22299821049379	-5.83072395623541	5.51874150851458e-09	2.06940984072492e-08
IODOLM_03502	244.711113223101	1.30078324541142	0.223347957297331	5.82402123194599	5.7448273051084e-09	2.15234283280431e-08
IODOLM_04142	53.3092224325571	-1.64037036077434	0.281855129993153	-5.81990599502019	5.88807337879214e-09	2.20412396112869e-08
IODOLM_03776	71.7870485553199	1.71977501873248	0.295543733562945	5.81902041366137	5.91935055440558e-09	2.21393829282725e-08
IODOLM_01234	1200.06532523385	-1.1091966038106	0.190633728965842	-5.8184698470088	5.93887700914952e-09	2.21934464492214e-08
IODOLM_01961	2369.08671336193	-0.825227297408477	0.141883166135928	-5.81624529451144	6.01841322582395e-09	2.24714814643393e-08
IODOLM_00471	25.4219909103228	2.89598825364751	0.498238484514955	5.81245396261755	6.15636176511057e-09	2.29669557409411e-08
IODOLM_04221	1695.8112436648	-0.654792721898176	0.112833977225233	-5.80315201148246	6.50797397531132e-09	2.42580018023529e-08
IODOLM_01852	55.6440174439676	1.68743108175985	0.290789028426825	5.80293930238321	6.51623852561224e-09	2.42681359898546e-08
IODOLM_04007	12340.3993139623	-1.49208798715447	0.257203610705995	-5.8011937820735	6.58444525516563e-09	2.4501303092351e-08
IODOLM_02606	8228.87066264788	-0.994231996053304	0.171432685776865	-5.7995474523883	6.64941208953993e-09	2.47220282955197e-08
IODOLM_00819	2980.44583236089	-0.701761707485133	0.12109759161811	-5.79500961256265	6.83172679780544e-09	2.53782992081465e-08
IODOLM_03273	106.587913974278	1.46600890208339	0.253579895116468	5.78125052622987	7.41473743312069e-09	2.75206878772995e-08
IODOLM_01240	140.338812982995	-1.8079050228256	0.313259394046796	-5.77127153146292	7.86755774888568e-09	2.91766378890879e-08
IODOLM_01691	1041.36790514204	-0.737876351208795	0.127950941185861	-5.76686927325497	8.07576449057498e-09	2.99234084765082e-08
IODOLM_00325	159.883399579344	-1.18404898264491	0.205464976239454	-5.76277769728008	8.27407465257341e-09	3.0632276378732e-08
IODOLM_03072	7087.01035685138	-0.954924009361701	0.165717755994477	-5.76235179888343	8.29498708893275e-09	3.06837392233049e-08
IODOLM_01138	2921.14201887548	1.10851535974406	0.192382582128565	5.76203597788945	8.31052768519608e-09	3.0715261106772e-08
IODOLM_04251	137.432081724214	-1.28409304269763	0.222919618009282	-5.76034112279954	8.39441117630362e-09	3.09991082763752e-08
IODOLM_02394	1374.65659199008	1.37418442160601	0.238728772797013	5.75625805597576	8.59988900128972e-09	3.17311250165631e-08
IODOLM_01507	242.723668891368	1.1265016867128	0.195777873734973	5.75397855345884	8.71672197187002e-09	3.21351098137348e-08
IODOLM_02313	87.7356252871394	-1.27893416457154	0.222287105689235	-5.75352385198417	8.7402110166877e-09	3.21945819941291e-08
IODOLM_03825	1801.04755067688	1.01884811343432	0.177131249023099	5.75193885355291	8.82257121193211e-09	3.24706237371025e-08
IODOLM_03306	682.568735662186	-1.00778190429539	0.175283628908892	-5.74943541829118	8.95419470012057e-09	3.29273579896871e-08
IODOLM_00045	70.2022031363736	1.45576813447777	0.253377065210448	5.74546134737433	9.16706969101006e-09	3.36818614339715e-08
IODOLM_01694	950.804700608113	0.853037404235213	0.148552969466876	5.74231136069901	9.33928934319373e-09	3.42858474545434e-08
IODOLM_01344	1765.28971897805	0.663248561298679	0.115601488603554	5.73737042066332	9.61577967609346e-09	3.52712924246311e-08
IODOLM_00415	2173.11391491499	-0.730330081412795	0.127317871179338	-5.73627311427522	9.67825505415363e-09	3.54707237160605e-08
IODOLM_03481	1929.92339060921	1.14485058406543	0.199778546824935	5.73059821617714	1.00077060417469e-08	3.66474658064305e-08
IODOLM_01385	145.719442802304	-1.38417894748212	0.241746029625437	-5.72575669443994	1.02973713521177e-08	3.76766697632669e-08
IODOLM_00022	142.006537848357	1.12309490991072	0.19623292355546	5.72327461448284	1.04490159788572e-08	3.81995772125974e-08
IODOLM_02807	29971.8909271638	-1.00251124826771	0.175210427654432	-5.72175561516787	1.05428886863942e-08	3.85105850514698e-08
IODOLM_03404	630.196397840313	-0.958850934437912	0.167916178197673	-5.71029512897286	1.1278042626541e-08	4.11615634142982e-08
IODOLM_01499	345.316018839461	1.04334665464532	0.182853792457364	5.7059065640577	1.15725471805309e-08	4.22012220516693e-08
IODOLM_03803	77.5085635181384	1.94410375165009	0.340849195710863	5.70370643708147	1.1722990638232e-08	4.27142439907604e-08
IODOLM_03896	1572.20402611201	-0.751607012008923	0.131816208914728	-5.70193163797588	1.18457337158139e-08	4.31255663397683e-08
IODOLM_02873	225.122655990438	-0.895463063441247	0.157069642811563	-5.70105748897347	1.19066469782032e-08	4.33112944111533e-08
IODOLM_01847	1887.33937365701	-0.636185798215293	0.11161176528547	-5.69998867581851	1.19815386811179e-08	4.35475193260563e-08
IODOLM_02424	114.625187630655	1.23735857449139	0.217585247316764	5.68677605559362	1.29460041673299e-08	4.70138707354654e-08
IODOLM_03069	395.344014886332	0.918116861515447	0.161504058957381	5.68479125195069	1.30972538103426e-08	4.75237003930841e-08
IODOLM_00301	214.817599969939	1.01723373178433	0.179074284536432	5.68051261194555	1.34291648788163e-08	4.86876764786247e-08
IODOLM_01979	179.010069109546	1.12075613622864	0.197347815816175	5.67909065318769	1.35412702399301e-08	4.90534756373627e-08
IODOLM_04011	876.023923430916	0.905808136562135	0.159578722305423	5.67624632830734	1.37682477657142e-08	4.9834451797159e-08
IODOLM_01349	12547.1323950553	0.660366521494796	0.116412824807746	5.6726268998745	1.4062427873821e-08	5.08571771701162e-08
IODOLM_02444	280.520447766027	-1.21302375701914	0.213907283343207	-5.67079221455438	1.42138705508901e-08	5.13624257066021e-08
IODOLM_03068	334.845384539562	-1.17271806943404	0.206831830776345	-5.66991098532674	1.42871730250515e-08	5.15847105260937e-08
IODOLM_00787	294.512399754688	1.03768810400986	0.183053839389128	5.66875902451839	1.43835494915471e-08	5.18859036277495e-08
IODOLM_02892	1564.40159696143	-0.88583675037852	0.156269964386725	-5.66863090968855	1.43943069022139e-08	5.18859036277495e-08
IODOLM_00350	3533.99020572875	0.790509746648399	0.139576442139609	5.66363302094853	1.48201183786972e-08	5.33768214199005e-08
IODOLM_02639	386.163650346612	1.30510082291745	0.230985237388916	5.65014819851892	1.60309569766656e-08	5.76903517515533e-08
IODOLM_03498	33.8380203578949	2.02127177508947	0.35806616144733	5.64496730693383	1.65212640690132e-08	5.94059585587524e-08
IODOLM_01716	17.966700375741	3.21216618407178	0.569175794342711	5.64353968668189	1.66589103530074e-08	5.98517173273893e-08
IODOLM_01250	1851.57579802972	0.932158474378588	0.165212555457286	5.64217696287367	1.67913381185333e-08	6.02780111621836e-08
IODOLM_04342	1632.43009820139	-0.762116031679693	0.135088117422312	-5.64162152987273	1.68456071662061e-08	6.04232598027194e-08
IODOLM_00047	725.857453174085	-0.769367403131763	0.136401421197058	-5.64046471348903	1.69591822543595e-08	6.07808202662386e-08
IODOLM_02787	44.2460235270684	2.17550568757301	0.385715997873484	5.64017489439624	1.69877526903959e-08	6.08333926130708e-08
IODOLM_00899	245.633669177756	1.19663444574536	0.212313873662149	5.63615756759045	1.73886288986099e-08	6.22180213085174e-08
IODOLM_01844	3622.79572721868	0.699768367768978	0.124282808526078	5.63045183857544	1.79738127041693e-08	6.42068607293426e-08
IODOLM_02048	302.540719110094	0.993045433816706	0.176368203722769	5.63052416963811	1.79662760728883e-08	6.42068607293426e-08
IODOLM_02753	144.626382405161	1.10344454566327	0.196111928139211	5.62660597003554	1.83789897185504e-08	6.56007006593608e-08
IODOLM_00441	83.6403971780242	2.03224706907693	0.361612068007879	5.61996473257263	1.90996443417848e-08	6.81173949793399e-08
IODOLM_03495	119.968320784035	1.16633470218201	0.207555390573606	5.61939007683053	1.91632755287822e-08	6.82886756628265e-08
IODOLM_00919	4146.44944524122	-1.4033277424537	0.249819462072196	-5.61736756141179	1.93888682849576e-08	6.89802338333125e-08
IODOLM_02212	1667.93450898162	-0.732506513005607	0.130399598502108	-5.61739853051594	1.93853946098892e-08	6.89802338333125e-08
IODOLM_03575	95.2748177506706	1.26860580094603	0.225870777379073	5.61651142155927	1.94851375639899e-08	6.92664191551746e-08
IODOLM_02740	2538.17257415899	-1.0011414150757	0.178587477894647	-5.6058880884487	2.07189809801729e-08	7.3592744130874e-08
IODOLM_00761	4712.55120516577	1.56918663661612	0.279945669681513	5.6053256276525	2.07863797603064e-08	7.37722610146804e-08
IODOLM_01945	659.96632214547	-1.07496937692609	0.191803631493318	-5.6045308869115	2.08819752433696e-08	7.40514778484485e-08
IODOLM_03928	132.108686060359	1.09943704717255	0.196233747130247	5.60269099097831	2.11049280248376e-08	7.47815101511653e-08
IODOLM_02736	395.696509585024	-1.06292031780049	0.189806514052524	-5.60002022642046	2.14326796126246e-08	7.58813964278685e-08
IODOLM_03288	11089.2808418096	1.17889139351302	0.210536064760271	5.59947482088345	2.15002157646341e-08	7.6058968622505e-08
IODOLM_02323	56.2892943904294	-1.57524599463219	0.281585627723872	-5.59419884944166	2.2164281535831e-08	7.83448271411925e-08
IODOLM_02244	17226.3269882337	-0.625863245520788	0.111895690512444	-5.59327390227944	2.22827342184106e-08	7.86999555607463e-08
IODOLM_03462	9531.41801600629	-1.20867544759444	0.216336908685072	-5.58700526387732	2.31018724933226e-08	8.15272532506287e-08
IODOLM_03968	7038.19785373257	-0.610699608424918	0.109447432405088	-5.57984408592238	2.40734275078802e-08	8.48874446208572e-08
IODOLM_04297	79.6717659540633	1.65061856034585	0.295856834654382	5.57911248619316	2.41748874895397e-08	8.51765762111317e-08
IODOLM_01432	27.6150850371931	-2.48113177012578	0.445424329634956	-5.5702654863042	2.54351462314951e-08	8.95448108680793e-08
IODOLM_01883	162.13346941968	-1.19919969133496	0.215845961564984	-5.55581249998935	2.76323366927321e-08	9.72018531892249e-08
IODOLM_02380	152.822895131738	1.27999218863772	0.230806261325545	5.54574291566698	2.92708642300409e-08	1.02882973390088e-07
IODOLM_03010	1433.96841505153	-0.723236792738693	0.130443903742587	-5.54442769641347	2.94917166040045e-08	1.03576044830757e-07
IODOLM_02589	2392.15653975747	0.92727841700134	0.167324998729669	5.54178051122807	2.99411458754581e-08	1.05070131797117e-07
IODOLM_00793	727.994584729208	-0.791589440642186	0.142912120787808	-5.53899442733422	3.04213323040645e-08	1.06669671604636e-07
IODOLM_01682	118.847206919791	1.38942180988661	0.250853160390389	5.53878535045891	3.04576669117727e-08	1.06711569580398e-07
IODOLM_03277	101.599005856853	1.40087827666728	0.252943957233674	5.5382950910866	3.05430322545592e-08	1.06925047316761e-07
IODOLM_02156	465.932167259512	1.04661511463635	0.188992816440149	5.53785659344249	3.06195813162747e-08	1.07107344396497e-07
IODOLM_00691	1088.95556683929	-0.782768331422799	0.141363839896409	-5.53725996687986	3.07240341049857e-08	1.07386879587394e-07
IODOLM_03698	629.671474129687	-1.17041673498231	0.211798328448536	-5.52609051995757	3.2744523306418e-08	1.14357569025447e-07
IODOLM_02473	610.112103881117	1.08190145617504	0.195855134439238	5.52398822360556	3.31389684745993e-08	1.15642843735922e-07
IODOLM_02210	2538.86004203141	0.615858916850771	0.111520837708928	5.52236630842191	3.34464274993625e-08	1.16622762340407e-07
IODOLM_01636	2868.10723863434	-0.802805865001075	0.145465948962536	-5.51885764831353	3.41210447713979e-08	1.18880327961494e-07
IODOLM_00405	6808.73211508844	0.611150444468152	0.110802928670798	5.51565244528795	3.47488380232136e-08	1.20971292911363e-07
IODOLM_00575	2397.54583156436	1.29860238188431	0.235503623003362	5.51415033587732	3.50468933023316e-08	1.21911927735297e-07
IODOLM_01504	1221.58781213637	-0.690148190486192	0.125198767170126	-5.51242001886795	3.53933043476132e-08	1.23019142037455e-07
IODOLM_01887	831.811891417442	-0.723722173850581	0.131428192313261	-5.5065976417417	3.65835092892753e-08	1.27055108452277e-07
IODOLM_00115	22.9396048194794	3.00648727594721	0.546184658658115	5.50452530712534	3.70164288594683e-08	1.28456695233175e-07
IODOLM_01823	1608.1134146117	-0.755553815620857	0.137335031802587	-5.50153741331585	3.76493697443314e-08	1.3054963708494e-07
IODOLM_03588	166.414344474933	1.08146114856137	0.196606776667785	5.50063007435782	3.78436448304554e-08	1.31119390164745e-07
IODOLM_03442	4060.00594721684	-1.00339141263641	0.182420576156119	-5.50042891969427	3.7886846578713e-08	1.31165222016177e-07
IODOLM_03583	900.988147773472	1.31962907734589	0.240164917029544	5.49467879683508	3.91422179894962e-08	1.35404226025325e-07
IODOLM_00830	206.205975490648	1.26009362972527	0.22942021878539	5.49251341663141	3.96253437787018e-08	1.36967223045497e-07
IODOLM_03070	276.506714827784	1.17379156306896	0.2137432521896	5.49159587984443	3.98317984280633e-08	1.37572178311922e-07
IODOLM_03849	592.16823618434	0.743171394728819	0.135396429514262	5.48885518912842	4.04547104986769e-08	1.39613417304582e-07
IODOLM_01304	83.8754105042803	1.36647232339886	0.249035178197766	5.487065455121	4.08665736476464e-08	1.40923661372814e-07
IODOLM_03216	41.5901025761507	1.95863243032781	0.357453207812436	5.47940929755358	4.26748143154213e-08	1.47043297200223e-07
IODOLM_00822	543.836585445242	-1.53809562747915	0.280723767519743	-5.47903599708913	4.27649361609976e-08	1.4723789192803e-07
IODOLM_01322	4083.80425666434	-0.837591762140107	0.153042376383188	-5.47294012243341	4.42629703774489e-08	1.52275753436884e-07
IODOLM_00931	12407.2651383303	-1.02359664209483	0.187098659337921	-5.47089244635422	4.47774989864429e-08	1.53924851189846e-07
IODOLM_04043	1257.92931561343	-0.735494582127592	0.13449652869191	-5.46850234188856	4.53854070445036e-08	1.55892104573585e-07
IODOLM_02897	274.777035384505	-0.842925317085076	0.154589596386433	-5.45266522967036	4.96204300812158e-08	1.70305099635608e-07
IODOLM_00956	1027.17764194353	-0.974807513204589	0.178794704256901	-5.45210506796632	4.97770298292611e-08	1.70708685370569e-07
IODOLM_04243	192.645128293862	-1.21354217221946	0.22259384907861	-5.45182257839877	4.98561846869032e-08	1.70846252302184e-07
IODOLM_00465	499.886716149687	-0.883377328556995	0.162188462839835	-5.44661015395004	5.13388143022856e-08	1.757892420867e-07
IODOLM_01712	740.052563426138	1.28709764417701	0.236344531624431	5.44585328600832	5.15576210050489e-08	1.76400429646672e-07
IODOLM_03801	3163.57567088348	-0.695805633180418	0.127789330902954	-5.44494308142849	5.18219537988896e-08	1.77166304549954e-07
IODOLM_00463	1418.20663276754	0.982375174878446	0.180579303700773	5.44013159174808	5.32412302838809e-08	1.81876365122766e-07
IODOLM_00184	849.711485973779	-0.696435561996701	0.128055583139156	-5.43854117816866	5.37185953032326e-08	1.83363941534279e-07
IODOLM_01893	692.176388832825	0.92280224973062	0.169777156429845	5.43537345739405	5.46817810903343e-08	1.86506215160797e-07
IODOLM_03587	154.566100374529	1.19231928510104	0.219830731789901	5.42380619576235	5.83431385597454e-08	1.98839232350036e-07
IODOLM_03650	220.501249508497	0.911971248921697	0.168231742540477	5.42092256282893	5.9292241749828e-08	2.01916614706029e-07
IODOLM_00710	1481.86772256716	0.729157111854444	0.134557189728982	5.41893832149047	5.99539950209586e-08	2.04011416960898e-07
IODOLM_00826	115.591771019299	1.18060002349242	0.21806797227344	5.41390838454737	6.16637251799797e-08	2.09666248164406e-07
IODOLM_00348	205.314716664856	0.959857640710629	0.177560427445561	5.40580834659747	6.4516754808973e-08	2.19196676276448e-07
IODOLM_00857	456.139936117904	-0.894723340889485	0.165794355597668	-5.39658505058343	6.79212226290794e-08	2.30584383417262e-07
IODOLM_00323	436.343050098094	-0.771478498609934	0.143047417854572	-5.39316619747902	6.92268668028955e-08	2.34834704751528e-07
IODOLM_02679	227.169595708275	1.00376198383145	0.186331865498459	5.38695827010733	7.16600634672348e-08	2.42900416524105e-07
IODOLM_01603	160.637198384187	1.00631863086223	0.186868449302111	5.38517141133498	7.23756411603327e-08	2.45136072536854e-07
IODOLM_03316	10636.1194739112	1.20529396073592	0.223946984185166	5.38205042198449	7.36421287133881e-08	2.49232757347089e-07
IODOLM_04068	519.778138615364	-1.04514912958294	0.194202943195434	-5.38173681812417	7.37705685310008e-08	2.49474503780262e-07
IODOLM_03480	3255.5120494935	0.585047110437278	0.108730597447194	5.38070353859142	7.41952961981834e-08	2.5071707811834e-07
IODOLM_00114	22.6104464803474	2.61427524187752	0.485927832277177	5.37996605303793	7.44998857323722e-08	2.5155208330622e-07
IODOLM_00186	639.352375654685	0.764252111764163	0.142192522104799	5.37477006843505	7.6680470567625e-08	2.58715296225079e-07
IODOLM_03876	709.303725652681	-0.73205600418209	0.136225528765769	-5.3738532770962	7.70715798840559e-08	2.59834540502795e-07
IODOLM_02930	562.817419882511	-0.881342795742872	0.164224460333052	-5.36669625191938	8.0191937189429e-08	2.70146202571933e-07
IODOLM_01905	860.949276832069	-0.677715128795454	0.126419601452787	-5.36083899179635	8.28363242131293e-08	2.78839811351272e-07
IODOLM_03472	473.760400736291	0.89855169656153	0.167707068669735	5.35786418359648	8.42115037205385e-08	2.83250991761012e-07
IODOLM_00030	635.68404768518	-0.852262476489381	0.159092295615792	-5.35703173551281	8.46002654143067e-08	2.84340062559913e-07
IODOLM_00897	87.9535277336681	1.36360954990892	0.254553943601312	5.35685886699376	8.46812143926761e-08	2.8439370236558e-07
IODOLM_03908	1456.51877432604	-0.763842382559138	0.142830651052882	-5.34788840440368	8.89863015397401e-08	2.98622741976919e-07
IODOLM_04053	694.024417873369	1.3758106929981	0.258227306142998	5.32790553233058	9.93517714031267e-08	3.33151993609259e-07
IODOLM_02751	61.0426680622127	1.54296236838991	0.289944504696127	5.32157824479894	1.02870847127146e-07	3.44688228965076e-07
IODOLM_03207	612.591304642262	-0.674402785212495	0.126852785516053	-5.31642078231816	1.05828264065608e-07	3.5432630723114e-07
IODOLM_01148	615.577618539598	-0.705642960650962	0.132786212133027	-5.31412824656856	1.07169125287536e-07	3.58541354937505e-07
IODOLM_00882	84.1112062023633	-1.22665642997806	0.23107728018355	-5.30842508187604	1.10576518036169e-07	3.69658397957429e-07
IODOLM_02047	26.5784647801607	2.30352354921512	0.434090663948809	5.30654939284014	1.11719898139647e-07	3.73195629205415e-07
IODOLM_00055	219.397740142402	1.08593943971443	0.204759951514085	5.30347576117554	1.1361829635062e-07	3.79247646705046e-07
IODOLM_03777	114.439210428989	1.39885529255459	0.263780761180244	5.30309824831665	1.13853604862679e-07	3.79743425974913e-07
IODOLM_00145	1787.71416037741	-0.693155119886962	0.130773575126168	-5.30042188735928	1.15535389321586e-07	3.85059302110634e-07
IODOLM_03845	1174.45827014186	0.883991666663294	0.166882637230154	5.29708591220395	1.17665343256123e-07	3.91859621072142e-07
IODOLM_03814	678.118620453829	-0.704623010908143	0.133119319267765	-5.29316867592163	1.20214942882507e-07	4.00046076086577e-07
IODOLM_03793	5251.17272520965	0.825455500078028	0.155962647289816	5.29264868493885	1.20557380612386e-07	4.00880773221732e-07
IODOLM_00692	2273.88871694401	-0.603772622420764	0.114083373211609	-5.29238052332872	1.20734345916324e-07	4.01164387038598e-07
IODOLM_02463	209.215869511162	-0.851171013765586	0.160924497966066	-5.28925691565664	1.22814282608075e-07	4.0776578201285e-07
IODOLM_02170	1678.51900699745	-1.43075513350106	0.270538094248339	-5.28855330882794	1.23287559606169e-07	4.09026808822285e-07
IODOLM_01159	18.6604917752193	2.81523994611205	0.533038267956817	5.28149687432972	1.28132669203945e-07	4.24665855953652e-07
IODOLM_02823	62.2250806052148	1.45799902765011	0.27606261271876	5.28140704491358	1.2819552004451e-07	4.24665855953652e-07
IODOLM_02403	512.638427952218	-0.81524445034587	0.154377386972236	-5.28085405728811	1.28583085682667e-07	4.25627521140205e-07
IODOLM_03471	691.822704565373	0.83921399680568	0.159520120663953	5.26086611088754	1.43378412622716e-07	4.74243336082391e-07
IODOLM_03482	1680.6271100807	0.652491003071654	0.124135710578781	5.25627154369538	1.4700518881732e-07	4.8587213464093e-07
IODOLM_01736	2182.70748830425	-1.06403261557106	0.202552797640491	-5.25311241298972	1.49550195496562e-07	4.93910683390911e-07
IODOLM_00544	219.343324319325	-0.973800534022792	0.185695245564429	-5.24407898039004	1.57064913539734e-07	5.1833790471333e-07
IODOLM_02374	519.358709460506	-0.751590109826156	0.143371466690999	-5.24225724387699	1.58624011021746e-07	5.23088675381431e-07
IODOLM_00089	627.91482907319	0.795477113177269	0.151751547339393	5.24197035960483	1.58870895281414e-07	5.23508311559841e-07
IODOLM_00535	752.41495555206	-0.801328372937243	0.153014101782118	-5.23695766340727	1.63245119877763e-07	5.3751741503769e-07
IODOLM_00263	61.0682887215993	1.43500894839016	0.274091927113596	5.23550242249721	1.64536666543533e-07	5.41362746462031e-07
IODOLM_03728	540.369273324194	0.817665936149817	0.156214947758449	5.23423621031549	1.65668481498468e-07	5.44677141275203e-07
IODOLM_03719	626.22744093748	0.881433026210161	0.168780261808996	5.2223702982974	1.76647279874344e-07	5.80336709256855e-07
IODOLM_02584	313.218149921074	2.01732460153466	0.38663677384869	5.21762216628709	1.8123468627065e-07	5.94960980585421e-07
IODOLM_01481	671.093687577452	-0.681774416786185	0.130718157609238	-5.21560607382676	1.83217175850355e-07	6.01018262009861e-07
IODOLM_01803	14.5876970743568	3.39077919307293	0.650498653225544	5.2125844938487	1.86227700057458e-07	6.10436266255758e-07
IODOLM_03981	2137.04784903733	-1.10299036703986	0.211648672331834	-5.21142114848956	1.87399491542692e-07	6.13817496250613e-07
IODOLM_02664	1058.06953550837	-0.591894812176649	0.11361060076053	-5.20985549072354	1.88987772163971e-07	6.18556836940566e-07
IODOLM_02958	2475.72191074721	-0.58313954160299	0.111955086687005	-5.20869179649948	1.90176702890129e-07	6.21982998391035e-07
IODOLM_01630	696.892312855947	-1.42258945443097	0.273325677822729	-5.20474133920788	1.94267004933596e-07	6.34886044502924e-07
IODOLM_02116	2929.80423015232	0.729626430520556	0.140189009056578	5.20459082656109	1.94424515386746e-07	6.34926626367462e-07
IODOLM_02595	5044.37445541083	-0.552146295143539	0.106111820996757	-5.20343812741104	1.95634906558997e-07	6.38402946384915e-07
IODOLM_02990	22506.5228155305	-0.907001380816744	0.174399920148284	-5.20069837214123	1.98541084854352e-07	6.47403716335799e-07
IODOLM_02098	521.678804147426	-0.719119741103396	0.138356821384572	-5.19757344745983	2.01906774448461e-07	6.57888343251277e-07
IODOLM_03749	343.192815235249	-0.841577556244583	0.161978585730624	-5.1956099780014	2.04049660855077e-07	6.64375979093614e-07
IODOLM_02382	812.366207417323	-0.674020107981555	0.129776077377183	-5.1937161424796	2.06137365242452e-07	6.70674431450536e-07
IODOLM_00152	118.175647237198	-1.6075854245543	0.309533678134506	-5.19357193777064	2.06297174969264e-07	6.70695718919389e-07
IODOLM_02068	722.585929784961	-0.7308022806712	0.14077026814627	-5.19145335371419	2.08658866801374e-07	6.7787023097462e-07
IODOLM_02850	715.240691774866	-0.807846694334907	0.155973005860816	-5.17940069101313	2.22599876046986e-07	7.22623929956684e-07
IODOLM_02861	325.263301984431	-0.9513540092376	0.183894862589099	-5.17335827571942	2.29923534438963e-07	7.45845357082953e-07
IODOLM_04230	684.918449570012	-0.700418665644657	0.135492981962954	-5.16940918634564	2.34835214725893e-07	7.6121399973371e-07
IODOLM_03151	828.932867789073	0.761465988396279	0.147324268484514	5.16863919454192	2.35804631057345e-07	7.63790574024382e-07
IODOLM_03188	328.176983425349	0.78563154717019	0.152076722288895	5.16602104086483	2.39129883651006e-07	7.73988439982841e-07
IODOLM_03960	3089.2884429589	0.967415179660151	0.187331676957391	5.16418363072782	2.41490537873949e-07	7.81051436612268e-07
IODOLM_00252	195.322512760024	1.36626793956259	0.265062499546273	5.15451239576072	2.5429174017531e-07	8.21846864850188e-07
IODOLM_02828	411.945831140963	1.26605364206597	0.246076684851156	5.14495569879678	2.6758394951193e-07	8.6416779561934e-07
IODOLM_02262	336.658393128113	-1.08144386114241	0.210385657166555	-5.14029271627707	2.7431079061699e-07	8.8523895261058e-07
IODOLM_03466	351.279941022838	0.921215620479103	0.179339422126572	5.13671567330545	2.79581455628451e-07	9.01583234952175e-07
IODOLM_03621	178.865541273448	-1.27628086162887	0.248508426831782	-5.13576492314606	2.80998727768834e-07	9.05486327478951e-07
IODOLM_00905	370.793121342742	0.795535689195127	0.15500271007929	5.13239858056791	2.86072884391498e-07	9.21158897790432e-07
IODOLM_00764	40.4196448242195	2.20584907917175	0.430120904467049	5.12843959980264	2.92153599653095e-07	9.40047170648489e-07
IODOLM_03269	29373.5081531697	-1.31730600779518	0.256972205900648	-5.1262587063773	2.95556418529224e-07	9.50297492640621e-07
IODOLM_02348	110.142637171087	1.13854214207836	0.222106975389796	5.12609808890613	2.9580853529407e-07	9.50409802090199e-07
IODOLM_03224	10813.4986527176	0.737006740727122	0.143795485369088	5.12538164070595	2.96935655438678e-07	9.53331201907305e-07
IODOLM_04309	493.745552715961	0.766945944853065	0.149664700885791	5.12442773956648	2.98442775945875e-07	9.57467439544829e-07
IODOLM_02229	654.478185111826	-1.06693081236435	0.208445386637283	-5.11851487613356	3.07950951373887e-07	9.87247885137091e-07
IODOLM_00227	33.7549364105665	2.27370175287697	0.444893044410676	5.11067048910331	3.21017465760053e-07	1.02838391666617e-06
IODOLM_01702	280.781354226776	0.852656028757583	0.167231289794412	5.09866323345235	3.4206048651616e-07	1.09499392025949e-06
IODOLM_01360	272.803152480667	-0.953351988939108	0.187624377135758	-5.08117337146068	3.75110562807558e-07	1.19903858498603e-06
IODOLM_02320	46.7620588666651	-1.72562488594933	0.339608154263583	-5.08122335781728	3.75011853336719e-07	1.19903858498603e-06
IODOLM_00684	2410.48685833349	-0.630493453462142	0.124354307265597	-5.07013763596887	3.97528113141067e-07	1.26976863000388e-06
IODOLM_00466	2309.82090322293	-0.80027800235587	0.158029523913914	-5.06410436819272	4.10324819076134e-07	1.3096873875107e-06
IODOLM_03589	95.406812928216	1.18922339321183	0.234979094620331	5.06097529711452	4.17117261968907e-07	1.3303973311778e-06
IODOLM_00367	1676.62741163076	-0.746905845315411	0.147882353483133	-5.05067594424376	4.40249389929948e-07	1.40315464700179e-06
IODOLM_03713	689.339696111212	1.65440925067532	0.327757977243249	5.0476551771232	4.47265457607162e-07	1.42447863354362e-06
IODOLM_03278	221.727837500257	1.01426741353348	0.201054876255445	5.04472924220368	4.54164027193028e-07	1.44539766036123e-06
IODOLM_01428	76.1439425052185	-1.16660550739508	0.231260989752019	-5.04454083953386	4.54611729906764e-07	1.44577102476163e-06
IODOLM_02903	470.637604510264	-0.809328305589345	0.160615012029143	-5.03893313186998	4.68133991092049e-07	1.48769378723225e-06
IODOLM_00917	684.085216902989	-0.713733691366565	0.141691390541376	-5.03724106764373	4.72289814248234e-07	1.49981148559526e-06
IODOLM_02661	1628.08841990914	-0.6417215075983	0.127409759856646	-5.03667464973112	4.73688907268873e-07	1.50316363902001e-06
IODOLM_01809	1065.19025596094	-0.905947726002634	0.179913421349058	-5.03546494313487	4.76690367882128e-07	1.51049750170325e-06
IODOLM_04356	38.7468332469585	1.94926529580301	0.38709724940066	5.03559583236782	4.76364729504305e-07	1.51049750170325e-06
IODOLM_00402	294.058969593651	1.08734941267476	0.215959169962163	5.03497681003902	4.77906685120314e-07	1.5132559002073e-06
IODOLM_00414	2554.02712065518	-0.715675151155748	0.142360079032427	-5.02721799552199	4.97646530517157e-07	1.57462127081929e-06
IODOLM_01828	266.763359032366	0.859241242417016	0.171160677441313	5.02008554337272	5.16484738067333e-07	1.63304711978515e-06
IODOLM_01394	140.381288382374	-1.26812996383457	0.253022146508042	-5.01193267599707	5.38860584971772e-07	1.70256600710215e-06
IODOLM_02612	1654.11546575121	-0.759950780829321	0.151907149329619	-5.00273215699891	5.65234489132415e-07	1.78460759339354e-06
IODOLM_03045	85.3334822115726	-1.36257167839501	0.272451537487607	-5.0011524653517	5.69886213248805e-07	1.79799716595297e-06
IODOLM_01498	420.651932734446	0.83080158214052	0.166261309923711	4.99696280825486	5.82402954090913e-07	1.83616378033274e-06
IODOLM_02764	2774.89151945118	-0.645967446083557	0.129295500121004	-4.99605512549946	5.85149402941705e-07	1.84349444728071e-06
IODOLM_00810	1352.31967056868	-0.726266168164925	0.145392769029136	-4.99520143274379	5.87743880215489e-07	1.84992995931013e-06
IODOLM_01342	706.234467201971	0.914420364651857	0.183063291422729	4.99510501283559	5.88037608181076e-07	1.84992995931013e-06
IODOLM_01259	122.895046440034	1.05637184279119	0.211997209807391	4.98295163295286	6.26216077925557e-07	1.96862180819126e-06
IODOLM_01585	117.131030538108	1.39278379685937	0.279522065544849	4.98273291643196	6.26924568780739e-07	1.96943425196304e-06
IODOLM_00225	459.889342134452	-0.845812109388144	0.169915452470047	-4.977841020888	6.42974324985429e-07	2.01840433725698e-06
IODOLM_02166	73.2726764666769	1.77295206765007	0.356289109749394	4.9761612666105	6.4857618857819e-07	2.03453003671553e-06
IODOLM_01581	13.2682262920047	3.42555476996148	0.688777213909421	4.97338573458089	6.57935611062622e-07	2.06241134241407e-06
IODOLM_00838	950.895977391934	-0.650171084158281	0.130884744636465	-4.96750852029503	6.78185795226215e-07	2.12436724403001e-06
IODOLM_04120	122.804974381508	1.05368710112296	0.212341594411204	4.96222656726629	6.96896349319733e-07	2.18141518213387e-06
IODOLM_03893	356.145414144655	-0.863808430562667	0.1742061326318	-4.95854203013854	7.10241742836728e-07	2.22159961876592e-06
IODOLM_01644	19.4390217533696	2.9552354862589	0.596025803614828	4.95823413740771	7.11368010564812e-07	2.22353315302258e-06
IODOLM_00969	7114.91243617891	-1.08344188135497	0.218614693037482	-4.95594265097825	7.1980446720968e-07	2.24829717952146e-06
IODOLM_02977	2000.3921923596	-0.818928085363297	0.165461507890851	-4.94935707888939	7.44590308878884e-07	2.32405648477461e-06
IODOLM_02491	3344.81142792678	0.719810455521493	0.145497902916191	4.94722220110702	7.52800267512528e-07	2.34800710665347e-06
IODOLM_01607	76.3990645847134	1.15778965907912	0.234351125252663	4.94040580274945	7.79601486629503e-07	2.42986902100478e-06
IODOLM_00267	108.632791970577	1.43363923238558	0.290391922344279	4.93691153945358	7.93694496711881e-07	2.47203353566633e-06
IODOLM_00744	40.7050364848727	1.60147484528306	0.32475894861296	4.93127241642742	8.16957095659503e-07	2.54267727639117e-06
IODOLM_01985	145.983169923708	1.432495779624	0.290613895871448	4.92920607023439	8.25644513703754e-07	2.56788940438353e-06
IODOLM_00432	618.305478863329	0.629335275459032	0.127709749690794	4.92785615023719	8.31367878312666e-07	2.58385357634675e-06
IODOLM_04058	8739.96217444848	0.899854945155506	0.182843675495375	4.92144419388609	8.59078999119707e-07	2.6680835345265e-06
IODOLM_01387	21.789205726508	2.68933427499646	0.546541814102213	4.92063773640842	8.62626678296968e-07	2.67720166257272e-06
IODOLM_00087	413.410989596922	-1.22044000375145	0.248251293998474	-4.91614760227174	8.82638597126232e-07	2.73542953330339e-06
IODOLM_01656	330.791755613027	-0.762065651592538	0.155012131825042	-4.91616780325724	8.82547570931702e-07	2.73542953330339e-06
IODOLM_01044	106.679285596589	-1.03841921695566	0.211385701046303	-4.91243831449222	8.9950687352224e-07	2.78573395508374e-06
IODOLM_02045	358.818867128143	0.962696991477567	0.195979938313718	4.91222213743386	9.00499468707426e-07	2.78683569665042e-06
IODOLM_01654	51.6939347739401	1.74296489519118	0.354833198434516	4.91206827005181	9.01206606152254e-07	2.78705308022775e-06
IODOLM_01246	1352.49354760913	-0.601684769564054	0.12269184782355	-4.90403217685148	9.38890993444226e-07	2.90154448256492e-06
IODOLM_00640	410.698523295575	0.980570781058493	0.200061210361155	4.90135383709988	9.51784500264195e-07	2.93931473052655e-06
IODOLM_00642	811.00843508002	-0.923232849795191	0.188674997633619	-4.89324426328061	9.91871757429989e-07	3.0609526167233e-06
IODOLM_04124	111.124223623293	1.17658593616242	0.240507662891246	4.89209334130219	9.9769105643384e-07	3.07674141152536e-06
IODOLM_02757	2620.98810104922	0.668357902236521	0.136658259398252	4.89072453563731	1.00465481167914e-06	3.09603482810417e-06
IODOLM_00444	89.6177870532802	1.25475207061873	0.256637211282467	4.88920552225643	1.01243751266624e-06	3.11782305096936e-06
IODOLM_00147	14287.5449185203	0.69516379368868	0.142236731455713	4.88737182424026	1.02190983434135e-06	3.14478019344428e-06
IODOLM_01006	245.861992869351	-0.830803456575222	0.170189543801301	-4.88163630983816	1.05209160096092e-06	3.2353849935383e-06
IODOLM_01144	1327.2534425247	-0.646707692575436	0.132535333815565	-4.87951155331446	1.06348893835134e-06	3.26813735549542e-06
IODOLM_04349	45.2017810470511	1.69402591760454	0.347265246098786	4.87819019218134	1.07063663610073e-06	3.28779362777318e-06
IODOLM_02705	528.291164930766	0.666465002637135	0.136718059295114	4.87474007510983	1.08951813536738e-06	3.34343012648504e-06
IODOLM_02354	32.9691465091272	2.25824536632689	0.463394170098362	4.87327099054256	1.09765492532468e-06	3.36603921038597e-06
IODOLM_01567	16.1417809675791	2.6838506897281	0.550996531595527	4.87090305624329	1.11089338899836e-06	3.40425032931152e-06
IODOLM_01124	1425.30585987696	-0.820143961555487	0.168427160034771	-4.86942819309054	1.11921644808749e-06	3.42735561709647e-06
IODOLM_04313	639.05637457794	-0.681910348833975	0.140193604557363	-4.86406174509166	1.15001012476017e-06	3.519191822343e-06
IODOLM_01525	129.88337532012	0.980431884470619	0.201721543177678	4.86032314162422	1.17194300408708e-06	3.583803344434e-06
IODOLM_02575	553.104037270008	-1.17933493925328	0.242728524654909	-4.85865821056656	1.18183949971542e-06	3.61154305220298e-06
IODOLM_01263	8708.83814587669	-0.640640233922363	0.131987106027834	-4.85380923335998	1.21112247052025e-06	3.69844517166546e-06
IODOLM_01459	817.079161676874	0.769108575040073	0.158532596647274	4.85142230245112	1.22579230141412e-06	3.74063257391086e-06
IODOLM_03545	376.184346999929	0.799660501621823	0.164862900466353	4.85045755812738	1.23176989940339e-06	3.75625441100296e-06
IODOLM_04354	185.665337136118	1.06059166070427	0.218689340100408	4.84976387151433	1.2360853325333e-06	3.76678928632711e-06
IODOLM_01496	6496.14666316185	0.566818465620214	0.116961637453379	4.84619126374791	1.25854191373244e-06	3.82988832718577e-06
IODOLM_03352	60655.256445881	0.560917636569828	0.115741698588473	4.84628827302947	1.25792698527738e-06	3.82988832718577e-06
IODOLM_01964	172.703872858143	-0.875946236520876	0.180998479636553	-4.83952262074126	1.30151377533174e-06	3.95790429524091e-06
IODOLM_01297	96.4460803858224	-1.16845566665072	0.241642255489773	-4.83547740556566	1.32826461961895e-06	4.03644859406424e-06
IODOLM_00384	896.333264113603	0.677038258481904	0.140127190278204	4.8315980441607	1.35441491047815e-06	4.11306013064009e-06
IODOLM_00667	10.9306998066641	4.59289320572406	0.950879779172587	4.83015130442735	1.36429339053081e-06	4.14018576765799e-06
IODOLM_01021	91.5491375263443	1.25051784213787	0.259039314326943	4.82752143390694	1.38242813912855e-06	4.19231152933232e-06
IODOLM_03701	157.456793024808	-1.25026133122792	0.259159306046285	-4.82429649277046	1.40498287140257e-06	4.25775972663273e-06
IODOLM_00993	2356.28289434083	-0.655037930911723	0.135836254379668	-4.82226143457155	1.41939741233374e-06	4.29846579679755e-06
IODOLM_02227	227.935752368583	1.04388762534875	0.216522131880895	4.82115900245698	1.42726533733766e-06	4.31930367647966e-06
IODOLM_02011	50.9285296994565	1.52562711500063	0.316819899298212	4.81543968159843	1.46876126429716e-06	4.44181015381091e-06
IODOLM_02477	234.333560505943	-0.842227681148006	0.175015434183676	-4.81230518369084	1.49199286353125e-06	4.50895080857234e-06
IODOLM_01328	465.401786770932	-0.732960934095925	0.152352980399924	-4.81093925548366	1.50222671440036e-06	4.53674541215734e-06
IODOLM_00938	104.938064817011	1.12572907106996	0.234354354356027	4.80353383730934	1.55889530143398e-06	4.70463850970696e-06
IODOLM_03244	2039.50026351486	-0.800215171269747	0.166650963060842	-4.80174345573749	1.57290124715216e-06	4.74363601484346e-06
IODOLM_02329	33.281072910572	1.70314095068274	0.355026144581365	4.79722684280345	1.6087737637478e-06	4.84848070947685e-06
IODOLM_01749	651.472444781169	0.83885806207092	0.174943339832369	4.7950271377848	1.62652810132809e-06	4.89679627556793e-06
IODOLM_01810	304.053489638836	0.789949438916969	0.164745657681562	4.79496364294997	1.62704336944144e-06	4.89679627556793e-06
IODOLM_02721	493.264093867597	1.05693641090582	0.220436171690109	4.79475034792235	1.62877543295167e-06	4.89864006501477e-06
IODOLM_00431	218.510873239634	0.807388569321124	0.168407164134047	4.7942649795971	1.63272347712171e-06	4.90714143948119e-06
IODOLM_01639	60.2712865700789	1.62686445662409	0.339371537388458	4.79375633308318	1.63687073921674e-06	4.91622948168323e-06
IODOLM_02647	1744.42507262832	-0.74977388737947	0.156424818322018	-4.79319007956893	1.64149961215696e-06	4.92675055061649e-06
IODOLM_02316	631.954456663564	-0.83139360925575	0.17366387894166	-4.78737210249141	1.68979356306194e-06	5.06822250305624e-06
IODOLM_01658	745.840831859619	-0.812409051947475	0.169712542811462	-4.78697118367969	1.69317133683415e-06	5.0748751849221e-06
IODOLM_02634	737.031137129555	-0.593908837702218	0.124142114910687	-4.78410439623572	1.71751405560173e-06	5.14431314668938e-06
IODOLM_03649	566.777818964648	-0.640559241294335	0.133917618298651	-4.78323352395515	1.72497525059899e-06	5.16312701547276e-06
IODOLM_01911	4757.72730489723	0.601781938715304	0.125818244276567	4.78294656053615	1.72744062472928e-06	5.16697209420051e-06
IODOLM_02479	5224.03942320524	-0.497633939069242	0.10418906551242	-4.77625878130102	1.78586545262538e-06	5.3380787026562e-06
IODOLM_00307	703.410710916595	-0.747073932942383	0.156421296075321	-4.77603722566425	1.78783310832727e-06	5.34031241094891e-06
IODOLM_03437	2340.011284192	-0.729495849148507	0.152852673278042	-4.77254230170735	1.81914883875684e-06	5.4301468747612e-06
IODOLM_01434	19.6677051292635	-2.50087141535009	0.524164479716307	-4.77115774175242	1.83170017327948e-06	5.46388545212748e-06
IODOLM_03591	953.875821091895	0.703148163309064	0.14763868554025	4.7626281738831	1.91087746369528e-06	5.69618513700992e-06
IODOLM_02678	67.0525609925293	1.20805417357244	0.253681900965648	4.76208262778676	1.91605193420976e-06	5.7077217590891e-06
IODOLM_00144	1113.71841190893	-1.01409510396578	0.21297711389715	-4.76152148655512	1.92138836702977e-06	5.71972482593353e-06
IODOLM_02097	517.550460503988	-0.695335689795285	0.146116701941292	-4.75876939841321	1.9477680379226e-06	5.79431198772897e-06
IODOLM_01291	86.0167032666942	-1.18511923906609	0.249178602067114	-4.75610357083104	1.97365240517058e-06	5.86732535667557e-06
IODOLM_03724	182.927320221211	1.31380622454693	0.276396348197428	4.75334147182178	2.00081997150979e-06	5.94405172798835e-06
IODOLM_00655	241.569486399216	1.25634795941027	0.264369149419241	4.7522487482756	2.01166669277034e-06	5.97222079210516e-06
IODOLM_02539	1994.49283226928	-0.637485265197273	0.134174616026831	-4.75116146462304	2.0225154668214e-06	6.00035775105792e-06
IODOLM_00067	629.99117060125	0.646207873402031	0.136029997352871	4.750480673213	2.02933690201178e-06	6.01651645203494e-06
IODOLM_01135	659.746183536542	-0.587956946990394	0.124072171163036	-4.73883016214645	2.1495556994519e-06	6.36862270873494e-06
IODOLM_04083	29.6017266237978	2.00908776721003	0.424115949158873	4.73711910904212	2.16777768804757e-06	6.41826465689862e-06
IODOLM_01358	1316.07455767561	0.655936438518942	0.13848695130868	4.73644940783551	2.17495003853979e-06	6.43514629388108e-06
IODOLM_00657	3050.04604668943	-0.616045991867959	0.130099211594324	-4.73520157669298	2.1883748689413e-06	6.47049218005886e-06
IODOLM_01039	20.9753240877531	2.30786367953557	0.48775072260182	4.73164584405879	2.22706720703058e-06	6.58044976229966e-06
IODOLM_03892	974.852404746544	-0.80519036619699	0.170434582031008	-4.72433679011514	2.30867539793563e-06	6.81697944761561e-06
IODOLM_00008	96.8445841140886	1.12169924019897	0.237449022992417	4.72395811978048	2.31298069208466e-06	6.82508665445884e-06
IODOLM_02079	601.298145338639	0.739754395551545	0.156620967591136	4.72321431114316	2.32145988138633e-06	6.84549086317156e-06
IODOLM_03511	208.508650043491	-0.847219987032707	0.179433969321217	-4.72162539923553	2.33967307488325e-06	6.8945517681408e-06
IODOLM_04010	462.099025818238	0.846007654516201	0.179216555171968	4.72058875199567	2.35162970381045e-06	6.92512219641625e-06
IODOLM_01338	490.364061104831	1.43021981882342	0.302985413724539	4.72042466085089	2.35352769147656e-06	6.92605055675953e-06
IODOLM_04358	65.7784584809791	1.39886263452401	0.296374416307426	4.71991696163473	2.35940939884931e-06	6.93869323209984e-06
IODOLM_03708	1881.95187628488	-0.674544741303969	0.142938870294604	-4.7191134217984	2.36874728065108e-06	6.96147622574151e-06
IODOLM_00109	225.781978530593	-1.43192041978625	0.303711770298086	-4.71473469197738	2.42025896121336e-06	7.10808940555011e-06
IODOLM_01772	10.8557562914698	3.54698605622246	0.752424026775533	4.7140786710691	2.42806846782853e-06	7.12624253200377e-06
IODOLM_00245	2045.69245381045	-0.635551823260111	0.134842294074585	-4.7132973198199	2.43740151908491e-06	7.14883984417933e-06
IODOLM_00873	55.9414436255481	1.51928860462389	0.322395745703721	4.71249582188998	2.44701099647477e-06	7.17221709348533e-06
IODOLM_01575	16.8049103078363	2.69497113769126	0.571987209084929	4.71159336238078	2.457874472625e-06	7.19448149157918e-06
IODOLM_02658	208.855751998419	-1.05934686018711	0.224838428718919	-4.71159163592735	2.45789529933978e-06	7.19448149157918e-06
IODOLM_01802	10.0519484368238	4.07076134982643	0.864235886713522	4.71024336342539	2.47421173807542e-06	7.23740011084095e-06
IODOLM_02251	197.50771994708	0.836363105065748	0.177758551921489	4.70505129584509	2.53802131453844e-06	7.41909236634618e-06
IODOLM_02927	688.876318841099	-0.736824747256384	0.156660166870777	-4.70333181672252	2.55949942113398e-06	7.47688215412704e-06
IODOLM_03699	382.831073047855	-0.765608908229045	0.162816086253487	-4.70229278842311	2.57256242793943e-06	7.51002880898129e-06
IODOLM_01855	36.4855956283521	1.83323686101573	0.39017369847957	4.69851470808896	2.6206032007998e-06	7.6451730711333e-06
IODOLM_01373	158.950399477012	0.930815332330721	0.19836713663273	4.69238679415984	2.70035965311029e-06	7.87260082745544e-06
IODOLM_00621	35.5253677805337	3.38323586476231	0.721047710762068	4.69211095779862	2.70400398127547e-06	7.877976978736e-06
IODOLM_00550	3132.77017304006	-0.683813368366487	0.14579050500163	-4.69038342626526	2.72693556677033e-06	7.93950102474182e-06
IODOLM_02009	124.49127971656	1.40617148090785	0.299956695052454	4.68791496939901	2.76002644423334e-06	8.03050247338104e-06
IODOLM_01022	91.8555899826595	1.3638851267329	0.290984111064482	4.68714639346978	2.77040801152467e-06	8.05535246407439e-06
IODOLM_04320	26.2153180362438	1.96219087690264	0.418975619748717	4.68330562546687	2.82285133588013e-06	8.20238874223867e-06
IODOLM_00651	249.760268329768	-0.899631380115774	0.192254583430517	-4.67937546176064	2.87750078332929e-06	8.35563598397409e-06
IODOLM_00861	402.863794490166	-0.872224298349381	0.186439680229924	-4.67831899987022	2.8923632639499e-06	8.39322390122333e-06
IODOLM_00320	420.860716509102	-0.734237337246701	0.157004576137639	-4.67653462917557	2.9176334927001e-06	8.46094378002362e-06
IODOLM_02698	159.046573179751	0.949272504386094	0.203099175451739	4.67393578666529	2.95481751302712e-06	8.56310028940841e-06
IODOLM_01010	163.475483315098	-1.121474021341	0.240599137727061	-4.6611722383362	3.1441346125253e-06	9.10571347743926e-06
IODOLM_03342	652.821506276385	0.613413021417731	0.131651757400397	4.65936067645597	3.17192998924365e-06	9.18013600061523e-06
IODOLM_04177	302.871841313745	-0.797902317734111	0.171286421783382	-4.65829287240983	3.18842389522452e-06	9.21593955089328e-06
IODOLM_04368	470.511409804738	-0.702048559237582	0.150709593572045	-4.65828712424983	3.18851290677615e-06	9.21593955089328e-06
IODOLM_00618	245.199701087597	-0.873268917842292	0.18751610134597	-4.65703431104883	3.20796997602726e-06	9.26605717168005e-06
IODOLM_03251	1452.85977559154	-0.71621623881048	0.153796864274887	-4.65689753940861	3.21010101747635e-06	9.26609634068372e-06
IODOLM_00566	78.9239308220905	-1.23646747249871	0.265802478579433	-4.65182822638429	3.29005087982502e-06	9.49061479902062e-06
IODOLM_04300	77.8828553803888	-1.13338019357748	0.244088443578485	-4.64331771288079	3.42858496533699e-06	9.88372055883707e-06
IODOLM_00303	132.395844046026	1.03783879756823	0.223579670045173	4.64191935411007	3.45187595785188e-06	9.94431151518093e-06
IODOLM_00082	929.303832412006	-0.630514383288232	0.135883216517286	-4.64011965162765	3.48207506405044e-06	1.00181199738887e-05
IODOLM_00328	280.30598360025	0.988732930739954	0.213078171242634	4.64023567019485	3.48012065120052e-06	1.00181199738887e-05
IODOLM_00992	3022.36422619564	0.589703330330475	0.12711103333707	4.63927729048283	3.49629681311926e-06	1.00524276308869e-05
IODOLM_00302	528.72878835275	0.86011660303315	0.185427874097056	4.63855074228458	3.50860799045051e-06	1.00812006344133e-05
IODOLM_04051	280.38976624129	-0.962345241047101	0.207659692598885	-4.63424186467407	3.58247949616712e-06	1.0286699655661e-05
IODOLM_02911	389.683361036121	-0.877569164300432	0.189408530155724	-4.63320824874639	3.60042033171008e-06	1.03314356534841e-05
IODOLM_00256	273.255606154127	-0.773260595239267	0.166919055258488	-4.63254835729695	3.61191931892551e-06	1.03576401963421e-05
IODOLM_02409	736.110669380231	-0.709555969584341	0.153208626173663	-4.6313056079496	3.63367060479576e-06	1.04131909407899e-05
IODOLM_01737	1377.84545239711	-0.725582126541672	0.156825222192894	-4.62669280104198	3.71550986186855e-06	1.06407533740424e-05
IODOLM_00789	11025.3026692005	-0.872091941881588	0.188521306075374	-4.62595958004296	3.72868016495015e-06	1.06714875093668e-05
IODOLM_02649	4721.77882925812	-0.549216525239115	0.119018695628989	-4.61453994548186	3.93967001495342e-06	1.12679712323112e-05
IODOLM_04023	418.48573997507	-0.71751016635696	0.155666976058998	-4.60926385622742	4.04097223187679e-06	1.1550159690851e-05
IODOLM_02298	34.4115697934736	2.04049994000344	0.44278953660861	4.60828400696169	4.06005841943863e-06	1.15971381484748e-05
IODOLM_02901	686.648990760417	-0.572927359144424	0.124368542596278	-4.60669030274196	4.09128636577147e-06	1.1678714374831e-05
IODOLM_00870	281.673866860493	-1.02065814584465	0.22175731063254	-4.60259074631329	4.17267657224615e-06	1.19032807562902e-05
IODOLM_03909	84.268838882262	1.13899015635698	0.247947630780467	4.59367227172841	4.35513168664897e-06	1.24156718311243e-05
IODOLM_03483	1915.38513394911	0.544815321017214	0.11880874565273	4.58564997066524	4.52576275019104e-06	1.28937095018464e-05
IODOLM_00788	1593.75273437546	0.565703068898162	0.123379113042363	4.58507971850895	4.53813254330151e-06	1.29205387179489e-05
IODOLM_03167	19.6281445077037	2.43713219254118	0.531693951089402	4.58371246757213	4.56792273208706e-06	1.29968984886951e-05
IODOLM_00820	1523.80385429186	-0.622775108632753	0.136008440975207	-4.5789445432014	4.67328069991002e-06	1.32880288127396e-05
IODOLM_00528	137.216005796711	-0.889533513358766	0.194271899482231	-4.57880689759832	4.67635659147473e-06	1.32881405482425e-05
IODOLM_04122	68.1769261424557	1.17366295750298	0.256337264036088	4.57858892235717	4.68123153331446e-06	1.32933609278287e-05
IODOLM_01084	392.086069637437	0.723197100127376	0.157980955080002	4.57774862647934	4.70007005718691e-06	1.33382014074254e-05
IODOLM_01083	44.7720444386826	1.64897629913349	0.360413169359034	4.57523875186377	4.75677208617271e-06	1.34903659423796e-05
IODOLM_02872	148.314561960978	-0.870786211011925	0.19042263390421	-4.5729133830276	4.80989011646705e-06	1.36321756150647e-05
IODOLM_03107	698.663830285002	-0.718029151272023	0.15708423981094	-4.57098148188649	4.85445183684951e-06	1.37495671443712e-05
IODOLM_03794	12659.5123438666	0.709002551329488	0.155130105146063	4.57037369156636	4.8685528603843e-06	1.37805868803633e-05
IODOLM_02096	450.661924324	-0.801635066939984	0.175668183963781	-4.56334806253398	5.03442473656112e-06	1.42408808320565e-05
IODOLM_04374	5543.73935760584	0.628968490992919	0.138234971589968	4.54999544441304	5.36470770364379e-06	1.51653494258044e-05
IODOLM_04321	367.224568653424	0.888900122661344	0.19553744201862	4.5459330626648	5.46924174299635e-06	1.54508727355404e-05
IODOLM_03458	1055.12931229764	0.700520720992821	0.154238618099052	4.54179847840019	5.57763456962424e-06	1.57469218559198e-05
IODOLM_03972	111.984274332748	-1.07785674210286	0.237499918844493	-4.53834572806151	5.66972515433551e-06	1.59965939879898e-05
IODOLM_00597	141.918760606021	1.37073055385823	0.302106638503915	4.53724075924424	5.69950266866039e-06	1.60702472152435e-05
IODOLM_03735	148.45169802482	-0.936385651887932	0.206438191561942	-4.53591287931317	5.73548541873048e-06	1.61612905295329e-05
IODOLM_01826	232.354011592823	0.908290350851475	0.20046737911756	4.53086359910372	5.87430584652493e-06	1.653116552051e-05
IODOLM_02410	652.573362111383	-0.69696365621325	0.153821288331837	-4.53099609144931	5.87062248356072e-06	1.653116552051e-05
IODOLM_00625	767.66448621322	-0.610575447136369	0.134766095406512	-4.53063098173627	5.88077809369304e-06	1.65387435334195e-05
IODOLM_02510	280.273967878614	-0.754952806314317	0.166845776574234	-4.5248541606231	6.04371669907617e-06	1.698606568732e-05
IODOLM_00768	2131.25753022364	0.99017825451107	0.218970301289823	4.52197512027213	6.12652621232409e-06	1.72077526990566e-05
IODOLM_00396	365.053450267448	0.735137285557745	0.162642227034152	4.51996568765244	6.18496548741782e-06	1.73607498222838e-05
IODOLM_01181	16.7611455199246	2.80034616357563	0.619581760602085	4.51973628283435	6.19167097150462e-06	1.73684308790412e-05
IODOLM_02289	97.8697772309436	1.14336659599883	0.253025211818967	4.51878525376704	6.2195437446509e-06	1.74354410163948e-05
IODOLM_02497	822.78770587349	-1.01114662940776	0.223787301164293	-4.51833783305437	6.23269824880399e-06	1.74611315856378e-05
IODOLM_00975	33.2115920708921	2.22471860645047	0.492500004935924	4.51719509472881	6.26641655068244e-06	1.75443626524545e-05
IODOLM_00456	214.062090794193	0.766125451699635	0.169618299187234	4.5167617843753	6.2792476414177e-06	1.75690458304628e-05
IODOLM_00803	382.94768127054	-0.686091687445523	0.151989738596055	-4.51406584275376	6.35964583131647e-06	1.77826262989399e-05
IODOLM_02642	133.986780082672	1.06271927909435	0.235573560032595	4.51119929990152	6.44621175054712e-06	1.80131689785403e-05
IODOLM_01156	1368.91725719246	-0.541181249835507	0.120004844813758	-4.50966167803803	6.49310935007556e-06	1.81326397676648e-05
IODOLM_01552	100.112290051976	1.02892853627118	0.228183521440281	4.50921490639046	6.5067970120331e-06	1.81592753346026e-05
IODOLM_02851	436.644088966994	-0.791970832478333	0.175713856209078	-4.50716209617518	6.57004418989697e-06	1.83241003027337e-05
IODOLM_02797	135.98941751016	-1.08162273765878	0.240003183645972	-4.50670162465128	6.5843118824059e-06	1.83497026716059e-05
IODOLM_03222	38462.2797478401	-0.930938312299289	0.206572423072038	-4.5065953066477	6.58761035125523e-06	1.83497026716059e-05
IODOLM_03229	2201.59945396159	0.517447064550528	0.11482883807986	4.50624662935857	6.59843900640617e-06	1.83681737226675e-05
IODOLM_03859	1506.19890777884	-0.987601220243824	0.219345785391629	-4.50248550926346	6.71633355185335e-06	1.86844727418374e-05
IODOLM_01327	1808.71297445357	-0.513286722174755	0.11401248492486	-4.50202205936515	6.73099934542829e-06	1.87133755626393e-05
IODOLM_01348	866.66328895215	-0.738503149368518	0.164293296983918	-4.49502909081437	6.95604366926797e-06	1.93267600614074e-05
IODOLM_02622	312.575209855339	-0.805948428431373	0.179423244852034	-4.49188414297166	7.05958265712942e-06	1.96019883931462e-05
IODOLM_03862	473.966251340018	-0.613387053132823	0.136776292469256	-4.48460067208431	7.30506108799537e-06	2.02707338751222e-05
IODOLM_03671	5191.43212618554	-1.02432267287842	0.228608583452198	-4.48068334710013	7.44044313233076e-06	2.06333201185548e-05
IODOLM_02381	654.706299578292	-0.566930103794522	0.126537731782969	-4.48032453092245	7.45296299594766e-06	2.06549500128353e-05
IODOLM_02645	684.178268210728	-0.609185401085297	0.136129612018045	-4.47503957481747	7.63971609251256e-06	2.115911241825e-05
IODOLM_03898	192.877990830882	1.13977648215562	0.254777914114165	4.47360787185379	7.69107298014827e-06	2.12878781537817e-05
IODOLM_02738	1437.6037881002	-0.788894181299954	0.176429514612366	-4.47144109098321	7.76942626558279e-06	2.1491156345253e-05
IODOLM_02452	54.8893869246836	1.70064897532233	0.38039446662451	4.47075108745221	7.7945373886618e-06	2.15469965968313e-05
IODOLM_04266	833.322671570096	0.631191645299747	0.141200919311621	4.47016668430289	7.81586609626705e-06	2.15923169427176e-05
IODOLM_00272	15.5115754794515	2.66580102176191	0.596436234973423	4.46954907406103	7.83846738842662e-06	2.16410935594668e-05
IODOLM_02579	542.34071170588	0.840730229430341	0.1882935627727	4.46499719401048	8.00698011730586e-06	2.20923991130709e-05
IODOLM_00134	2019.6206522434	-1.15769244511487	0.259317858269426	-4.4643760859387	8.03024060071e-06	2.21426168044782e-05
IODOLM_00113	22.0378551237083	2.36863123975604	0.53092417619052	4.46133618693239	8.1450195771614e-06	2.24449657869385e-05
IODOLM_00739	133.988751286915	1.20728004075519	0.27068695083561	4.46005999560864	8.19367128297245e-06	2.25648241247876e-05
IODOLM_02984	32.7016715577158	1.56926590731557	0.351982823001043	4.45835934246974	8.25893644722166e-06	2.27302552786428e-05
IODOLM_04170	129.813813573418	-1.20240995304546	0.269920289763192	-4.45468532247193	8.40163303224924e-06	2.31084513822267e-05
IODOLM_00533	384.75660239669	1.19879649157727	0.269459531289988	4.44889251398254	8.63141949694126e-06	2.37255601247581e-05
IODOLM_00515	54.9049750013143	2.25755484204385	0.507526965201792	4.4481475799936	8.6614014209063e-06	2.37930273809705e-05
IODOLM_01223	1905.92579606662	-0.75372107393456	0.169522899811911	-4.44613131777964	8.7430515299731e-06	2.4002254388433e-05
IODOLM_03539	330.496838821538	0.884504028249771	0.199309087551602	4.43785097365803	9.08614899986858e-06	2.49285191369435e-05
IODOLM_01692	111.063703511517	1.06056805829277	0.239055875227513	4.43648606119137	9.14392530406221e-06	2.50713139915891e-05
IODOLM_04261	163.065643060857	-0.957142548772759	0.215850951492996	-4.43427532819478	9.23825029667824e-06	2.53140784585247e-05
IODOLM_00146	34610.1995638284	0.729001113982361	0.164413244883554	4.43395612378235	9.25194630680375e-06	2.53357428276428e-05
IODOLM_01447	93.4675600460675	-1.03003798059382	0.232454873600238	-4.43113093152533	9.37401461148607e-06	2.56539636897205e-05
IODOLM_02413	515.197294523161	-0.624340513995586	0.141163898969616	-4.42280582041707	9.74272990848805e-06	2.66463662997148e-05
IODOLM_03678	1805.6847146645	-0.675416166489357	0.152745014677778	-4.42185408089539	9.78575377152691e-06	2.67473194904446e-05
IODOLM_01208	31.6797376853588	2.0712266150814	0.468568944565853	4.42032413607879	9.85529628211396e-06	2.69205846008306e-05
IODOLM_01160	2446.01331151748	0.599871912893681	0.135730735720973	4.41957313284489	9.88960506403784e-06	2.69974496320833e-05
IODOLM_01303	47.3759054226071	1.30528609291868	0.295383494206929	4.41895406655415	9.91797219744624e-06	2.70455949224154e-05
IODOLM_01920	591.667892358352	0.893282946151011	0.202149674748848	4.41891854271262	9.9196023424307e-06	2.70455949224154e-05
IODOLM_01158	10.1336813436451	3.49614702883993	0.791441935603691	4.41743970285472	9.98769200562756e-06	2.72142840701284e-05
IODOLM_03938	439.496430796126	-0.960026035241158	0.217350652268878	-4.41694572903117	1.0010535146615e-05	2.72595530812616e-05
IODOLM_02991	17235.6273991609	-0.881756926745344	0.199736207579486	-4.41460733349732	1.01193499361009e-05	2.75387284330705e-05
IODOLM_03522	302.258772234448	0.921981611540113	0.20886968845009	4.41414749254257	1.01408806570386e-05	2.75801701399633e-05
IODOLM_01031	367.755133661489	-0.706664949453481	0.160264421790992	-4.40936885152885	1.03672318825218e-05	2.81782650421834e-05
IODOLM_01900	1256.82698572528	0.803436902715374	0.182563339073978	4.40086660766983	1.07819394631692e-05	2.92872545566904e-05
IODOLM_02390	127.995030585001	0.910092260097275	0.206984661500369	4.39690677318933	1.09804478525705e-05	2.98048217256306e-05
IODOLM_02550	300.560412393041	0.690077492714963	0.156950117309001	4.39679501071255	1.09861008783003e-05	2.98048217256306e-05
IODOLM_00950	3297.33205470475	0.772983357464498	0.175898962671809	4.3944736553491	1.11041468273812e-05	3.01064104811772e-05
IODOLM_03376	18.7158028540068	2.17112813717659	0.494223890287253	4.3930052347625	1.11794434353339e-05	3.02917922433566e-05
IODOLM_01948	763.549786645905	0.686989034532653	0.156472425777124	4.39047986327755	1.13100789260285e-05	3.06267978838496e-05
IODOLM_00853	19068.7857775245	0.711624164675804	0.162090988622834	4.3902759229365	1.13206919554938e-05	3.06365788480154e-05
IODOLM_00998	1504.38925726257	-0.872536545237314	0.19883345456832	-4.38827835653534	1.14251489005774e-05	3.09001554937742e-05
IODOLM_00573	34.9973141661921	1.50421807137544	0.342871016147034	4.38712518858806	1.14858686912684e-05	3.10373066417044e-05
IODOLM_02786	82.5056421135737	1.38145899358932	0.314895026346425	4.38704608839879	1.14900449633366e-05	3.10373066417044e-05
IODOLM_03520	478.408029367655	0.689284101781861	0.157202970281091	4.38467606909314	1.1615849936171e-05	3.13577787296018e-05
IODOLM_01672	438.645800201684	-0.631802769606057	0.144111341721901	-4.38412939645845	1.16450543729105e-05	3.14172367052135e-05
IODOLM_01610	604.57526427762	-0.930024142269855	0.21221923773694	-4.38237434168284	1.17392876271375e-05	3.16519548098297e-05
IODOLM_01791	472.351770923806	0.766515999537633	0.174987237947139	4.38041087184418	1.18455737547837e-05	3.19188612998359e-05
IODOLM_01653	38.092051666984	1.73093251372111	0.395238993711789	4.37945785021233	1.18974930092549e-05	3.20390334821534e-05
IODOLM_04308	8791.26480425986	-0.61091325347594	0.139524710535544	-4.37853087908976	1.194820138849e-05	3.21557990627505e-05
IODOLM_01433	16.6020724884712	2.30948917488771	0.528248508900867	4.37197481104697	1.23127733684221e-05	3.31165926614722e-05
IODOLM_00306	447.299269957677	-0.800580873708843	0.18318456549803	-4.37035113483648	1.24046899248746e-05	3.33433188644049e-05
IODOLM_00682	2340.75943953247	1.36546349824129	0.312517309661205	4.36924117810167	1.24679011530623e-05	3.34721076354604e-05
IODOLM_04323	745.561680601562	-0.63629378443487	0.145626365052769	-4.36935842080727	1.24612097755377e-05	3.34721076354604e-05
IODOLM_03013	50.4263694499605	-1.80638185118695	0.41346338758879	-4.36890400797345	1.24871635333317e-05	3.35032664756955e-05
IODOLM_04299	163.270439734114	1.21073824341444	0.277383322623047	4.36485594002271	1.27206562553204e-05	3.41088184885306e-05
IODOLM_01345	479.578787264982	-1.23958669463069	0.284120477763614	-4.36289106785895	1.28354863174948e-05	3.43956449022396e-05
IODOLM_02591	3676.03081674609	-0.466757256132165	0.107010374083494	-4.36179445338617	1.29000034371719e-05	3.45473776261104e-05
IODOLM_02857	62.3116327748873	-1.10749457553918	0.254150993475999	-4.35762442000358	1.31481756985251e-05	3.51904690255325e-05
IODOLM_01398	54.0629889378036	1.57255474065768	0.361675148814323	4.34797565111393	1.37399853675704e-05	3.67519413010318e-05
IODOLM_00965	3915.19948439739	-0.616011812716804	0.141850268152385	-4.34269050556214	1.40748346059986e-05	3.7624603687141e-05
IODOLM_03451	784.671244158591	-0.790612525719426	0.182194789775781	-4.33938054261814	1.42884911165711e-05	3.81724280379212e-05
IODOLM_01261	54947.5457050131	0.632513695842291	0.145808282364286	4.33798194167068	1.43796966538763e-05	3.83926495163896e-05
IODOLM_01363	328.81013464362	0.89706283165922	0.206813589624269	4.33754296943915	1.44084371937762e-05	3.84459275365637e-05
IODOLM_03565	352.608558041145	-1.21506317603232	0.280219987899507	-4.33610459104035	1.45029955204089e-05	3.86746547210905e-05
IODOLM_02742	376.884000052419	-0.762084514936608	0.175888734359306	-4.33276478856128	1.47248401121057e-05	3.92423266325058e-05
IODOLM_03979	245.439505904051	-1.05013044432905	0.243128604944213	-4.31923855512602	1.56568468335115e-05	4.17007679509717e-05
IODOLM_01465	85.4780040103801	-0.978494261802365	0.226561543984633	-4.31888944872627	1.56816304754356e-05	4.17413716304783e-05
IODOLM_00955	272.386371674224	-0.961906501614259	0.222883187445163	-4.31574275583671	1.5906713502701e-05	4.23147588375803e-05
IODOLM_03226	1613.42543534883	0.574297237811958	0.133135715216469	4.31362265848943	1.60600969655511e-05	4.26968313008818e-05
IODOLM_03509	135.661911896017	1.02097914604432	0.237171860596073	4.30480725444552	1.67131184133108e-05	4.44059539627493e-05
IODOLM_01854	89.6199460608971	1.09796261107322	0.255097391454891	4.30409187961992	1.67672072543689e-05	4.45226328550474e-05
IODOLM_01350	860.331611714083	-0.529137602349657	0.122965074446673	-4.30315359650461	1.68384029217681e-05	4.46845671228969e-05
IODOLM_03362	22679.0088021194	0.471895914926192	0.109739687788345	4.30013903298447	1.70690988175948e-05	4.52693190459364e-05
IODOLM_00986	1867.74746935676	-0.498193997116158	0.115939473677445	-4.29701792939118	1.73111198117063e-05	4.5883379949138e-05
IODOLM_01265	12926.5401070048	-0.53334747277148	0.124150361129579	-4.29598003516728	1.73923236172541e-05	4.60707071120483e-05
IODOLM_02165	71.8072678063947	1.22034857790754	0.284165488336013	4.29449960673806	1.75087791799438e-05	4.63511298798755e-05
IODOLM_02506	106.349812512904	-1.03307885547857	0.24065553494128	-4.29276997817915	1.76457788055139e-05	4.66855671420368e-05
IODOLM_00243	171.160102969653	0.839068451442411	0.195928819108351	4.28251675920322	1.84791208916503e-05	4.88608054512759e-05
IODOLM_00518	798.415163034141	-0.563946675315706	0.131703896414091	-4.28192855845813	1.85280472863237e-05	4.89605887227974e-05
IODOLM_03318	37.9194569248188	1.67571055904727	0.391603434408082	4.27910077341418	1.87649893868082e-05	4.95567854898446e-05
IODOLM_01976	97.8875529285919	1.52566129271539	0.356883309592829	4.27495837352558	1.91173009427872e-05	5.04567605100343e-05
IODOLM_03882	561.989972259521	0.694603619344544	0.162577183747953	4.27245449411526	1.9333301646861e-05	5.09960988587484e-05
IODOLM_02423	250.998107881685	0.774422345151054	0.181375929462571	4.26970848582677	1.95728617651954e-05	5.15968934243946e-05
IODOLM_00422	441.75915274681	-0.828285163037005	0.194117874106355	-4.26691857640681	1.98191453655631e-05	5.2214677976944e-05
IODOLM_02257	250.488582227784	-0.705243412799132	0.165303408771519	-4.26635734883067	1.98690438627058e-05	5.23146425651025e-05
IODOLM_03962	235.154766236256	-0.850646315938882	0.199486572375778	-4.26417831440051	2.00639171669808e-05	5.27959720521394e-05
IODOLM_00599	1305.15196095387	0.539710129985905	0.126683560004537	4.26030125745263	2.04151545528572e-05	5.36879304827544e-05
IODOLM_04070	26.4792647175919	-2.31705947083869	0.544006345634523	-4.25925081468692	2.05113215094205e-05	5.39084341893239e-05
IODOLM_02246	17951.3970974067	-0.761078480148762	0.178708401420844	-4.25877280585418	2.05552253807049e-05	5.3991396318106e-05
IODOLM_00694	901.961895861411	0.716479521401715	0.168333673867133	4.25630537813389	2.07832788667123e-05	5.45576654593478e-05
IODOLM_04193	421.559362626959	-0.714079052490764	0.167779314960066	-4.256061318767	2.08059666619146e-05	5.45844784847352e-05
IODOLM_02813	325.45583658571	0.719538189444277	0.169073216141754	4.2557786849042	2.0832269812898e-05	5.46207385867235e-05
IODOLM_02878	1170.71001337007	-0.508970273862861	0.119670718890452	-4.25308946567603	2.10841291156904e-05	5.52479934193181e-05
IODOLM_03272	8.43634482400423	3.85417154571415	0.90654752446517	4.25148317291801	2.12359468158797e-05	5.5612509435242e-05
IODOLM_03980	1869.24049887085	-0.499710328457025	0.117669543419801	-4.24672616153736	2.16916809769064e-05	5.67720071500851e-05
IODOLM_04104	1496.56743790017	-0.845036367729408	0.199191579184657	-4.24232977713396	2.21211315026169e-05	5.78613696685306e-05
IODOLM_03914	733.258529973831	-0.622187254849647	0.146954808970585	-4.23386794354029	2.29705862926644e-05	6.00473629729386e-05
IODOLM_00352	5379.21492683458	-0.617986331863701	0.146016293096672	-4.23231078366408	2.31302487115517e-05	6.04286378279106e-05
IODOLM_01763	903.361622422045	-0.587399266128021	0.138821160698455	-4.2313380984039	2.32305176639107e-05	6.06543826356046e-05
IODOLM_01421	386.676964620876	0.630777419576383	0.149443432726241	4.22084402150931	2.43389308788354e-05	6.35105316194298e-05
IODOLM_03391	57.4237243965535	1.17652041304637	0.278761599978761	4.22052539925157	2.43733592353247e-05	6.3562467231097e-05
IODOLM_01846	1441.39844919687	-0.488578542372595	0.115797668642611	-4.21924334142258	2.45123593520364e-05	6.38868877453908e-05
IODOLM_01786	272.639824676597	0.759572791565262	0.180102094661579	4.21745673193051	2.47073209504965e-05	6.4356688380579e-05
IODOLM_00457	116.935786367242	0.905452575313046	0.214748734578951	4.21633485798334	2.48304971032295e-05	6.4639057301447e-05
IODOLM_01370	392.430652236355	-0.784515787545081	0.186089902950063	-4.21578911648744	2.4890627784041e-05	6.47570672907035e-05
IODOLM_03153	113.5263073223	0.917551360718637	0.217699043994356	4.2147698211409	2.50033065490702e-05	6.50115683058415e-05
IODOLM_01417	30.9977885498747	-1.53763846691653	0.365242107590836	-4.20991565583419	2.55466040932714e-05	6.6384762180615e-05
IODOLM_03815	446.627543420778	-0.630797323503601	0.149849765545027	-4.20953160126271	2.55900650144418e-05	6.64582341265265e-05
IODOLM_01066	738.558107568879	-0.825131999357034	0.196060167144543	-4.20856521431361	2.56997359787656e-05	6.67034665735933e-05
IODOLM_01482	399.104176990563	-0.60376564021155	0.143532773437721	-4.20646536502358	2.59395815812145e-05	6.72860752812062e-05
IODOLM_02422	2214.47559368	0.565440655160764	0.134483401555864	4.20453861680381	2.61615271154088e-05	6.78215892517944e-05
IODOLM_04355	209.508069242135	1.31421261126978	0.312604397769991	4.20407588839091	2.62150979419398e-05	6.79202300733739e-05
IODOLM_03642	141.736342502087	0.804133091813637	0.191387864967131	4.20158870548946	2.65048352121295e-05	6.86302715315258e-05
IODOLM_02940	119.769157951894	-0.842413004312807	0.200641591349467	-4.19859610685371	2.68574863969976e-05	6.95022829528455e-05
IODOLM_00353	3747.70582452794	-0.511102410499706	0.12174384817593	-4.19817853762203	2.69070465105668e-05	6.95893827010877e-05
IODOLM_04073	158.403246276893	0.894935555940232	0.213307540558746	4.19551767178976	2.72249057591073e-05	7.03618152812728e-05
IODOLM_04304	141.650776564078	0.860125859750813	0.205015935179365	4.19540978118752	2.72378690782624e-05	7.03618152812728e-05
IODOLM_01371	456.140240311843	-0.802408461535357	0.191348175403624	-4.19344715382199	2.74747105098458e-05	7.08899370230456e-05
IODOLM_03840	206.105330038022	0.749979328994504	0.178844046639709	4.19348221585132	2.74704622491319e-05	7.08899370230456e-05
IODOLM_03428	182.424668745716	0.787088252871604	0.187799024500123	4.19112002826772	2.77580755411852e-05	7.15788677479236e-05
IODOLM_00607	29.6239802587031	1.82192062412867	0.434724580904749	4.19097677968172	2.77756088435169e-05	7.1581898880583e-05
IODOLM_03765	1472.35292805353	1.20560283291393	0.287684224557446	4.19071582659268	2.78075759758638e-05	7.16221026900411e-05
IODOLM_01864	991.379368950145	-0.562319691386874	0.134207392646161	-4.18993082496904	2.79039508330774e-05	7.18280522620862e-05
IODOLM_03141	12.4087855396908	2.65322696556635	0.633290526829637	4.18958890613581	2.79460275068787e-05	7.18940719400947e-05
IODOLM_01796	9911.56394119731	0.45456814968691	0.108556814622864	4.18737553479363	2.82198685419384e-05	7.2555901727099e-05
IODOLM_04112	867.427273689967	2.74147223735257	0.655473412331738	4.18243087480884	2.88408721019272e-05	7.41090172155216e-05
IODOLM_03009	493.087658789095	-0.59238490741531	0.141748185076732	-4.17913574762622	2.92618990657699e-05	7.51467548778223e-05
IODOLM_01123	449.458053053949	-0.614553161349597	0.147066535213492	-4.17874236621859	2.93125510221722e-05	7.52252362650342e-05
IODOLM_03280	148.428975688683	1.18307387837063	0.283124720675205	4.17863150751793	2.93268402806555e-05	7.52252362650342e-05
IODOLM_02741	359.627796594975	-0.612891946438763	0.146883892694568	-4.1726287014548	3.0110541252704e-05	7.7190233463288e-05
IODOLM_01241	404.343539852356	-1.12172648035707	0.268860731417489	-4.17214694925174	3.01742921897544e-05	7.73083739006823e-05
IODOLM_03798	6718.14859597849	0.484334672946862	0.116108379606716	4.17140153525016	3.02731867181819e-05	7.75163634164797e-05
IODOLM_04375	509.947441447648	-1.49819592709154	0.359324205809186	-4.1694823306369	3.0529228233205e-05	7.81262589172545e-05
IODOLM_02263	3162.58732087343	1.28159890999851	0.307397948932288	4.16918497488354	3.05690821893979e-05	7.81825269788459e-05
IODOLM_00445	238.253502844797	-0.837701976250651	0.201062872568825	-4.1663682884263	3.09490569268494e-05	7.91081034532085e-05
IODOLM_00554	422.404369991585	0.786182170767032	0.188915833284852	4.16154727265029	3.16098544517703e-05	8.07028722759315e-05
IODOLM_02576	159.648715241172	0.836124670730573	0.200910752351591	4.16167209043827	3.15925783984081e-05	8.07028722759315e-05
IODOLM_02663	185.267466557522	-0.728926854896236	0.17532254927082	-4.15763321904627	3.21561759729471e-05	8.20498111123128e-05
IODOLM_02226	14.5720187773742	2.33192585708506	0.561004454415237	4.15669757830309	3.22880944357487e-05	8.2338403992329e-05
IODOLM_02730	683.50739444102	0.606483153200261	0.145952572941747	4.15534403386174	3.24798444742698e-05	8.27791493415287e-05
IODOLM_03683	166.139668002139	1.06739954233593	0.257007007415716	4.15319237039084	3.2786888592328e-05	8.35130526659064e-05
IODOLM_01203	848.596267687062	-0.492987654467485	0.118805211120227	-4.14954571284416	3.33135757522545e-05	8.4805239960364e-05
IODOLM_02556	4805.53313985803	-0.476172651002646	0.114785141156739	-4.14838232722502	3.34832878215835e-05	8.51877136670054e-05
IODOLM_03177	57.0074495883628	1.46376387796885	0.353867502544863	4.13647443588939	3.52682625707001e-05	8.96768837939475e-05
IODOLM_04294	131.087545875334	1.41743763727979	0.343191857744144	4.13016103178215	3.62509225730046e-05	9.21219728103763e-05
IODOLM_02453	21.0160825710353	1.89271950402006	0.458525512730148	4.12783902197819	3.66188314553581e-05	9.30029056579495e-05
IODOLM_01738	113.872303518487	0.860474211340076	0.208733670934936	4.12235461334982	3.75019298905192e-05	9.51905134576057e-05
IODOLM_04093	274.419074109235	-0.868555315864808	0.210803361433764	-4.12021568326706	3.78517896399704e-05	9.60228588200061e-05
IODOLM_04178	53.326817652004	1.29447827511633	0.314197127060689	4.11995579726065	3.78945090684261e-05	9.60755339996712e-05
IODOLM_04092	3604.51102686863	-0.740047991737731	0.179737388984033	-4.11738479078203	3.83195980666975e-05	9.70970244006185e-05
IODOLM_00298	40.0007979979451	1.60377814512732	0.389616975166848	4.11629432839913	3.85012582517189e-05	9.75008715911586e-05
IODOLM_02684	18903.0325747925	0.742518613037907	0.180502824487227	4.11361215619345	3.89515658400128e-05	9.85841828316344e-05
IODOLM_01393	62.7357983220676	-1.12845938742056	0.274443405837242	-4.11181089951127	3.92567782252066e-05	9.92992263083837e-05
IODOLM_00411	485.088209546983	-0.65174237446379	0.158510323181618	-4.11167147591414	3.92804971418933e-05	9.93018229306327e-05
IODOLM_00283	94.9327962072387	1.03542172209779	0.251863429443617	4.11104432423996	3.93873572642642e-05	9.951447770694e-05
IODOLM_00944	243.085176396787	0.879705035858971	0.213994775556548	4.11087155549042	3.94168436998481e-05	9.95315106927497e-05
IODOLM_02879	574.653290161716	-0.654868644280988	0.159407020654442	-4.10815434346892	3.98833549399918e-05	0.0001006514193872
IODOLM_00305	8.75755418045864	3.26901028363996	0.796048531583383	4.10654646537406	4.01618701296223e-05	0.00010129587532405
IODOLM_00706	1268.6817628933	0.607277821748002	0.147911071365865	4.10569551109444	4.03100175736861e-05	0.000101610965957633
IODOLM_04332	126.222252848942	0.97693975085386	0.237970043449545	4.1053055951599	4.03780733626227e-05	0.000101723919997027
IODOLM_03312	4467.59160351563	-0.502188215955668	0.122335527150078	-4.10500716884636	4.04302342312887e-05	0.000101796723242877
IODOLM_01054	1104.79193315294	-0.505188645670456	0.12309522739319	-4.10404738159981	4.05984258807459e-05	0.000102161421307731
IODOLM_00095	9312.23828605852	0.8284551449542	0.202145099624511	4.09831920978086	4.16161101963193e-05	0.000104662125413272
IODOLM_02269	977.369167603678	-0.799075436525318	0.195234584721123	-4.09289899976857	4.26013313201413e-05	0.000107078360630062
IODOLM_01169	983.024978205807	1.14799629233397	0.280498410151461	4.09270160110386	4.26376263990518e-05	0.000107108067234357
IODOLM_01743	250.099737521544	-0.679984432232978	0.166340092746814	-4.08791663515532	4.35264499894903e-05	0.000109278109669541
IODOLM_04009	616.802025912589	0.53825921364774	0.131677005592146	4.08772367830824	4.35626584825949e-05	0.000109306303623759
IODOLM_01876	872.906624987735	-0.613004015528185	0.150048717547219	-4.08536657659388	4.40072829701006e-05	0.000110358664915278
IODOLM_04394	816.366696194977	-0.605550109079015	0.148269448204442	-4.08411925998436	4.42443048362903e-05	0.000110889506279271
IODOLM_03038	100.483946611969	1.1286280419068	0.27650915014965	4.08170232810006	4.47070338794219e-05	0.000111985106042559
IODOLM_03666	1937.19318805562	-0.45391985008336	0.111231307192762	-4.08086411586194	4.48685814011463e-05	0.00011232546465184
IODOLM_04369	366.823602166528	-0.603794765600085	0.147969432529491	-4.08053714391142	4.49317482468149e-05	0.00011241928549346
IODOLM_00922	2157.91979141665	1.26896055727532	0.311065141743054	4.07940455868728	4.51512020609694e-05	0.000112903805839316
IODOLM_01857	23.2732607513496	1.80626096259676	0.442941215994132	4.07787963137007	4.54482836461502e-05	0.00011358177569135
IODOLM_00116	38.1026727054246	1.46644493705446	0.360005053194377	4.07340098157646	4.6331554515621e-05	0.000115723106484222
IODOLM_03861	87.3083419441161	-1.02877904183127	0.252644539456317	-4.07204146998456	4.66028793695264e-05	0.00011633439824361
IODOLM_02844	24652.3732238632	-0.57031055323171	0.140083314647125	-4.0712240045743	4.67667498523128e-05	0.000116676908411471
IODOLM_03492	103.493721834333	1.11012406545204	0.27281557642113	4.06913740049214	4.71875148413663e-05	0.000117659581165709
IODOLM_01886	88.1794520585318	-0.94513767629963	0.232343965530029	-4.06783827651198	4.74512944210331e-05	0.000118249922771322
IODOLM_03296	204.728156356827	1.17912256685753	0.290152253098527	4.06380634396498	4.82788861875537e-05	0.000120243828091483
IODOLM_00958	175.969581730441	-0.718879595999639	0.176924910880724	-4.06319038071626	4.84065170233769e-05	0.00012049312769869
IODOLM_01608	131.520854040514	0.930136433843475	0.229004161140724	4.0616573481034	4.87255596660541e-05	0.000121218333768421
IODOLM_00577	2346.53844884144	-0.561434997119806	0.138765377730716	-4.04592994521524	5.21158179614541e-05	0.000129578874658706
IODOLM_01384	270.106169769522	-0.748554209195313	0.185128240180459	-4.04343609848849	5.26735168555683e-05	0.00013089114693922
IODOLM_02782	220.655298814712	-0.940783878326356	0.232811892130603	-4.04096143765111	5.3232512136039e-05	0.000132205149323102
IODOLM_03697	547.751613295156	0.634450158388031	0.157058160164858	4.03958735873433	5.35453219655501e-05	0.000132906596098269
IODOLM_00086	796.645731616793	-0.952127469809585	0.235882486972062	-4.03644832658711	5.42664710997447e-05	0.00013462022535855
IODOLM_02695	554.041611574373	0.701889108747489	0.173928842473963	4.03549577381085	5.44871204570523e-05	0.000135091013665757
IODOLM_00896	156.326622711655	0.770931294751825	0.191265138012117	4.03069426433052	5.56123434340972e-05	0.0001378027264256
IODOLM_01412	3769.66412336996	-0.479351390758438	0.118931861493635	-4.03047076484289	5.56652525356562e-05	0.000137855769720448
IODOLM_03734	77.0151089309509	-1.02045088305919	0.253344625653289	-4.02791604687804	5.62734292140652e-05	0.000139283103077347
IODOLM_01765	981.052731676291	-0.501343660103976	0.124713299147253	-4.01996951032484	5.82056738208632e-05	0.000143984188038495
IODOLM_00073	2148.56822254587	-0.752914228088665	0.187436053342592	-4.01691251315725	5.8965602159534e-05	0.000145781624322102
IODOLM_00308	38.6971930126412	1.90233102133499	0.473630211978605	4.01649002370002	5.9071363388058e-05	0.000145960635904089
IODOLM_00596	274.005456398933	0.692733813893572	0.172568501985995	4.01425408415374	5.96340807655345e-05	0.000147267910513532
IODOLM_03484	3655.42984854013	0.451947762581321	0.11263874326624	4.01236510170456	6.01134316211152e-05	0.000148367950803159
IODOLM_03176	22.4914683730836	1.71685614975492	0.428126686442849	4.01015915176804	6.06778346387805e-05	0.000149676552637713
IODOLM_03718	223.118179839962	-0.803163943193878	0.200418934482996	-4.00742547237731	6.1384222497183e-05	0.000151333722618407
IODOLM_03582	800.95557490979	-0.470971936771979	0.11755043993465	-4.00655188558891	6.16115957039323e-05	0.000151808751576806
IODOLM_01956	755.666387028633	-0.50720744626868	0.126701388110825	-4.00317197649823	6.24988358037784e-05	0.00015390821917689
IODOLM_01254	70.7585136526699	1.18829783319447	0.296965358884563	4.00146952377831	6.29503041729596e-05	0.00015493280712085
IODOLM_02816	134.58460413941	0.997203340510732	0.249354590603031	3.99913768621275	6.35736894499098e-05	0.000156379125931875
IODOLM_04197	24.3353935613712	1.79846482178163	0.450037313302941	3.99625712939717	6.43518366558234e-05	0.000158204290565103
IODOLM_01494	259.996973333514	-0.888369112860833	0.222650091141408	-3.98997866251318	6.60792394945364e-05	0.000162359770930989
IODOLM_00034	31.0043960472058	1.69562205521672	0.425482118529869	3.98517818110771	6.74295081876012e-05	0.000165491602820495
IODOLM_02841	79.2130834019519	-1.17033326096763	0.293665360316747	-3.98526152252109	6.74058449927282e-05	0.000165491602820495
IODOLM_02224	32.7118230230421	1.40145626081	0.351883006170204	3.98273356836143	6.81271162479935e-05	0.000167110011603823
IODOLM_01884	36.244263619057	1.29280054744894	0.324784295617012	3.98048971238875	6.87734412628595e-05	0.000168541593596639
IODOLM_02858	487.218821953152	-0.597255716390714	0.150047655008956	-3.98044018985212	6.87877710611513e-05	0.000168541593596639
IODOLM_02507	1290.52732196431	-0.581680340822303	0.146140055288373	-3.98029369617038	6.8830176886307e-05	0.000168551121463055
IODOLM_04174	41.9373672160422	1.59113236861813	0.400107737644591	3.97675980470917	6.98606661998487e-05	0.000170978901169205
IODOLM_02213	439.017237393563	0.591235379542158	0.148719974246465	3.97549409578526	7.02332864522642e-05	0.000171794780053163
IODOLM_01140	817.25297562975	0.481424193570323	0.121102075536935	3.97535873300118	7.02732478852302e-05	0.000171796498740652
IODOLM_03753	63.4621614873136	-1.15420943583748	0.290593206255971	-3.97190784570781	7.12993034379354e-05	0.000174207566635626
IODOLM_00800	415.239934870414	-0.872764569393078	0.219847226131764	-3.96986846161067	7.19123207942146e-05	0.000175607319082301
IODOLM_02065	251.730930489437	-1.2234327649244	0.308286069970651	-3.96849836595237	7.23269532313806e-05	0.000176521331478261
IODOLM_01998	227.510775559813	0.846715669649106	0.213859244491363	3.95921939995118	7.51951347201077e-05	0.000183419124601556
IODOLM_00587	896.00205766194	0.721614593128292	0.182323372562831	3.95788308972628	7.56169504544809e-05	0.000184345278656718
IODOLM_01313	23.147945427486	1.81598897628065	0.459231117216833	3.95441185973294	7.6723148395469e-05	0.000186937916135063
IODOLM_00703	270.71304426135	0.675333857904275	0.170834649013601	3.95314335706281	7.7131193901685e-05	0.000187827548421688
IODOLM_01386	281.888022862625	-0.579904724150191	0.146728015767763	-3.95224266555918	7.74221685678383e-05	0.000188431262320834
IODOLM_01041	1040.27683818105	-0.627217744907289	0.15871713583357	-3.95179601505024	7.75668467792135e-05	0.000188678444416808
IODOLM_00127	4098.31928935203	-0.43559735514872	0.110343862447703	-3.94763555929692	7.89268290738366e-05	0.000191879891126172
IODOLM_03221	1795.71335016459	-1.05107324981554	0.266381584871162	-3.94574290983327	7.95529359616552e-05	0.000193294640626432
IODOLM_01474	60.2717863568742	-1.12316857837104	0.285072855349296	-3.93993520356345	8.15036201140036e-05	0.000197924440410033
IODOLM_03233	2539.39941999363	-0.627778269076826	0.159529183176389	-3.93519390356748	8.31295527226215e-05	0.000201760911100495
IODOLM_00562	6.60879694923482	4.39051139564638	1.11959097549338	3.92153160551475	8.79879046632358e-05	0.000213434074726341
IODOLM_00547	13.6271174258098	2.19073319795683	0.559042953014187	3.9187207103588	8.90201920487777e-05	0.000215818482219087
IODOLM_01659	436.049401820316	-0.743100748098028	0.189706705282487	-3.91710323043931	8.96193786066543e-05	0.000217150830998183
IODOLM_04052	553.752774248715	0.930441815048142	0.237587338629677	3.91620959439427	8.99520530156329e-05	0.000217836294408638
IODOLM_02542	450.944981804318	-1.01398959476029	0.258951832433581	-3.91574597187053	9.01251052965118e-05	0.000218134657509699
IODOLM_03812	240.058209281889	0.685115870181939	0.175223536485721	3.9099534453111	9.23139110442295e-05	0.000223308830696268
IODOLM_04275	113.063038953675	0.813458279449881	0.208159897493441	3.90785299784033	9.31199322369223e-05	0.000225134156612581
IODOLM_04026	4191.94460054474	-0.572781262137463	0.146827926066374	-3.9010376124126	9.57812663523293e-05	0.000231440541997677
IODOLM_00159	3642.89318642128	-0.55155314059075	0.141658105017635	-3.89355159397401	9.87871798606724e-05	0.000238572129729747
IODOLM_01824	278.556051887663	-0.709374280089943	0.182288148137536	-3.8914997345561	9.96264982150609e-05	0.000240466385101548
IODOLM_01600	128.919385860253	-1.15785356434185	0.297879401005795	-3.88698768841462	0.000101495899714869	0.000244843471418007
IODOLM_02746	151.377387750444	1.10936484123093	0.285606781285712	3.8842384492305	0.0001026511281676	0.000247493849510422
IODOLM_03377	84.3815820046521	0.953325176702971	0.245666256952765	3.8805702847757	0.000104211823378833	0.000251118358538422
IODOLM_04046	1935.84116256258	0.541306952699748	0.139673217047048	3.87552434277655	0.000106395342153345	0.000256238864756763
IODOLM_04359	36.6348566520504	1.50882819536959	0.389784686091833	3.8709273329792	0.00010842211157542	0.000260976435783299
IODOLM_00568	264.228503986484	-0.588835821781135	0.152148184278447	-3.8701468872182	0.00010876979792037	0.000261669398405464
IODOLM_00137	1255.48794260561	-0.673989671257861	0.17421129090987	-3.86880590653883	0.000109369658736878	0.000262967926721197
IODOLM_00500	25.1582490492248	1.80494354655948	0.466635087535786	3.86799791693989	0.000109732602106909	0.00026369569841836
IODOLM_03710	520.026926169388	-0.636562369469583	0.164601036282029	-3.86730475000711	0.000110044873182171	0.000264300968740493
IODOLM_01838	225.288033343074	-0.839822533660651	0.217195884915049	-3.86665950871551	0.000110336307051397	0.000264855556586349
IODOLM_01730	654.941934574325	-0.554387101445337	0.14339215470931	-3.86623035666916	0.000110530543670341	0.000265176348191564
IODOLM_01539	19.9458082515152	1.99453490236952	0.516173999207649	3.86407472176287	0.000111511085325914	0.000267382196923945
IODOLM_03263	176.79526536463	0.800924817067741	0.207376319400138	3.86218069345871	0.00011237939583726	0.000269316668227738
IODOLM_03995	235.980201291162	-0.681131935750983	0.176481254481176	-3.85951435892379	0.000113612581673074	0.000272122965189586
IODOLM_00211	6656.86716299625	-0.880353579427738	0.228270617448861	-3.85662241275955	0.000114964537924343	0.000275210513105539
IODOLM_01952	282.001274021105	0.863965553680602	0.224357052382327	3.85085088481336	0.000117708154384321	0.000281624321260683
IODOLM_03763	38.1308616486666	1.39643365507048	0.362734432353814	3.84974110676206	0.000118242739161812	0.000282748757689667
IODOLM_03802	1357.29652637139	-0.530729858753657	0.137950240845139	-3.84725576049879	0.000119448257192158	0.000285475463393165
IODOLM_00719	678.014069156695	0.694390530815133	0.180720265812186	3.84235009667803	0.000121861842655355	0.000291084838133097
IODOLM_02061	113.765901761376	0.855618302725698	0.222716746869939	3.84173311953662	0.00012216862982867	0.000291658441969592
IODOLM_00560	10.4976387569867	2.98867083623	0.778284711627554	3.84007393641342	0.00012299726188313	0.000293476563795298
IODOLM_03769	13.0224101611382	2.25757620313301	0.588251441340952	3.83777419735128	0.000124154566416655	0.000296076502800699
IODOLM_02827	127.592250491303	0.917439097261566	0.239066514693852	3.83758929365928	0.000124248060528724	0.000296138078907242
IODOLM_01457	552.760779384489	-0.553251097334342	0.144178431119585	-3.83726673288228	0.000124411318024265	0.00029636577445519
IODOLM_01236	565.665655746189	-0.831428552079335	0.216727193247333	-3.83629086697253	0.000124906464624303	0.000297383399997797
IODOLM_00661	423.10413990674	0.848834015423546	0.221323239058859	3.83526835696548	0.000125427270609248	0.000298298769666343
IODOLM_04325	161.978475132001	0.746801796011545	0.194714212249727	3.83537384037355	0.000125373449075702	0.000298298769666343
IODOLM_01510	831.279438251978	-0.508193944483012	0.132519286039182	-3.83486781186516	0.000125631841952644	0.000298622998579452
IODOLM_00046	279.91633838334	0.620797299390969	0.161923864161383	3.83388392196623	0.00012613568224323	0.00029965784228902
IODOLM_01346	618.287869003469	-0.943643138206335	0.246427297940669	-3.82929629181557	0.000128510208944016	0.000305133301323394
IODOLM_02271	57.2358670412329	-1.08409434633273	0.283120481372871	-3.82909191548377	0.000128616966802641	0.000305221175015379
IODOLM_01833	13.6829993757389	2.40425549487299	0.62832126724541	3.82647479913159	0.000129991450530382	0.000308315765594011
IODOLM_01133	557.888016367608	-0.537653971984216	0.140600720409101	-3.82397736241908	0.000131315977081286	0.000311288578389874
IODOLM_02095	1016.61526072065	-0.845038148590836	0.221017939833605	-3.82339166326058	0.00013162844092754	0.000311860345153716
IODOLM_00233	387.939250011543	0.590326042980449	0.154738338698152	3.81499535245754	0.00013618549659657	0.000322482539559843
IODOLM_01681	67.1092587059573	0.987301977972223	0.258938260388939	3.81288565270055	0.000137353669610708	0.000325072827591378
IODOLM_03629	1411.37842377589	-0.551659894817522	0.144720798833666	-3.81189089103611	0.000137907753163049	0.00032620774477919
IODOLM_01065	388.736933936854	-0.646390727982309	0.169584265669339	-3.81161970086696	0.00013805917128893	0.000326389483284904
IODOLM_02644	1285.41547693084	-0.794520903560112	0.208557371614442	-3.80960355133807	0.000139189801574851	0.000328884757932801
IODOLM_01851	510.58641887338	-0.653098250678033	0.171463951752879	-3.80895368385832	0.000139556093577088	0.000329572296542546
IODOLM_02356	67.6465594912163	0.937164539125607	0.246128753749311	3.80761908086584	0.000140311179453308	0.000331176764448586
IODOLM_01590	36.2926914292948	1.620793902595	0.426597370600433	3.79935277217893	0.000145074465281563	0.000342234964998448
IODOLM_04123	88.911305400116	1.02364874192622	0.269773157144706	3.79447960190173	0.000147953444065642	0.000348838508206492
IODOLM_01868	20.0774063380841	1.70463677096914	0.449337261771692	3.79366884519643	0.000148437612427813	0.000349791595037216
IODOLM_00514	34.116078155906	4.76724955617763	1.25693331858097	3.79276250036849	0.000148980629984894	0.000350882258780353
IODOLM_01490	198.875801531362	-0.682670209507551	0.180007367679219	-3.79245704389223	0.000149164058831936	0.000351125293947581
IODOLM_03239	481.486286030513	-0.526928120747497	0.138964953719366	-3.7918058232985	0.00014955583167757	0.000351858236247874
IODOLM_03076	297.963152338499	0.802204113895329	0.211676302110928	3.78976817856038	0.00015078794124637	0.000354566378771691
IODOLM_03106	425.04029227677	-0.576708554230781	0.152186344259681	-3.78948950404331	0.000150957189245119	0.000354773716507326
IODOLM_02605	2320.13912788771	-0.431729185900663	0.114014910953809	-3.78660284246129	0.000152720904154181	0.0003587260743847
IODOLM_00318	198.444622761797	0.701723240040092	0.185344565595059	3.78604701889787	0.000153062725004242	0.000359336096898371
IODOLM_02543	488.280941161041	-0.55935989079131	0.147770470898403	-3.78532928392635	0.000153505183738013	0.000360181600020132
IODOLM_01431	10.1494051572272	-2.44403565832894	0.645719415405174	-3.78498090659914	0.00015372038003312	0.00036049323849139
IODOLM_04047	225.649009797109	0.896737407214082	0.236990764694759	3.78384958742618	0.000154421167668835	0.000361942704723524
IODOLM_02127	30.5199876017281	1.59521610000443	0.421781390790495	3.78209218053624	0.000155515747582694	0.000364313121746183
IODOLM_00700	146.362059095784	-0.833033743240674	0.220520477123231	-3.77757999668739	0.000158359646673146	0.000370776786432149
IODOLM_01676	120.86503954611	0.764409870246541	0.202544510320417	3.77403400880763	0.000160628849064724	0.000375687783809316
IODOLM_03987	840.375316462246	0.595576511784844	0.157808763821024	3.7740395233075	0.000160625296505918	0.000375687783809316
IODOLM_00715	863.796210253231	-0.918860142390082	0.24363110817877	-3.77152223810371	0.000162254694559453	0.000379287683435987
IODOLM_03487	172.848673166162	0.692017432796668	0.183497791303915	3.77125756053666	0.000162426916747755	0.000379487553490751
IODOLM_01042	1774.80194266246	0.61422716767765	0.163104544998725	3.76584949047527	0.00016598376372248	0.000387590688393581
IODOLM_02037	143.943794238198	-0.833043664733497	0.221243173151969	-3.76528528706869	0.000166359027827414	0.000388259789745474
IODOLM_03084	582.711526418889	0.631894012026611	0.167962543353049	3.76211266757494	0.000168484113328339	0.000393009850706189
IODOLM_04318	22.2026800556619	1.63908268741092	0.436613610398881	3.75408060667987	0.000173978874807099	0.000405610845048409
IODOLM_01820	190.716186123817	0.826302606307777	0.220176645304827	3.75290760363702	0.000174795294147663	0.000407297234925544
IODOLM_01055	102.4343752267	0.888105124416165	0.23673519846332	3.75147054675847	0.000175800407990442	0.000409421280131014
IODOLM_04322	471.584277135968	-0.64561142779543	0.172270995188185	-3.747650189692	0.000178498957153794	0.000415263921586924
IODOLM_04361	33.2210351204078	1.69135112720616	0.451298821485234	3.74774106796887	0.000178434314552131	0.000415263921586924
IODOLM_02182	278.045889595223	0.776250171765657	0.207617252519831	3.73885196121412	0.000184862542670694	0.000429731804817628
IODOLM_04268	113.768058927024	0.747589869301346	0.19995548141821	3.73878157277294	0.000184914302667183	0.000429731804817628
IODOLM_04315	115.91632493987	0.778239407002905	0.20818314635648	3.7382440443584	0.000185310022590043	0.000430422855018062
IODOLM_00244	173.861928362255	0.829148507656569	0.221963948844691	3.73550980676022	0.000187335278414874	0.00043489611583209
IODOLM_00511	246.162367736373	-0.787990765495865	0.211048502695416	-3.73369512425819	0.000188690884212524	0.000437810874503713
IODOLM_00124	101.485789603872	-0.775298205110274	0.207720174590962	-3.73241649077647	0.000189651581316329	0.00043980674077385
IODOLM_01121	247.079518714068	-0.803772836895218	0.215397871202269	-3.73157279785944	0.000190288002691259	0.000441048887593723
IODOLM_03181	9.67493444096518	2.65599735894124	0.712227640289131	3.72914109014785	0.000192133556530246	0.000445090758801671
IODOLM_03008	56.5158702845428	1.12958464047762	0.302942628476525	3.7287081258858	0.000192463915499848	0.000445620155675837
IODOLM_02376	983.997468428261	-0.52391711785952	0.140519739713787	-3.72842362878443	0.000192681282090068	0.00044588751476792
IODOLM_00773	357.612540354442	-0.654505224204517	0.175961512770202	-3.71959307407907	0.000199544006234988	0.000461524614843715
IODOLM_01476	209.075854157345	0.623470713141733	0.167667034527248	3.71850504125432	0.000200405293602871	0.000463271825042875
IODOLM_03988	3977.45412139155	0.875307053742884	0.23548786517262	3.71699430499851	0.000201606986065003	0.000465803680581022
IODOLM_01816	322.548746287696	-0.540383941108914	0.145395350852131	-3.71665213462356	0.000201880098988969	0.000466188555765556
IODOLM_01733	435.005877630273	0.536182196574604	0.144288493687395	3.71604265088704	0.000202367436740696	0.000467067459481691
IODOLM_01815	3246.5852262008	0.891872870424035	0.240198567989496	3.71306489413807	0.000204764355442998	0.000472350458312367
IODOLM_04181	7.85378436721928	3.15409426141843	0.849518493084655	3.71280235462057	0.000204976958645029	0.000472591765558824
IODOLM_02317	132.750468849716	-0.978944898010626	0.26386036115942	-3.71008700855663	0.000207188028393808	0.000477438026461982
IODOLM_02824	86.0428735041224	1.03957035729122	0.280561800764287	3.70531681240746	0.000211126673210348	0.000486258064193939
IODOLM_02513	118.98627959909	-0.769038429901397	0.207579509537377	-3.70478970499216	0.000211566182388747	0.000487014000070046
IODOLM_00462	42.9237208139618	-1.10605628652543	0.298645597678019	-3.70357472243041	0.000212582526004857	0.0004890962848566
IODOLM_02761	6699.95843358216	0.538663909221603	0.145498721637109	3.70218997913325	0.000213746466081587	0.000491515783275367
IODOLM_02393	198.971604926094	-0.636807932168049	0.17202902651917	-3.70174699615061	0.000214120075174194	0.000492116307228084
IODOLM_03839	18841.5724883992	0.735101469883329	0.198593510712785	3.70153821867053	0.00021429636933165	0.000492262946034279
IODOLM_04317	13.0845235061245	2.1498334908261	0.580957324455634	3.70050156926849	0.000215173748661019	0.000494019057786263
IODOLM_03726	138.293314676096	0.824968695659152	0.22332227924062	3.69407252363875	0.000220690814107677	0.000506420032792446
IODOLM_00192	7.88841300697384	2.99306426798117	0.810676165058256	3.69205904526141	0.000222445802739927	0.000510179681755723
IODOLM_01114	56.3136069116484	-0.957887993582914	0.259473967962817	-3.69165354468307	0.000222800826551226	0.000510726253005847
IODOLM_01880	24.0681721393098	1.50589116857728	0.408520327448924	3.68620865938563	0.000227619746633715	0.000521499482339862
IODOLM_00155	13393.5328572688	-0.433756748271444	0.117712316513205	-3.68488838823238	0.000228802882011231	0.000523935851219857
IODOLM_03867	405.153319059355	-0.738846182093938	0.200581727094503	-3.68351690254335	0.000230038022775089	0.000526488696476877
IODOLM_02144	172.016208970053	-0.631776628990453	0.171524318307351	-3.68330645604657	0.000230228100791147	0.000526648284925279
IODOLM_02167	12.0449280024214	2.26086640903817	0.613912611878471	3.68271699472061	0.0002307612948984	0.000527592176841901
IODOLM_03448	100.594619071442	-0.784525828727743	0.213037642238093	-3.68256905439719	0.00023089529533886	0.000527622878539349
IODOLM_01643	962.785128812908	0.662349953386432	0.179931752316999	3.68111767299149	0.000232213796420935	0.00053035885863153
IODOLM_01836	132.104832413303	-0.781054303734866	0.212265379041855	-3.67961231954297	0.000233588790710568	0.000533220943218281
IODOLM_03408	131.348736843988	-0.932022703855497	0.253483218563917	-3.67686156557336	0.000236121094351928	0.000538720494725775
IODOLM_02928	457.997280220187	-0.699294235818499	0.190375005351807	-3.67324604680233	0.000239488679280924	0.000545852789833731
IODOLM_04102	4.95177342368577	4.79941093106446	1.30658877246953	3.6732375420564	0.000239496653674763	0.000545852789833731
IODOLM_00160	1830.85874963449	-0.408020082330299	0.111117808094151	-3.67195942152297	0.000240697907226196	0.000548305071328388
IODOLM_00930	1165.64383611239	-0.441434035525837	0.120233841383655	-3.67146246386042	0.000241166501950641	0.000549086687063478
IODOLM_01127	3840.10092783899	-0.445085285672107	0.121254580252243	-3.67066781927912	0.000241917572482733	0.000550510294947707
IODOLM_01179	46.7036660289455	1.38665307774568	0.378037308336782	3.66803235333152	0.000244424260839275	0.000555925449809079
IODOLM_01016	278.279411141654	0.611301745341378	0.166859875715726	3.6635634703626	0.000248730545881795	0.000565425905859083
IODOLM_01131	11646.8808351795	0.495434392676338	0.135269346097445	3.66257697674859	0.00024969068630755	0.000567019430867586
IODOLM_03838	4618.29495462536	-0.550763827385707	0.150373432197011	-3.66264052990508	0.000249628726298954	0.000567019430867586
IODOLM_02611	7966.92669003833	-0.714697100902582	0.195625465012234	-3.65339502634734	0.000258795618520317	0.000587390885189268
IODOLM_04357	133.334498894329	0.815241969234405	0.223174782561001	3.65293049635468	0.000259264425479496	0.000588149883824921
IODOLM_03647	10.2321962774574	2.43094144010597	0.665518014111105	3.65270569475545	0.00025949158265131	0.000588360189472607
IODOLM_01013	70.5646842477855	-1.12773839024726	0.308856408519793	-3.65133556934109	0.000260880104581594	0.000591202142749382
IODOLM_02478	122.723044840675	-0.736522078996533	0.201824723954895	-3.64931542857522	0.000262940082148616	0.000595562008013635
IODOLM_03061	85.7982535516075	0.895944867751377	0.245910198501108	3.6433823127809	0.000269078711115034	0.000609150770739467
IODOLM_03171	286.036198583866	0.853201449907759	0.234195300539804	3.64311943041208	0.000269353782919371	0.000609458197546623
IODOLM_00622	52.7006493282543	2.09773042725621	0.576455720167584	3.63901398471051	0.000273683938456767	0.000618935873223158
IODOLM_01867	1429.91160141197	0.58130115586829	0.159756570716398	3.63866821415579	0.000274051597917866	0.000619447206863936
IODOLM_01365	3674.17221348386	-0.555485089120753	0.152809301324266	-3.63515233894039	0.000277816419730671	0.000627632758255765
IODOLM_03218	221.953863998493	0.920088044721322	0.253141656896739	3.63467655225407	0.000278329602544496	0.000628467668077768
IODOLM_03329	73.4886643517178	-0.942843465888078	0.259558737921503	-3.6324859391681	0.000280703876016811	0.000633501888318496
IODOLM_01405	26.8288346279124	1.53046797012631	0.421504387853031	3.63096568916371	0.000282362724544114	0.00063691715598198
IODOLM_03097	591.274121940222	-0.739241161939264	0.203675665159826	-3.62950164595842	0.000283968920624332	0.000640210199202513
IODOLM_02143	631.64743241327	0.669511306903577	0.184548465251442	3.6278345961392	0.000285808256662629	0.000644025196269651
IODOLM_03752	106.894602426178	-0.763897427901984	0.210590477353757	-3.62740726694286	0.000286281543617849	0.000644759667973087
IODOLM_02926	14.950169220655	2.21549500545254	0.610858445627549	3.62685499613009	0.000286894296966262	0.000645807326915824
IODOLM_03780	18.6709547280836	1.84327788641857	0.508366260999317	3.62588556289152	0.00028797287121798	0.000647901945732585
IODOLM_03469	870.246523545813	0.430341959698702	0.118697543525194	3.62553383092853	0.00028836514028609	0.000648451106830384
IODOLM_04365	124.984779913482	0.890480778811834	0.245897214548571	3.62135366375181	0.00029306555951549	0.000658682531299323
IODOLM_03274	35.9375328372032	1.21540509425246	0.335791869045152	3.61951913162324	0.000295150989887771	0.000663029123074376
IODOLM_04003	35.7060518632255	-1.13976844528367	0.315054219044149	-3.61768983364719	0.000297244304367737	0.000667388956343364
IODOLM_01509	255.19034257509	1.10518733802405	0.305520026376771	3.61739736386746	0.000297580271881187	0.000667800651154909
IODOLM_03609	2462.58663867079	0.519356386651908	0.143669316895174	3.6149429667773	0.000300413749426738	0.000673813719882831
IODOLM_01563	80.0943963407355	-0.820000458877475	0.22688188701096	-3.61421737839241	0.000301256231319776	0.000675357207098022
IODOLM_02189	4340.07151787651	-0.812180515292744	0.22524309528177	-3.60579539309181	0.000311198269199223	0.000697288082957398
IODOLM_02929	83.1379444301035	0.846913762556651	0.234889582550352	3.60558247565152	0.000311453552034792	0.000697502939459698
IODOLM_03279	114.029543622002	0.994773437407269	0.276614122220337	3.59624963983177	0.000322837998094452	0.000722628685248758
IODOLM_03423	27.2616670504426	1.39194061991683	0.387240218596575	3.59451460119887	0.000324996919625925	0.000727089223048592
IODOLM_04097	277.366552762126	-0.697546339190682	0.1941518539176	-3.59278742445967	0.00032715947321164	0.00073155332384984
IODOLM_00056	41.9631686137321	1.14012179040115	0.317458431383669	3.59140497680857	0.000328900095881073	0.000735069877209181
IODOLM_02397	1135.49158219108	-0.890830630216794	0.248137917156797	-3.59006249598639	0.000330598687925504	0.00073848895271159
IODOLM_04034	56.1721205972594	0.989187655953339	0.275616688367879	3.58899768301774	0.000331951790993317	0.000741133182340181
IODOLM_04025	21428.0305706616	0.771247301835453	0.214972095536344	3.58766238897766	0.00033365593017993	0.000744558057352053
IODOLM_03210	195.935115093116	-0.680394028147141	0.189692236504346	-3.58683117815184	0.000334720874706364	0.000746553795981168
IODOLM_01741	331.728499778578	0.809773302433266	0.226100045886322	3.58148225604696	0.000341650345369568	0.000761620943116266
IODOLM_00595	170.543146214632	-0.952390574379917	0.265965168135277	-3.58088459875132	0.000342432884742077	0.000762976733009842
IODOLM_01541	54.0977826085459	1.1130655967689	0.311029568951322	3.57864880989209	0.000345375196784787	0.000769140896249479
IODOLM_01134	607.531918331174	-0.522203698956641	0.146043817737984	-3.57566453030913	0.000349339387607993	0.000777573326639154
IODOLM_00635	149.184169425545	-0.763874282976715	0.214151665859589	-3.56697801023672	0.000361121770972555	0.000803390376093492
IODOLM_03005	1541.78898111254	-0.622871533635945	0.17477367374376	-3.56387504075215	0.000365419965348761	0.000812539516446229
IODOLM_00209	8.78030168187106	2.85532409958274	0.801276306555144	3.56347002428961	0.000365984505078395	0.00081338151052466
IODOLM_03715	193.599310004109	-0.667278929672248	0.187301641965173	-3.56258985597319	0.000367214156836208	0.000815700076302156
IODOLM_00698	7.15547267395515	3.11135997418491	0.873406180167196	3.56232878222742	0.000367579635783459	0.000816097659151911
IODOLM_02636	748.074778794576	-0.515168467902364	0.144992107210997	-3.55307939040209	0.000380749538085948	0.000844908711290116
IODOLM_00166	784.090877954238	-0.979310562036739	0.275955870145696	-3.54879409348928	0.000386999571295988	0.000858342688287502
IODOLM_03550	320.839481022727	0.710237774087498	0.200204451388932	3.54756235018839	0.000388813709970816	0.000861929480664787
IODOLM_02301	83.4868121014001	-0.785620354380889	0.221633148985925	-3.5446879583468	0.000393078134421447	0.000870941729735823
IODOLM_02675	2432.69512449369	0.616183865338112	0.174179364791936	3.5376398695343	0.000403720293331879	0.000894068827743069
IODOLM_03401	202.827769894707	0.612083295491084	0.173174735005229	3.53448380026453	0.000408572479705096	0.000904356687501012
IODOLM_01576	21.922897655162	1.72253935326246	0.487378261918743	3.53429663949528	0.000408861927457676	0.000904539835467538
IODOLM_01228	3849.86659409244	-0.504090032554499	0.142711994309304	-3.53221910319584	0.000412087766611502	0.000911215799237965
IODOLM_00193	618.956787952217	-0.549456260892939	0.155570834394616	-3.5318719156523	0.000412629165513383	0.000911952135498264
IODOLM_04341	498.90811935425	-0.514385525597215	0.145857407537087	-3.52663285521801	0.000420879947675257	0.000929717643123132
IODOLM_00311	153.759648178748	1.02889962064582	0.292036958492147	3.52318290793832	0.000426396983650692	0.000941095869332057
IODOLM_03779	34.1332692991215	1.66955465772257	0.473882151426125	3.52314315425918	0.00042646094809997	0.000941095869332057
IODOLM_03393	82853.4885401898	0.597128477604876	0.169705531050573	3.51861529738197	0.000433805267415862	0.000956820489018051
IODOLM_02489	335.362156543521	-0.974888040766406	0.277081558684756	-3.51841546364176	0.000434132108615757	0.000957058996122194
IODOLM_03619	35.4714222760448	1.40497998838046	0.399944593481035	3.51293656991786	0.000443183263968013	0.000976520625943618
IODOLM_02350	19.5440060668717	1.93570534721718	0.55112025209879	3.51231031675133	0.00044422897996359	0.000978332167247442
IODOLM_04225	7681.82847564659	-0.618477845936532	0.17620606096273	-3.5099691949152	0.000448158611058371	0.000986489980881002
IODOLM_03731	249.617730593879	-0.578486989488048	0.165082051033176	-3.50423916996156	0.000457913898086239	0.00100745662042503
IODOLM_01693	295.883460621184	0.612917996928355	0.175030463466298	3.50177897487184	0.000462162844882728	0.00101629377347076
IODOLM_00296	135.105432036446	0.705131138919463	0.201455984158573	3.50017470001998	0.000464953335905341	0.00102144939538812
IODOLM_03314	368.588805860007	-0.608023906419784	0.17371303963839	-3.50016272633003	0.000464974222032253	0.00102144939538812
IODOLM_00053	7490.5555504061	-0.516020334586176	0.14753325394595	-3.49765439848039	0.000469368936868297	0.00103058628586837
IODOLM_00680	30.7319583112494	1.28243038143188	0.366695261801051	3.49726466366958	0.000470055239680287	0.00103157559119405
IODOLM_03397	228.776744486722	-0.644384343620142	0.184263681932645	-3.49707732343962	0.000470385469170937	0.00103178286370527
IODOLM_00593	128.025612620985	-0.692440010873684	0.198168959172248	-3.49419007783059	0.000475502341146099	0.00104248409060888
IODOLM_02703	451.47679981175	0.499083337335941	0.142850937040976	3.49373513169733	0.000476313331130827	0.00104373917728017
IODOLM_02966	172.458548566645	-0.747797901502881	0.214426014022927	-3.48744020127579	0.000487667964399109	0.00106808559169695
IODOLM_01389	8.54256603908168	2.55424235412068	0.732572426143881	3.48667553263739	0.000489064319333552	0.00107060803471917
IODOLM_02975	1699.02386805849	-0.640163914587321	0.183677585787219	-3.48525875840354	0.0004916613377144	0.00107575500691911
IODOLM_01222	782.928046711022	0.476825880930112	0.136982069855001	3.48093645712058	0.00049966401450041	0.00109271850447466
IODOLM_01126	6278.68711063584	0.710473093988879	0.204123472648777	3.48060458098979	0.000500283471987063	0.0010935267099977
IODOLM_00591	8.13130620908444	2.67696766015423	0.769598621736614	3.47839456119815	0.000504426840158465	0.00110203287695129
IODOLM_02734	181.73156299001	0.871099945537665	0.25057529991952	3.47639989183869	0.000508193913250287	0.0011097088644627
IODOLM_01397	20.2799064359514	2.58537507361985	0.744568177887999	3.4723147596146	0.00051599096987892	0.0011261728100699
IODOLM_03301	592.85519615475	-0.76240942638058	0.219670779249141	-3.4706911360108	0.000519120738959608	0.00113243886026283
IODOLM_02007	1450.6049598913	0.596378696952934	0.17185957848669	3.4701510512498	0.000520165745966012	0.0011341531162667
IODOLM_00669	6.29073904109567	3.66734264597511	1.05695421086619	3.46972707830897	0.00052098746217161	0.00113537905102737
IODOLM_00103	1988.65240029377	-0.546214575364355	0.15746698884689	-3.46875608255554	0.000522873942068514	0.00113835640322976
IODOLM_00312	106.0240904836	1.32734146044983	0.382653966265155	3.46877747905027	0.000522832303804694	0.00113835640322976
IODOLM_01242	185.843744891466	-0.616784820138385	0.177927211125342	-3.46650080242019	0.000527280161054585	0.00114737841112624
IODOLM_01011	88.8872444913908	-0.877014752024319	0.253356946109997	-3.46157768906623	0.000537019100374946	0.00116798985250535
IODOLM_03866	556.995051427197	-0.641507017752522	0.185378059676074	-3.4605336730435	0.000539105804918322	0.00117194585311603
IODOLM_01032	192.664327794195	-0.600781642010801	0.173865725629826	-3.45543458801024	0.00054940648368038	0.00119374517010196
IODOLM_00994	352.725983505602	-0.494745980218757	0.143410319190553	-3.44986318286745	0.000560870730033853	0.00121804978393456
IODOLM_02683	22039.0555030367	0.709920714447392	0.205831183289847	3.44904354675792	0.000562575968847047	0.00122114704348942
IODOLM_03028	148.308928011379	0.622640585931482	0.180728718714642	3.44516682439711	0.000570707048432554	0.00123818247096721
IODOLM_02377	1508.21538176951	-0.843308912917691	0.244819508882508	-3.44461483795561	0.00057187365113219	0.00124009866073066
IODOLM_00723	64.0411009970737	-0.860585586309234	0.24990961532448	-3.44358733533266	0.0005740511555896	0.0012442039905201
IODOLM_02355	21.4029064807079	1.5930686706551	0.462815340304265	3.44212590189378	0.000577161557052245	0.00125032622458447
IODOLM_03501	321.600261772984	0.694525236867784	0.201804126340086	3.44158095012067	0.000578325401354658	0.0012522275884849
IODOLM_01268	418.72270931944	0.519305836897206	0.151029919723365	3.43843019878708	0.000585097358759531	0.00126626411569323
IODOLM_03101	259.109908635217	-0.547893610397074	0.159387155351878	-3.43750165555996	0.000587107130419091	0.00126998556733265
IODOLM_00781	3039.68077792415	-0.599939520326995	0.174609406257714	-3.4358946243796	0.000590600638899272	0.00127691126275851
IODOLM_00026	1771.17128472395	-0.463556000899331	0.13496676364574	-3.43459373535895	0.000593442790277838	0.00128242254333621
IODOLM_01302	1279.73930719629	0.723059345077562	0.210615260487924	3.43308145574295	0.000596762783794839	0.00128832458899172
IODOLM_03586	85.3029176236707	0.901907645445559	0.26270295270216	3.4331842720782	0.0005965365186443	0.00128832458899172
IODOLM_01450	19.2621044066011	1.68182564872429	0.49049915449282	3.42880437880328	0.000606246320377825	0.00130815280965156
IODOLM_00683	1515.24922636736	0.53106441877939	0.154935005498643	3.42765934057452	0.00060880890327965	0.00131303487469283
IODOLM_00935	498.682181538314	0.779178540274807	0.227408237583352	3.42634263628737	0.000611768132031243	0.00131876716540331
IODOLM_00133	7.7604030480113	2.8540607268435	0.833523016692902	3.4240934799465	0.000616853981156827	0.00132907583532362
IODOLM_00450	17.0071069806604	1.71517724909392	0.501234987559756	3.4219024841905	0.000621846120784182	0.00133912672665447
IODOLM_01588	250.716086886842	0.663336152083471	0.193857155593188	3.42177800996674	0.000622130858155517	0.00133912672665447
IODOLM_00239	98.0980318278419	0.952582313901807	0.278722424929873	3.41767374527356	0.000631587671737625	0.00135881398796649
IODOLM_01237	552.640682912617	0.784428968704719	0.229625352383817	3.41612526910161	0.000635190197514886	0.0013658930242384
IODOLM_00266	113.035062239263	0.914063757188649	0.268303150219764	3.40683199746238	0.000657215670219624	0.00141256177449955
IODOLM_03119	279.191318051828	0.661526694982882	0.194198875153502	3.40643937540825	0.000658161656531265	0.00141390054441866
IODOLM_03685	364.847014655832	0.620777735082885	0.182335824469556	3.40458457293747	0.000662647774567842	0.00142283938248718
IODOLM_02299	17.7265941407952	1.64906257503502	0.484628524988465	3.40273527043064	0.000667148882385025	0.00143180162300974
IODOLM_02041	138.817709598459	0.870212545250725	0.25575970575776	3.40246147325074	0.000667817701560145	0.00143253444217019
IODOLM_02558	851.379897892701	-0.646871285064856	0.19016269089631	-3.40167296758319	0.000669747311404519	0.00143596973772963
IODOLM_01959	1733.23184215375	0.40818701909602	0.12016706964822	3.39682926687782	0.000681714865978699	0.00146019787250259
IODOLM_02796	289.82365959504	0.521331585500627	0.153472312398753	3.39690969238867	0.000681514542345778	0.00146019787250259
IODOLM_02069	412.426304830004	-0.601581292709376	0.177128028871995	-3.39630772464655	0.00068301525081048	0.00146226748412263
IODOLM_04278	201.765248902012	0.647222624212343	0.190744163184567	3.39314510812098	0.00069095025824338	0.00147853219074476
IODOLM_00974	36.9321549487193	1.66153018441421	0.489950434029923	3.39122096647176	0.000695819764950038	0.00148822448261064
IODOLM_00100	662.217428722332	-0.48278397460461	0.142387012566749	-3.39064614041458	0.000697280677238554	0.00149062053912844
IODOLM_03290	898.059168682175	-0.418240152619051	0.123362806675074	-3.39032617603016	0.00069809509663917	0.00149163288227198
IODOLM_03485	6531.92818784034	-0.818158592444809	0.241383300547004	-3.38945813811793	0.000700309006122838	0.00149563309457957
IODOLM_01764	403.236413878869	-0.529855298759949	0.156396208401291	-3.38790373613416	0.000704289781545776	0.00150340101660698
IODOLM_02049	124.412165243407	0.679086281601196	0.200742692581833	3.38286924852503	0.000717327751653565	0.00153048573439103
IODOLM_00927	4505.26423379183	-0.387219065274572	0.114483244658982	-3.38232084902907	0.000718761422491696	0.00153279726355929
IODOLM_02744	625.382757540344	-0.794210693727938	0.234982755331646	-3.37986799332155	0.000725206519833203	0.00154578847091578
IODOLM_03232	1374.55811491333	0.528180112812319	0.156466902625769	3.37566669978506	0.000736370671723058	0.0015688208663389
IODOLM_00654	12.1223872310627	1.97907541571594	0.586334602137859	3.37533450780485	0.000737260185385294	0.00156995161617813
IODOLM_01196	80.0892278458792	-1.02457471711535	0.303597811005095	-3.37477636522932	0.000738756976596	0.00157237379843584
IODOLM_00702	165.398092670307	-0.896950844085734	0.265795898272605	-3.37458497258602	0.000739270890719004	0.00157270268244354
IODOLM_00626	599.635054176334	0.634814691259674	0.188368498354434	3.37006822693467	0.000751495745318679	0.00159793264407898
IODOLM_02250	116.992081208932	0.815987099808193	0.242164838604053	3.36955234505517	0.000752903894076437	0.00160014931543394
IODOLM_01125	11706.5195037282	0.389464913167666	0.115634560112126	3.36806671630019	0.000756972759267412	0.0016080159196865
IODOLM_01414	164.788783831899	-0.641707002487892	0.190657645372916	-3.36575541585415	0.000763343600314444	0.00162076254001747
IODOLM_03538	100.599939273714	0.820508515315681	0.243885786527094	3.36431461217822	0.000767340166595368	0.00162845808390947
IODOLM_00619	276.980672252479	-0.627231042828382	0.186552245975245	-3.36222723853786	0.000773164687710321	0.00164002359351448
IODOLM_00731	6.72627742275081	3.21531348301748	0.956683949376754	3.36089414389375	0.000776905948215725	0.00164716106075195
IODOLM_00355	505.239730394372	0.805178043801376	0.239703542021675	3.3590577636461	0.000782087178550805	0.00165734309604761
IODOLM_01183	93.9260700151812	1.10822326278197	0.330023548352869	3.35801268822499	0.0007850500948465	0.00166281665781621
IODOLM_01325	146.274701824066	0.972538290985226	0.289653128714782	3.35759636120786	0.000786233332149062	0.00166451720439492
IODOLM_03887	1160.45059459533	-0.495783972954202	0.147684000296238	-3.35705947807287	0.000787761644114605	0.00166694630302007
IODOLM_02629	130.23442819391	-1.04149794311021	0.310326988525708	-3.3561307318391	0.000790411960988499	0.00167174612918592
IODOLM_02496	107.248107571301	-0.674808929374797	0.201178244135827	-3.354283820666	0.000795707009064006	0.00168213230515173
IODOLM_00981	43.7360641109485	-1.01125705944634	0.301712549629432	-3.35172355504729	0.000803101689405037	0.00169694495066946
IODOLM_04141	314.859989328884	-0.635895628669476	0.189770011457078	-3.35087521883457	0.000805565926336199	0.00170133035407684
IODOLM_01102	1075.91159086583	0.677543969844469	0.202241571535612	3.35017160270218	0.000807615103309726	0.00170483535556361
IODOLM_01355	540.643690020515	-0.934218571820119	0.278893058746564	-3.34973762351348	0.000808881413555152	0.0017066851811559
IODOLM_01129	5546.21519590554	-0.589487466318048	0.176058681587465	-3.3482442388119	0.000813253060890445	0.0017150821178104
IODOLM_00108	1913.70106085872	-1.01094621813048	0.302168843538031	-3.34563354147808	0.00082094816440797	0.00173047647757672
IODOLM_00794	397.635699855447	-0.614289291933165	0.183628461093531	-3.34528366831043	0.00082198454326745	0.00173182684705747
IODOLM_00871	141.096958744252	-0.673154047253248	0.20135113721577	-3.3431847297286	0.00082822745305951	0.00174237097635238
IODOLM_01782	54.3253255861287	-0.864121519838315	0.258453773871289	-3.3434277507151	0.000827502386506952	0.00174237097635238
IODOLM_02180	254.718459578901	-0.755038885379365	0.22585222017387	-3.34306603139923	0.000828581810280919	0.00174237097635238
IODOLM_03540	785.127501122912	0.784796377194514	0.234746372479911	3.34316721874659	0.000828279720799609	0.00174237097635238
IODOLM_02331	6.52739036799718	2.76095204867429	0.826232861152691	3.34161491086477	0.000832925312330738	0.00175066338461062
IODOLM_01446	65.9423166290994	1.2423438911496	0.371838771166086	3.34108217723937	0.000834525186937897	0.00175234271499052
IODOLM_01671	435.825613525786	-0.549704136899568	0.164526807786847	-3.34112199886438	0.000834405498447727	0.00175234271499052
IODOLM_00451	14.8076457176377	2.00691721347322	0.601664693018785	3.33560741848377	0.000851132643959649	0.0017863580095767
IODOLM_01727	100.752615302716	0.718684005257268	0.215718744178301	3.33157884816557	0.000863548330651045	0.00181154721712798
IODOLM_03339	3049.02203451706	-0.407713391102818	0.122454784675452	-3.32950151505637	0.000870015908696635	0.00182424035287804
IODOLM_01618	1000.05447355682	-0.413936282028736	0.124355098547602	-3.32866353582025	0.000872637566937846	0.00182886110772031
IODOLM_00079	172.800970909164	-0.857839997493428	0.257784270253904	-3.32774376283123	0.000875523551541209	0.00183403114482735
IODOLM_02001	26.8894406730869	1.53483321322227	0.461532326132862	3.32551616932772	0.000882549810415872	0.00184786505759802
IODOLM_02835	57.8649964614627	-1.02021858873367	0.306808151609041	-3.32526558822893	0.000883343453877879	0.00184864225450483
IODOLM_04219	1171.92291279816	0.463427377179486	0.139448729458489	3.3232814596381	0.00088965100915191	0.00186095258893344
IODOLM_00519	633.752062759463	0.475139065502807	0.143031844926302	3.32191104538731	0.000894031912076553	0.00186922295616197
IODOLM_01508	377.21407273389	-0.510782503890691	0.153813826590777	-3.32078406221328	0.00089764959583638	0.0018758904638873
IODOLM_01118	52.9403928663624	-0.895404329782699	0.269822350157028	-3.31849577791315	0.000905036907111435	0.00188972051697613
IODOLM_02408	636.060425404539	-0.494227423822407	0.148932465489599	-3.31846667681013	0.000905131216540672	0.00188972051697613
IODOLM_02258	473.075570175528	-0.490681014079158	0.147992310905184	-3.31558451299222	0.000914516842142159	0.00190840519848073
IODOLM_01382	1735.33680333984	-0.696485740296367	0.210255935444276	-3.31256161127948	0.000924457615287774	0.00192822999261168
IODOLM_01624	20.1733931198567	1.42070160009493	0.429166545744728	3.31037359314575	0.000931715244686134	0.00194244207277109
IODOLM_02502	833.408259748795	-0.540587694844137	0.163464552347829	-3.30706374611326	0.000942794348825878	0.00196460384307716
IODOLM_01356	641.64897949814	-0.423944208395951	0.128265013185747	-3.30522094736792	0.000949015544981588	0.00197568602513769
IODOLM_02865	342.444001215321	0.532336926425453	0.161056406116895	3.3052825358532	0.000948807012604265	0.00197568602513769
IODOLM_00559	28.9950801503814	1.52309041358849	0.461070427858533	3.30337909690407	0.000955271518456522	0.00198776422480539
IODOLM_03044	45.8314704454123	-1.1587552730888	0.351125496980562	-3.30011714630041	0.000966444777611138	0.00201005814963229
IODOLM_01425	153.109236378573	0.733133017900121	0.22240513735394	3.29638526619733	0.000979376085053993	0.0020359856285968
IODOLM_01455	17.3039286345095	1.95665127759813	0.593610670493633	3.29618616183402	0.000980070481686886	0.00203646174162479
IODOLM_02115	2427.46531065838	-0.529445727095419	0.160875069469204	-3.29103650952437	0.000998189573745308	0.00207312651860914
IODOLM_00009	6148.61970846512	0.421315359296293	0.128144782925087	3.28780735102257	0.00100970907606457	0.00209605641217199
IODOLM_03338	2177.70056276559	-0.53219064459428	0.161917522664112	-3.28680080968307	0.00101332482974091	0.00210256493833391
IODOLM_01324	500.819940829241	0.599195944273012	0.182432139780196	3.28448674117925	0.00102168305265822	0.0021189028618163
IODOLM_03242	4554.34491124324	-0.455529208176179	0.138787028103822	-3.28221746945552	0.00102994139972561	0.00213501826868749
IODOLM_02707	24.932156845645	1.26975593578064	0.387102761950596	3.28015209548593	0.00103751137788972	0.00214969213524878
IODOLM_00163	3492.14996120714	-0.411263050741955	0.125468963309817	-3.27780703604312	0.00104616885553174	0.00216660431226071
IODOLM_01219	820.586237469736	0.570802660140114	0.174272941938556	3.27533725999394	0.00105535899726127	0.00218460310880573
IODOLM_02429	189.805425840761	0.641245834270405	0.195807026624547	3.27488673580633	0.00105704345079083	0.00218705538565517
IODOLM_01149	1125.04251899451	0.675174161105355	0.206223843347775	3.27398689765831	0.00106041528089165	0.0021929949287249
IODOLM_04064	300.358237178972	0.588964480183445	0.180158786006742	3.26914103518329	0.00107874517472541	0.00222984831582353
IODOLM_04108	4394.1568926769	-0.428759254799343	0.131414362670892	-3.26265140343226	0.00110375197049733	0.00228046205047041
IODOLM_00976	21.5505638976182	1.42459235259671	0.436841469068921	3.26111977334265	0.00110973154049731	0.00229173441303267
IODOLM_03592	32.8803788111425	1.08880496453202	0.334156704479914	3.25836635906093	0.0011205564101965	0.00231299757123579
IODOLM_03934	105.051657880799	-0.920051082838271	0.282483593153881	-3.25700715063151	0.00112593596522899	0.00232300602727114
IODOLM_03676	1476.63220144915	-0.47965084122319	0.147276395268849	-3.2568073135386	0.00112672890247398	0.00232354650199158
IODOLM_03250	1065.40380438764	-0.49660927284205	0.152574411995689	-3.25486604435402	0.00113445861113004	0.00233838477734576
IODOLM_02404	394.897155781337	-0.439759904349622	0.13518740078261	-3.25296515654431	0.00114207500527028	0.00235239627964253
IODOLM_02544	178.790458886208	-0.569132591258211	0.174961526772587	-3.25290137641496	0.00114233137436937	0.00235239627964253
IODOLM_03027	93.0324736251298	0.743257164570054	0.228640803790565	3.2507634343819	0.00115095583523755	0.00236904173800542
IODOLM_03517	240.093631933806	-0.572958917402652	0.176517133713371	-3.2459110645487	0.0011707540756362	0.00240866000704467
IODOLM_00675	255.90208492113	-0.591158558685541	0.182252547195694	-3.24362302629868	0.00118019830783938	0.00242694915183511
IODOLM_02662	785.280432123565	-0.528484548566882	0.162988865367017	-3.24245798862913	0.00118503418252178	0.00243574898201752
IODOLM_02031	1447.05869617216	-0.504810666043732	0.155779455347057	-3.24054712426023	0.00119300551487546	0.00245098222211034
IODOLM_02240	20.3543743274898	1.57397861190914	0.486454889218599	3.23561063275044	0.00121382836617315	0.00249259170829362
IODOLM_01562	80.8395176196172	-0.768653026875557	0.238006915348706	-3.22954072888764	0.00123989219367373	0.00254491943692132
IODOLM_03646	286.280469622613	-0.608929769034122	0.188768988864947	-3.2257934563064	0.00125623978014386	0.00257726454660551
IODOLM_00808	12.8378393447245	1.78176713813965	0.552395091590906	3.22553035909158	0.00125739499333159	0.00257842572203329
IODOLM_01244	76.3956365915362	-0.850976167528385	0.263850576697721	-3.22522003998991	0.00125875881011102	0.00258001337379196
IODOLM_00083	161.124864279346	-0.742818490872849	0.230535447616243	-3.22214435373674	0.00127235014192978	0.00260584971141902
IODOLM_01638	93.3703280616258	-1.11584491057681	0.346310023653056	-3.22209821941134	0.00127255503503255	0.00260584971141902
IODOLM_04407	217.154229423207	-0.51633534271703	0.160296186427338	-3.22113304268211	0.00127684859663111	0.00261341883014861
IODOLM_02614	21.3270516603216	1.49645534250186	0.464747019321064	3.21993532026948	0.00128219522442538	0.00262313525109184
IODOLM_01890	684.889067117286	-0.488403732932241	0.151765769385419	-3.21814158034483	0.00129024113285633	0.00263836224176603
IODOLM_00002	861.409590326406	-0.718002544322252	0.223416211537929	-3.2137441566113	0.00131016355904356	0.00267784947892322
IODOLM_00074	5394.62655574811	-0.515484009035905	0.160809440263475	-3.20555813260292	0.00134800814665597	0.002753032409524
IODOLM_00286	135.842828869301	0.659075641690775	0.20561533927711	3.20538168021857	0.00134883489168635	0.002753032409524
IODOLM_01359	1098.65473092724	0.409049230943596	0.127613141426333	3.20538485591414	0.00134882000823923	0.002753032409524
IODOLM_03135	266.332532643449	0.725034505906579	0.226285398292393	3.20407110391512	0.00135499008355864	0.00276430610986136
IODOLM_00570	214.527940249737	-0.522101272683614	0.163174565183558	-3.19964862229781	0.0013759522489529	0.00280576283383873
IODOLM_04305	2251.58669905951	-0.637590380428684	0.199403968178385	-3.19748090398231	0.00138633590056052	0.00282561988861333
IODOLM_03349	20439.6702394387	0.494810934318776	0.154760803980041	3.19726262460222	0.00138738548190853	0.00282644267636487
IODOLM_04262	142.748654154477	0.613934065324435	0.192063462089565	3.19651670674425	0.00139097770974767	0.00283244227913253
IODOLM_01818	176.172683595758	0.682663757165251	0.21362466644484	3.19562234327243	0.00139529613586299	0.00283991436769137
IODOLM_04259	1435.29863091566	-0.856582483173954	0.268247136039809	-3.19325863388467	0.00140676886926014	0.00286193425006155
IODOLM_02713	112.777928027825	-0.784898392337639	0.245858762152211	-3.19247679223126	0.0014105827948444	0.00286816550598926
IODOLM_04045	751.97193760107	-0.423220872917018	0.132572950250994	-3.19236218335455	0.00141114267239371	0.00286816550598926
IODOLM_01087	1553.29049450701	0.598683331017151	0.187595408347398	3.19135386250223	0.00141607727390008	0.00287685893713406
IODOLM_00313	165.834879863796	0.973976623362461	0.30547206904823	3.18843102872584	0.00143047130915172	0.00290475287649555
IODOLM_03358	12182.0555342186	0.385730468014584	0.121131040021757	3.18440647372715	0.00145051174890985	0.00294408136049606
IODOLM_03755	188.590570409886	-0.670941198821423	0.210930929435134	-3.18085735751594	0.00146839911002378	0.00297900533401209
IODOLM_02627	49.7380737573726	1.05514482687412	0.332062137805254	3.1775523516413	0.00148523873213229	0.00301059341306233
IODOLM_03886	324.551580800203	-0.492994113622808	0.155150029962908	-3.17753153989508	0.00148534533336416	0.00301059341306233
IODOLM_03709	3847.356674631	-0.349205666371323	0.109998913628734	-3.17462831996646	0.00150028538593381	0.0030394670596511
IODOLM_03620	7.80936421520912	2.46878277192648	0.778127128183407	3.17272420213652	0.00151015907561841	0.00305805465752251
IODOLM_02428	804.022027359738	0.437978945208628	0.138269037142911	3.16758512432501	0.00153710702594673	0.00311118424863224
IODOLM_02004	37.8269775797321	1.2888850821248	0.407300696732684	3.16445587366797	0.00155373220368046	0.0031433805470669
IODOLM_00915	376.000261819634	0.482739809603108	0.152905981248485	3.15710219875974	0.00159345488337231	0.00322225442219834
IODOLM_03081	1225.46375931696	0.394991174547664	0.125127881336733	3.15669993232522	0.00159565456180016	0.00322521217664549
IODOLM_01012	99.7761162155541	-0.847465856333174	0.268784735429314	-3.15295381257261	0.0016162737773648	0.00326538044771392
IODOLM_04350	22.4681027372728	1.714932365196	0.544530442035337	3.14937831351715	0.00163618233491467	0.00330407655633899
IODOLM_02233	1307.18339391264	0.509594426641658	0.161843185148724	3.14869252093235	0.00164002655990671	0.00331031191243162
IODOLM_02537	3.57413483948409	4.31919227973098	1.37191620316301	3.14829161560516	0.00164227769114561	0.00331305792189087
IODOLM_03810	333.204993707831	-0.516005435692531	0.163905916156839	-3.14818066236715	0.00164290120898153	0.00331305792189087
IODOLM_03307	2033.7735067296	-0.615261013224675	0.195674951292003	-3.14430134854885	0.0016648390174227	0.00335575105492479
IODOLM_03610	1212.9350330535	-0.54557932140423	0.173609976112066	-3.14255743605457	0.00167478851473453	0.00337425163005446
IODOLM_02588	3099.21134220678	0.679750208577657	0.216430830991617	3.14072724973267	0.00168528903322367	0.0033927494726673
IODOLM_03607	35.4034933543052	1.19529838493449	0.380585002654632	3.14068703863033	0.00168552041900793	0.0033927494726673
IODOLM_01892	367.474045208718	0.515868541439529	0.164281380565738	3.14015221726909	0.00168860070922873	0.00339738699015398
IODOLM_01471	37.1576241081387	-1.04375133633646	0.332593698473266	-3.13821741400298	0.00169978746215837	0.00341832258014936
IODOLM_02847	166.136934134086	0.664212678069253	0.211693408784636	3.13761624361665	0.00170327719843305	0.00342376712004732
IODOLM_01517	90.1599127968515	0.872976978476144	0.278432062871957	3.13533207875417	0.00171659672652967	0.00344895650839937
IODOLM_01901	949.358972450791	0.412427608338168	0.13155514202887	3.13501701246813	0.00171844145485348	0.00345107838753503
IODOLM_00452	9.94992047517707	2.13223354952846	0.681013864966179	3.1309693667314	0.00174230333454874	0.003497394216507
IODOLM_01225	850.372604002123	-0.392704582949118	0.12544174748596	-3.13057328058245	0.00174465465226141	0.00350050837152496
IODOLM_02056	2067.06198645321	0.421267169551751	0.134600600049291	3.129756995121	0.00174950963778755	0.00350864077679117
IODOLM_01697	55.5022508596017	1.26078664772093	0.403092902160159	3.12778181149909	0.00176130879059222	0.00353068587614823
IODOLM_01953	151.725336618835	0.595118425427062	0.190660603927576	3.12134973438521	0.00180024096125239	0.00360707621174013
IODOLM_02264	1182.88184520981	-0.459500570291795	0.147345831819441	-3.11851760323205	0.00181763283867288	0.00364025688880207
IODOLM_00724	4050.77202532059	-0.643448993301404	0.206545491313475	-3.11528946581961	0.00183764478090761	0.00367865213232009
IODOLM_02405	4587.46699172926	0.600301750027214	0.192848274283685	3.11281888446745	0.00185309700463565	0.00370788865673783
IODOLM_00755	285.349494504933	0.521192218445982	0.167499667997297	3.11160150152889	0.00186075493486594	0.00372150986973187
IODOLM_00337	6.57442363818543	2.47840656203647	0.796755165341208	3.1106250324403	0.0018669184004038	0.00373213107362587
IODOLM_02272	136.719032269417	-0.654428940525009	0.210510120061584	-3.10877662477014	0.00187863691562525	0.003753842530948
IODOLM_00360	1589.81265044634	0.45599394688393	0.146748060284771	3.10732520756359	0.00188788591065938	0.00377060189185095
IODOLM_00666	23.8739122629534	1.40017546694677	0.450682830060676	3.10678679895185	0.00189132748155015	0.00377575230805814
IODOLM_02700	36.0234009576528	1.28990203942141	0.415216525941193	3.10657683120276	0.0018926711810845	0.00377671185062734
IODOLM_03138	209.983667647423	0.677881427411845	0.218545060922133	3.10179248412927	0.00192352746836528	0.00383653427601024
IODOLM_02509	178.515090143692	-0.529334055592331	0.171067218967432	-3.09430444235554	0.0019727493951682	0.00393291633405742
IODOLM_01419	272.760462175233	-0.509541504578044	0.164742628733947	-3.09295480164356	0.00198174315401676	0.00394904737794962
IODOLM_02278	175.390768939144	0.851758404284721	0.275518875112407	3.09147024477803	0.00199167942590613	0.00396704104131325
IODOLM_03196	20.2347940623332	4.488958175711	1.4546483406563	3.0859404642676	0.00202909445786793	0.00403972581784807
IODOLM_03175	94.2358886990899	0.818710919259592	0.265691226727484	3.08143753688688	0.00206003693497043	0.00409946413252869
IODOLM_04376	525.525057035188	-0.571946267221519	0.185731574829942	-3.07942398994462	0.00207401286171231	0.00412540012856958
IODOLM_00327	152.979743325616	0.614326087465791	0.199870995388714	3.07361298857313	0.00211483586538924	0.00420468957153263
IODOLM_04386	59.3148908935937	-0.898104539611741	0.292352873658516	-3.0719880682985	0.00212638224649998	0.00422572602665029
IODOLM_04196	960.792253897494	-0.561607219131952	0.183302768163298	-3.06382290218136	0.0021852823196234	0.00434080591496687
IODOLM_03918	489.897409475272	-0.4384907061333	0.14317912636641	-3.06253234854331	0.00219472752484632	0.00435758967728108
IODOLM_00564	167.575785080338	0.540501702091609	0.176553900481709	3.06139768431569	0.00220306271447793	0.00437215530093216
IODOLM_01699	163.215297128292	-0.594299739442688	0.194203040368337	-3.06019791613717	0.00221190770445893	0.00438771900032288
IODOLM_02012	36.3770475250532	1.00549796835108	0.328615442819876	3.05980132802895	0.00221483860019979	0.00439154223582886
IODOLM_02109	636.762156280754	0.679980129805162	0.222269331969615	3.05926203934476	0.00221882980326936	0.00439746341445051
IODOLM_03183	80.2742433382855	-0.687620031110428	0.224813082627086	-3.05862996528113	0.00222351608772019	0.00440475617920488
IODOLM_03706	124.21494452514	-0.666081811447012	0.218550728702906	-3.04772175961248	0.00230583320568039	0.00456575841993546
IODOLM_01110	53.0820604496377	-0.933294816241187	0.306548962069715	-3.04452120777019	0.00233050998415795	0.00461253355525789
IODOLM_02871	93.5656395262735	-0.690191041548679	0.226748091736383	-3.04386703439645	0.00233558344037587	0.00462048514244341
IODOLM_04316	16.3839363479965	1.69069140674422	0.555543658948436	3.04330970124735	0.00233991382710692	0.00462696019314047
IODOLM_04220	411.020835086378	-0.459229311966965	0.150918857721394	-3.04288886690841	0.00234318851100238	0.00463134278416731
IODOLM_04399	715.584698252977	0.453064496081499	0.149096023311899	3.03874299272032	0.00237567430028945	0.00469343148445445
IODOLM_02641	172.379714282448	0.537678082332503	0.177056528909164	3.03675942166668	0.00239136232806681	0.00472229311715721
IODOLM_00727	256.409074652164	-0.481708677843583	0.15877604628023	-3.03388759909916	0.00241424361041302	0.00476532703616029
IODOLM_01104	597.392546792591	-0.379842174092359	0.125521319342182	-3.02611680695355	0.00247716586706924	0.00488732093520965
IODOLM_00988	771.316909182198	0.386896692287756	0.127869685539839	3.02571082938353	0.00248049405968189	0.00489168184099503
IODOLM_03940	5.7876203805343	2.62781024930283	0.869087821132779	3.02364178326388	0.002497519686862	0.00492303880617483
IODOLM_02986	80.0271648869482	0.914717866344119	0.302582944422857	3.02303181062912	0.00250255935470014	0.00493075179476263
IODOLM_00238	209.057474225842	0.51397497470853	0.170279346923743	3.01842228076378	0.00254094567091091	0.00500413062822059
IODOLM_01035	182.268081579571	-0.596776157925238	0.198091323059281	-3.01263149091415	0.00258993207212679	0.00509830982799227
IODOLM_00780	802.201133006842	-0.567842733040102	0.188975318825149	-3.00485130317734	0.00265710714956058	0.00522819284463898
IODOLM_01778	68.6473781109456	0.978674763429517	0.325774744092463	3.00414559807541	0.00266327839574058	0.00523798034146552
IODOLM_01814	46.5209924070994	0.840344688893892	0.279889505952877	3.00241584990105	0.00267846013295703	0.00526547239075471
IODOLM_00576	1464.86051963175	0.581607328621578	0.194259753693354	2.99396718859052	0.00275375556715565	0.00541106168023042
IODOLM_00856	436.763278801921	-0.695332166058512	0.232676684610324	-2.9884049930616	0.00280437674208118	0.00550805773040721
IODOLM_03235	35572.9505461588	0.400012680310036	0.133948457980061	2.98631791916247	0.00282358930082725	0.00554330497102739
IODOLM_00282	40.5281865751766	0.982031266811954	0.329211538294527	2.98297949063191	0.00285457122209082	0.00560056989730987
IODOLM_00673	69.006484132759	-0.848791335211437	0.284552447667065	-2.98289943442887	0.00285531797095482	0.00560056989730987
IODOLM_00349	846.794688126587	0.444146280977438	0.148976203810898	2.98132365851671	0.00287005285723899	0.00562694950863701
IODOLM_03519	102.68551596964	-0.678217471706524	0.227512002444798	-2.98101842724136	0.00287291505006549	0.00563003862923716
IODOLM_00138	474.661044179525	0.59411888316921	0.199481151414229	2.97832090379056	0.00289832357560496	0.00567532147983452
IODOLM_01787	1086.23658032875	0.519732195462593	0.174506914297501	2.97828998670247	0.00289861597518971	0.00567532147983452
IODOLM_01869	773.270037430479	0.43407893142405	0.145935942190839	2.97444841145719	0.00293515805458554	0.00574429858983288
IODOLM_00983	307.575893313915	0.676490235860469	0.227690693609514	2.97109304353317	0.0029674186372014	0.00580483860366265
IODOLM_00987	2842.29973626789	-0.401728603812018	0.135231224678344	-2.97067932918271	0.00297141866814892	0.00581006617150119
IODOLM_01362	704.074984469917	0.453338246338438	0.152619448546582	2.97038320250562	0.00297428481337796	0.00581307295370343
IODOLM_02184	35.0499203714246	1.23169047823215	0.415096054785733	2.9672420733267	0.00300484277452174	0.00587017499165497
IODOLM_00255	121.185297005758	0.734386658335323	0.247621806959468	2.96575922513776	0.00301936770157245	0.00589591836772916
IODOLM_04032	60216.4535067408	0.475066935225777	0.160225228231356	2.96499459211135	0.00302688250410782	0.00590795621675996
IODOLM_00926	1021.05362749048	-0.448941804804649	0.151651707552539	-2.96034783946705	0.00307291875627244	0.00599513708312447
IODOLM_04353	54.452488065943	0.841609362363542	0.284456118618878	2.95866148511699	0.00308978307264052	0.00602535237338454
IODOLM_02820	69.4592062517538	-0.739583498145568	0.25025666643544	-2.95529988743122	0.00312365262822828	0.00608868770651534
IODOLM_01117	39.5959480043994	-1.01873720935449	0.344940083244749	-2.95337439410211	0.00314320493668891	0.00612407159525854
IODOLM_01977	119.729390155827	1.04624797509623	0.354359665186845	2.95250300156077	0.0031520900567054	0.00613741375357524
IODOLM_03920	16812.7063391177	-0.438000862438681	0.148352776651837	-2.95242780299695	0.00315285788803408	0.00613741375357524
IODOLM_01703	77.107388606872	0.911782837030762	0.308860443056142	2.95208680013784	0.00315634191207435	0.0061414638538183
IODOLM_02812	242.566201964667	0.49679063657529	0.168635757640373	2.94593888939456	0.00321976005431914	0.00626207555453359
IODOLM_04236	10.0940575951253	2.74416854406068	0.93191970515534	2.94464054025262	0.00323330065026078	0.00628561690161758
IODOLM_02842	517.517262888374	-0.552834852494075	0.187791806268951	-2.94387099990038	0.00324135072365128	0.00629846836887122
IODOLM_04310	2946.00813691563	0.323641570013331	0.109986673187444	2.94255258963753	0.00325518491706781	0.00632254291925821
IODOLM_01335	1168.88197700591	0.679186456500384	0.231376560329215	2.93541599690998	0.0033310078846836	0.00646694343539283
IODOLM_01648	411.420995319915	0.606081880920255	0.206634987711085	2.93310386413201	0.00335591604144411	0.00651241179483789
IODOLM_02152	477.481706868596	-0.473186227155377	0.161335033731056	-2.93294157017485	0.00335767075699995	0.0065129287378687
IODOLM_03353	18965.3143183947	0.377993681476944	0.12900000552477	2.93018345184771	0.00338761944858944	0.00656810930749995
IODOLM_00274	17.8041495276033	2.32024960984891	0.79224166108367	2.92871446153835	0.00340366937578577	0.00659630522074338
IODOLM_02831	93.1928270362185	0.773869650931879	0.264554343695281	2.92518217664662	0.00344254624953185	0.00666869516952253
IODOLM_03253	596.225516161211	-0.460595385871281	0.15752658500964	-2.92392160880714	0.00345651782337204	0.00669279734295401
IODOLM_00094	58.1501104379675	-0.728373467044492	0.249230201124279	-2.92249279484907	0.00347241655121128	0.00672060806196398
IODOLM_01464	388.065412700227	0.490536207172894	0.167883617568804	2.92188251764266	0.00347922750185636	0.00673081323966554
IODOLM_00052	4777.7429435002	-0.349143387174594	0.119533980436853	-2.92087141998119	0.00349053854009924	0.00674971129097405
IODOLM_00492	27.4407724926005	1.04261514933285	0.35774185446147	2.91443435072019	0.00356333745646799	0.00688744024271375
IODOLM_01145	971.650588745115	-0.398874551001825	0.136873063599336	-2.91419319852033	0.0035660913742501	0.00688972002371674
IODOLM_02304	53.7971673829878	-0.797702353687505	0.273761018393601	-2.91386391812952	0.00356985482805661	0.00689394736433175
IODOLM_00297	27.5760991403845	1.0291074425098	0.353378810705482	2.91219340643346	0.00358900337408689	0.00692538100216708
IODOLM_04162	22531.902739725	-0.461412741013053	0.158443045033012	-2.91216784502543	0.00358929710075753	0.00692538100216708
IODOLM_01839	134.851263011216	-0.545850342150195	0.1874475784525	-2.91201597084657	0.00359104274105641	0.00692569547592016
IODOLM_02475	11.7120112822068	1.65684440107021	0.569223341114234	2.91071057948362	0.00360607877056095	0.00695163026430604
IODOLM_02702	455.61349437154	0.505758029950745	0.173789922380225	2.91016891557283	0.00361233466853739	0.00696062373822968
IODOLM_02630	473.021616297477	-0.51298944544485	0.1763420643623	-2.90905886408871	0.0036251859587511	0.00698231239238329
IODOLM_04346	1048.44604928722	-0.46441071979583	0.159784357163913	-2.9064842644103	0.00365515282484559	0.00703693302310792
IODOLM_02621	253.146085976374	-0.461284959995376	0.158831995117457	-2.90423198206541	0.00368155263092351	0.00708464129855817
IODOLM_01180	41.6690494421905	1.12280807292704	0.386686642687862	2.90366397226032	0.00368823779330913	0.00709438619055858
IODOLM_00937	69.2317553732484	0.839668951925051	0.289260451337976	2.90281283888328	0.0036982758254973	0.00711056898610553
IODOLM_02732	407.137193285057	-0.417924333505062	0.144032016251686	-2.90160718693799	0.00371253746457148	0.00713172253949288
IODOLM_03064	11.6446890821393	1.77957424207513	0.613278297680226	2.90174012158348	0.00371096253386552	0.00713172253949288
IODOLM_02204	37.8180519010457	1.22011555216743	0.420682457716943	2.90032429397944	0.00372776767483614	0.00715783736072091
IODOLM_00150	1124.66719162871	-0.380179409501617	0.131121325195307	-2.89944758364313	0.00373820842363735	0.00717473686922677
IODOLM_01729	704.98337611423	0.687688649985892	0.237362246716954	2.89721158060126	0.00376495745335317	0.00722290829279854
IODOLM_01725	2412.22096040594	-0.578532074802612	0.19989927497534	-2.89411792450963	0.00380225334900029	0.00729126233796025
IODOLM_01403	1650.80370564136	-0.452488793755535	0.156520694075062	-2.89091992869989	0.00384115973879703	0.00735298119727725
IODOLM_01557	2002.57279149324	0.735447939968874	0.254391269730098	2.89101092482129	0.00384004771123207	0.00735298119727725
IODOLM_03628	109.278232612767	-0.581270341693315	0.201065405352989	-2.89095153227797	0.00384077349082716	0.00735298119727725
IODOLM_03961	106.703490122228	-1.01075624756699	0.349589714936086	-2.89126425745042	0.00383695337398537	0.00735298119727725
IODOLM_03031	11.4493839433504	2.21284252217868	0.765655710129487	2.89012736782757	0.00385085769024791	0.00736832236664838
IODOLM_03003	1736.1900925069	0.458883411722487	0.158807739929876	2.88955319133132	0.00385789733115538	0.00737856587462236
IODOLM_01908	138.442753899438	0.75350954774646	0.260988642796283	2.88713539284013	0.00388766898571916	0.00743225840170688
IODOLM_04348	226.382417303831	0.537907642885728	0.186463889540524	2.88478184280729	0.00391684981279026	0.00748477501343677
IODOLM_01473	31.0039339019311	-1.18839928189734	0.412403206829218	-2.88164413423068	0.00395606253100717	0.0075564075232158
IODOLM_01283	7.23212156006509	-2.30980148507202	0.803044736737703	-2.87630486746651	0.00402360886750155	0.00768207347477608
IODOLM_01688	249.93032164558	0.586179278961135	0.203897850120272	2.87486738391489	0.00404197229076977	0.00771376831417728
IODOLM_03169	61.7907193740064	-0.757915152775413	0.264079079580049	-2.87003103002587	0.0041043151961028	0.00782933012124928
IODOLM_02869	28.115017832168	-1.36405090102539	0.475830784005614	-2.86667224331854	0.004148123639815	0.00790945056550346
IODOLM_03348	37026.3163298636	0.489628717185234	0.171110659448098	2.86147408212023	0.00421675979521198	0.00803682093373154
IODOLM_00398	334.519879089057	-0.809516819296242	0.283036952182518	-2.86011000702912	0.00423494076684004	0.008067958552761
IODOLM_04187	1862.23740554456	-0.351541147756439	0.122999843312539	-2.85806175267381	0.00426237432577662	0.00811668844630047
IODOLM_01416	40.1162937860497	-0.975713222080595	0.341568630650858	-2.85656566360142	0.00428251413066101	0.00815149275153222
IODOLM_03758	88.5915713195604	0.635696694783879	0.222565518346533	2.85622274064082	0.00428714257391233	0.00815675474062623
IODOLM_02889	68.8835810354506	-0.704086642319516	0.246596289300487	-2.85521993991385	0.00430070344949915	0.00817899969361507
IODOLM_01080	9.12049780160939	1.91355334549156	0.670298097257183	2.85477961719077	0.00430667021361884	0.00818678925056302
IODOLM_02971	5820.20357922134	-0.380729412551389	0.133377854580996	-2.85451744404979	0.00431022645672403	0.00818999173887293
IODOLM_00997	402.42255125757	-0.676310413111866	0.237134589506696	-2.85201081174524	0.00434436229625554	0.00825127144462423
IODOLM_01091	389.661623703824	0.444724450536929	0.155978526345697	2.85119023083524	0.00435559027311133	0.00826900782435365
IODOLM_01758	10653.6305880981	0.57114640219874	0.200450638074002	2.84931196870466	0.00438138954469505	0.00831438015940396
IODOLM_03677	508.811565397589	-0.368391354892168	0.129342792681149	-2.84817845088835	0.00439702616440838	0.0083368225716859
IODOLM_03775	170.484060892913	0.621238464390756	0.218115696440785	2.84820613338762	0.0043966436888781	0.0083368225716859
IODOLM_00191	7.05961265180536	2.50213832981972	0.878726803904172	2.84745875362257	0.00440698045889274	0.00835207730104574
IODOLM_00421	1457.90849253106	-0.317483135861651	0.111518520796028	-2.84690949624719	0.0044145910980335	0.00836287906709723
IODOLM_03468	295.999354598671	0.469383843022901	0.165228208706581	2.84082147169223	0.004499749500471	0.00852051225186547
IODOLM_01902	1217.24545325913	0.38812582064535	0.136657419194279	2.84013720538342	0.00450941337377626	0.00853511804655922
IODOLM_02198	97.5470232280009	-0.621623893716366	0.218944315751527	-2.83918717680631	0.00452286177591026	0.00855687121979391
IODOLM_02222	27.6253527863781	1.22347678389966	0.43095550783306	2.8389863029053	0.0045257099532336	0.00855855953126631
IODOLM_02254	483.918757283945	-0.37926573699701	0.133652078347617	-2.83770923494787	0.00454385544548859	0.00858916260451753
IODOLM_04237	11.3448400943637	1.70358608698697	0.601022331176805	2.83448051531021	0.00459002569205883	0.00867269103128215
IODOLM_01207	228.585529902207	0.539145583371005	0.190264918382024	2.83365734448471	0.00460186469292652	0.00869130768072785
IODOLM_01168	1956.6947335034	1.86171371841274	0.657054748052564	2.83342251757658	0.00460524708466682	0.0086939435903805
IODOLM_02454	51.5409850679804	1.05059921198166	0.370912817398131	2.83246941788471	0.00461899843453997	0.00871614366086542
IODOLM_03974	306.514437163901	0.428557674970491	0.151386542913295	2.83088355624808	0.00464196172047927	0.00875570021069711
IODOLM_02890	70.6948289138107	-0.870357687527379	0.307647859944953	-2.82907115844431	0.00466833179130189	0.00880164580729731
IODOLM_01652	6.16699753883831	2.44068546646325	0.864506410884611	2.82321268614516	0.00475450193058579	0.00896024997771035
IODOLM_01409	321.829560118131	0.4813522322755	0.170565086584757	2.82210293978484	0.00477098604582311	0.00898744508675072
IODOLM_04087	495.051928011665	-0.448129161803696	0.158942673888762	-2.81943892624662	0.00481076848108516	0.00905848660638067
IODOLM_00848	437.454025539701	0.394869527408518	0.140098037876629	2.81852289577561	0.00482451701001297	0.00908046728422225
IODOLM_03086	1095.49228170018	-0.678138357212426	0.24068470103263	-2.81753827436041	0.00483933464398041	0.0091044404136106
IODOLM_01193	363.514989546996	-0.457112766799035	0.162330452540696	-2.81593970597992	0.00486347931905017	0.0091459327460952
IODOLM_00677	199.840690103344	-0.542485808373091	0.192735083343261	-2.81467078521934	0.00488272254927842	0.00917817606342025
IODOLM_03080	2695.32818429364	-0.502337768157816	0.178587251721879	-2.81284225673693	0.00491057340092659	0.00922656470693634
IODOLM_03924	8.31250210370752	2.28493857651213	0.813918646032889	2.80733042257863	0.00499539731291371	0.00938191357996155
IODOLM_04190	1914.21996845007	0.444687303919919	0.158582432305604	2.80413976160337	0.00504510304377208	0.0094712015956871
IODOLM_00476	14.0759193617609	1.57487669820452	0.561768835478438	2.80342482306491	0.00505630185688779	0.00948815477090092
IODOLM_00836	90.1103864029764	-0.730460562791427	0.26060817771487	-2.80290729629605	0.00506442242402223	0.00949931955744589
IODOLM_01383	201.339905000585	-0.726163917433407	0.259107675944685	-2.80255656180726	0.00506993253654467	0.00950558045412146
IODOLM_04289	233.48980085363	-0.454250413004936	0.162204209963327	-2.8004847291426	0.00510259216621523	0.00956271662499265
IODOLM_00732	141.829092539623	0.589174223309457	0.210406115845532	2.80017632064457	0.00510747003473961	0.00956776064726906
IODOLM_00513	80.2095629544689	3.85657731732258	1.37762816630161	2.7994326855816	0.00511924889692461	0.00958572236754047
IODOLM_01968	33.316034078973	-0.968436418811762	0.346164091494487	-2.79762240684974	0.00514802563844138	0.00963365246777472
IODOLM_02042	22.0684240798965	1.36749907434032	0.488821002947448	2.79754565801122	0.00514924888531194	0.00963365246777472
IODOLM_00601	42.1351051268857	0.97521429919765	0.348667163671278	2.79697775072699	0.00515830853443454	0.00964647784046391
IODOLM_00472	3.82001968458794	2.99830191448401	1.0725541676785	2.79547831227368	0.0051822978761521	0.00968720013073113
IODOLM_00760	6.26863743870852	2.20565999619484	0.789239443480098	2.79466518610515	0.00519534910220568	0.00970744990232796
IODOLM_00277	7.40222888720283	2.61551744652449	0.936455766211539	2.79299625342225	0.00522222967919724	0.00975351134279433
IODOLM_00851	211.810075245103	-0.473502261471551	0.169557157419326	-2.79258197458778	0.005228921676892	0.00975768070707011
IODOLM_03464	70.6868600901094	0.988693292457663	0.354042679801642	2.79258221921604	0.00522891772303717	0.00975768070707011
IODOLM_02200	374.173812804594	-0.39948786570973	0.143181124794551	-2.79008749430452	0.00526937995575081	0.00982898835735956
IODOLM_02158	45.0457602563241	1.04602633937879	0.375057818754251	2.78897355840535	0.00528753818022103	0.00985865661552928
IODOLM_04241	465.621742256064	0.598498487415668	0.214689336432185	2.7877420339632	0.00530767897885347	0.00989199455343389
IODOLM_03733	122.866985226	-0.847607093440509	0.304336977225	-2.78509401377758	0.00535122052045471	0.00996889782780325
IODOLM_03508	182.188138059591	0.540347235659246	0.194066174426937	2.78434527425942	0.00536359044649539	0.00998769012504844
IODOLM_03648	844.045917812904	-0.360541977111448	0.129533030988286	-2.78339798243471	0.00537927765257769	0.0100126410070948
IODOLM_01357	984.436319202268	0.344151059945183	0.123688096435034	2.78241051373885	0.00539567428035316	0.0100388905828339
IODOLM_02309	925.761830464236	-0.700245901193412	0.251739136678616	-2.78163304455669	0.00540861566428737	0.010058691945143
IODOLM_03850	485.199415021727	0.390337040412818	0.140341500396312	2.78133723318148	0.00541354695562475	0.0100635860143645
IODOLM_02139	1396.68847393455	-0.502762661345509	0.181053574429461	-2.77687233146224	0.00548847325970731	0.0101985388469126
IODOLM_00730	32.4880440530266	1.15751130790392	0.417051762501796	2.77546197373747	0.00551233451033058	0.0102385296337889
IODOLM_01821	294.921138611483	0.463043096529306	0.166895835386368	2.77444368493288	0.00552962067046704	0.0102662791913296
IODOLM_02999	23.3847447997046	1.17325021118097	0.423581647427326	2.76983249464855	0.00560851276873709	0.0104083341289201
IODOLM_00060	530.808936048133	-0.601672391664455	0.217619986023967	-2.76478462597728	0.00569603902063694	0.0105662851862261
IODOLM_03762	6136.77802761292	0.429813713783603	0.155557055686373	2.76306151390634	0.00572619735693033	0.0106177286584437
IODOLM_04314	119.246355533352	0.661028354466111	0.239316341223952	2.76215301924377	0.00574215596594238	0.010642810041069
IODOLM_03785	1248.11106545611	0.39011765905816	0.141407580769334	2.75881715064856	0.00580109839198169	0.0107475048955596
IODOLM_03040	75.4604860940028	0.748595516045404	0.27153134453508	2.7569395987309	0.00583451279678909	0.0108048362246081
IODOLM_04319	555.371983014429	0.436037188531632	0.15827487440659	2.75493624724984	0.00587035727857558	0.010866617365079
IODOLM_01994	1207.17348139756	-0.365341169491908	0.132672944594667	-2.75369760283886	0.00589261860763533	0.0109032131192441
IODOLM_00620	72.2048543731227	4.19203563925205	1.52337146948717	2.75181446102785	0.00592660885259934	0.0109614709801246
IODOLM_02791	29.405874821689	0.998019182752786	0.362772794284075	2.75108607502488	0.00593980335997944	0.01098123341921
IODOLM_00911	27.8597006727006	-1.00619345798549	0.365838629983805	-2.75037509852373	0.00595270802381918	0.0110004435440172
IODOLM_00512	240.910488235547	-0.535433651356989	0.194752391235181	-2.74930463221068	0.00597218530964475	0.0110317783516274
IODOLM_00057	62.2088757142167	-0.768450143599756	0.279614559018983	-2.74824796783055	0.00599146776807222	0.0110627269844236
IODOLM_03506	89.4218967315138	0.610257700965193	0.222286551719129	2.74536491859519	0.00604436451653037	0.0111556892131324
IODOLM_04256	20.3634534133426	1.30746320180151	0.477059730005589	2.74066981462926	0.00613140889085779	0.0113115705338928
IODOLM_02855	123.169281203697	-0.629302150016771	0.229793499160891	-2.73855506058578	0.00617098262023965	0.0113797808454145
IODOLM_00892	723.258773391095	-0.425148736338008	0.155315318029482	-2.73732650283281	0.00619407829581925	0.0114175596556466
IODOLM_03937	338.986356806583	0.415429363219691	0.151887165283366	2.73511828629266	0.00623578633692115	0.0114896004254177
IODOLM_02480	267.629470157606	0.475278848407273	0.173824775619272	2.7342411155949	0.00625242408232017	0.0115154073165964
IODOLM_00668	2.63999377556672	3.89580440365557	1.42632987238321	2.73134881284242	0.00630756736887594	0.0116120802718557
IODOLM_02590	315.607500868355	0.418719105534944	0.153352127329537	2.7304421061937	0.00632494411409483	0.0116391738617658
IODOLM_02760	394.870529759742	-0.385609134910239	0.141380577194539	-2.72745480717372	0.00638249998392745	0.0117401512945214
IODOLM_02628	33.001182240708	1.13379881507807	0.415801095150737	2.7267816951445	0.0063955336221255	0.0117591828279081
IODOLM_02129	9.20376132018054	1.74206111312579	0.63975656541404	2.72300622971857	0.00646908379928963	0.0118894207079762
IODOLM_02739	178.848288042356	0.523210911211752	0.192169369199847	2.72265509009211	0.00647596290885274	0.0118970670399411
IODOLM_01520	137.059809203008	0.725271324576445	0.266476948245463	2.72170380722151	0.00649463238460469	0.0119263580843601
IODOLM_03248	647.773212948041	-0.372330326459621	0.136877278135085	-2.72017628880789	0.00652471211822043	0.0119722165747876
IODOLM_03521	2970.95942149907	-0.40074066722141	0.147322580613037	-2.72015780305947	0.00652507690376335	0.0119722165747876
IODOLM_03568	169.232298301767	0.828093799330608	0.304567070076761	2.71892098880519	0.00654952508912657	0.0120120376320276
IODOLM_01401	2171.9054627858	0.408669589638523	0.150797668774371	2.71005243622161	0.00672725718587498	0.0123328351258437
IODOLM_01337	1354.86571328464	-0.368676675932455	0.136106373045826	-2.70873925799436	0.00675393952205969	0.0123765658913456
IODOLM_01163	1722.12498674335	0.641435503439999	0.237161426128657	2.70463672744163	0.00683791227773923	0.0125252005556245
IODOLM_01888	699.685811518958	0.387253537327141	0.143261865718287	2.70311666950257	0.00686926303386344	0.012577361939827
IODOLM_00064	756.598938262769	-0.409162916422746	0.151382541199888	-2.70284085060034	0.00687496554186122	0.0125825383568317
IODOLM_04199	1805.21086121689	-0.35080767759576	0.129801606708713	-2.70264510964802	0.00687901503192223	0.0125846863627474
IODOLM_03541	64.4725371749845	0.701873761122765	0.260044806311252	2.69904933337788	0.00695378672352338	0.0127161599256742
IODOLM_00195	749.796102286182	0.498427222980601	0.184768166034708	2.69758169752561	0.00698451440797643	0.0127670154759001
IODOLM_00495	10.2567399058771	2.05265996177791	0.761048226564253	2.69714834110399	0.00699361082140208	0.0127783052001902
IODOLM_00652	22.3076243974299	1.17730524008042	0.436614436225142	2.69644139634756	0.00700847285708711	0.0128001157022593
IODOLM_00792	420.504905880989	0.380193912116003	0.141263585073148	2.69137946569269	0.00711572063773595	0.0129905688405225
IODOLM_00050	2090.9935968999	-0.311979544174356	0.115976034865732	-2.69003457943308	0.00714446155224111	0.0130375995632223
IODOLM_01582	5.4119833904546	2.44759531475376	0.910450211583416	2.68833515947786	0.00718092805239708	0.0130986832668986
IODOLM_00496	17.2886847218863	1.40208243011418	0.521742914098618	2.68730516932169	0.0072031110213125	0.0131282023445496
IODOLM_02752	549.065808493004	0.479458306825531	0.178415480919683	2.68731336739421	0.00720293421631032	0.0131282023445496
IODOLM_03964	1561.26642367696	-0.339722747417891	0.126465756103466	-2.68628249958788	0.0072251971607478	0.0131629736783648
IODOLM_04244	49.176588339412	-0.788240553591289	0.293541946150789	-2.68527399210734	0.00724703694544396	0.0131972674462184
IODOLM_03315	730.467617189141	-0.382079332317571	0.142956328417808	-2.67269967371361	0.00752435800803311	0.0136965851261035
IODOLM_03142	3.64121999810946	3.02128760885111	1.13110004711149	2.67110554593876	0.00756018707660476	0.0137560825975977
IODOLM_02154	203.525305862246	-0.5076130654342	0.190103269732076	-2.67019639456811	0.00758068927585272	0.0137876543105285
IODOLM_00007	236.034182738011	-0.45872118194009	0.171862556844726	-2.66911647517576	0.0076051072104207	0.013826318717408
IODOLM_00717	704.883861340859	-0.40962104655059	0.153562811315625	-2.66744951490031	0.00764293709310866	0.013889324219038
IODOLM_00522	717.455890333758	0.585045595695956	0.21935820722716	2.66707867050583	0.00765137591206733	0.0138931207432393
IODOLM_00802	242.249943500956	-0.472870973470395	0.17729274369673	-2.6671761269557	0.00764915741497878	0.0138931207432393
IODOLM_02792	159.395374010944	0.500894350943753	0.187899601123744	2.66575526476973	0.00768155904229288	0.0139379078579194
IODOLM_03001	5572.60852014863	-0.625865221575856	0.234782986942102	-2.66571794544123	0.00768241173521516	0.0139379078579194
IODOLM_01798	18597.5996888289	0.4036489587115	0.151568762617999	2.66314081964779	0.00774150094849163	0.0140392905721506
IODOLM_00996	200.781113423757	0.641263698139913	0.240955009992199	2.66134204124112	0.00778298494811288	0.0141086752829089
IODOLM_01775	380.938388150927	-0.543425779676084	0.204275244505452	-2.66026253446281	0.00780797640555366	0.0141481179091937
IODOLM_02505	62.4227797431073	-0.726905442272629	0.273446038481497	-2.65831403632427	0.00785326778362892	0.0142242962835928
IODOLM_03576	58.3727694046597	0.736623321529673	0.277181214231202	2.6575513913264	0.0078710588828817	0.0142506221230825
IODOLM_03392	45854.0102506999	0.582783417980784	0.219454115199697	2.65560487416911	0.00791663131146846	0.0143272037299363
IODOLM_00190	14.3357668057803	1.48360716240478	0.559104249461239	2.65354299101537	0.00796516233884783	0.0144090741607268
IODOLM_01463	38.6362954707382	0.9196389790944	0.346871461785439	2.65123851458052	0.00801971848720553	0.0145017719421535
IODOLM_00690	577.100243995229	-0.460179350120509	0.173734642311238	-2.64874836704195	0.0080790460989285	0.0146030176492817
IODOLM_02699	12.8987504240994	1.5727480043515	0.593830424392929	2.64848000329272	0.00808546324478332	0.0146085826421023
IODOLM_01487	6.86703418833844	2.10498952031082	0.795876737680025	2.64486876001282	0.00817226064414319	0.014753223011044
IODOLM_02809	679.655299740872	-0.372392674408258	0.140796220382039	-2.6449053348009	0.00817137739321897	0.014753223011044
IODOLM_02914	83.1435233103154	-0.750183835320355	0.283686450051603	-2.64441193854657	0.0081832997060039	0.0147624438116376
IODOLM_02947	26.352636650383	1.02890226689008	0.389090434857737	2.64437820802837	0.0081841153306748	0.0147624438116376
IODOLM_04371	72.0524640814957	0.940186515522813	0.356058450772383	2.64053981441335	0.00827740661945247	0.0149245699904096
IODOLM_00119	116.012226520009	0.827659963654514	0.313705004883408	2.63833840955812	0.00833133956065803	0.0150151129646523
IODOLM_01093	454.849160694882	0.537063847128823	0.203571273122622	2.6382103864199	0.00833448569267375	0.0150151129646523
IODOLM_03215	1161.94062902955	-0.451192071541812	0.171228748477491	-2.63502522534132	0.00841310305556622	0.015150509864674
IODOLM_00175	354.927748148977	0.614493099038706	0.233253034422707	2.63444846734601	0.00842740953246373	0.0151700304870676
IODOLM_02449	25.2048518064616	1.0466861516267	0.397520919773825	2.63303413622163	0.00846258414242759	0.0152270839668023
IODOLM_01182	55.2698534119481	0.86129973039591	0.327197315005109	2.63235574039616	0.00847950248466658	0.015251254777189
IODOLM_00378	402.835133489506	0.478646109817737	0.18191593161547	2.63113904080424	0.00850992123082515	0.0152970697535826
IODOLM_04333	139.167764302449	0.505288775901168	0.192047798011724	2.63105737807168	0.00851196637339435	0.0152970697535826
IODOLM_03788	1273.89064850574	0.58086883663544	0.221055888152115	2.62770126365387	0.00859639721668878	0.0154424606815395
IODOLM_02948	80.6192574769821	0.695234849545919	0.264791082251907	2.6255976735822	0.00864969883758817	0.0155318350895715
IODOLM_03626	166.068145421011	-0.604759321852515	0.230566407813457	-2.62292901896535	0.00871774328121691	0.0156475982767043
IODOLM_04214	1827.40295820684	-0.638280530500486	0.243584611843004	-2.62036474993697	0.00878357638447565	0.0157592989989608
IODOLM_01107	747.878156554989	-0.386872681342783	0.147752988134186	-2.61837466861539	0.00883497398863066	0.015845018923872
IODOLM_00400	305.934554906136	0.415423781039091	0.158721494825779	2.61731268027107	0.0088625116451787	0.0158878946986079
IODOLM_04276	92.0944862017716	0.562035135229514	0.215129385000728	2.61254470293593	0.00898709382801875	0.016104636605819
IODOLM_04287	1253.02650437695	-0.564431983945532	0.216261885926335	-2.60994664652927	0.00905563449210783	0.0162208172482455
IODOLM_02036	83.9434854152964	-0.654301697153479	0.250952444599727	-2.60727365376775	0.00912663882670811	0.0163413140366918
IODOLM_01413	4547.95573445322	-0.560589870155653	0.215084826760127	-2.60636642109976	0.00915085092491967	0.016377964681983
IODOLM_03193	28.6582123214813	-0.977962793311507	0.375385041246268	-2.60522579713006	0.00918137308603121	0.0164258743354344
IODOLM_01973	65.455420356828	-0.713069589211481	0.273828763525512	-2.60407117218366	0.00921236241606671	0.0164745802749113
IODOLM_02909	49.4089876917997	0.976800413227014	0.375213205033636	2.6033209922328	0.00923254671962636	0.0165039315543648
IODOLM_03322	218.075267233754	-0.431525878580834	0.165774316223163	-2.60309249594443	0.00923870246560084	0.0165081919107674
IODOLM_03247	579.798804889089	-0.346672830798348	0.133403309485402	-2.59868238753316	0.00935823159803941	0.0167149475400084
IODOLM_00971	118.527423188959	-0.730163312721693	0.281262332045805	-2.59602239450529	0.00943099181973106	0.0168380335386141
IODOLM_03844	1731.14148407992	0.353120450420242	0.13605033002556	2.59551336886799	0.00944497285300266	0.016856117946468
IODOLM_01555	63.0772164654353	0.683134463701765	0.263308723565546	2.59442396913869	0.00947495673141023	0.0169027356937021
IODOLM_01005	955.581601089153	-0.34297524725253	0.132223757848439	-2.59390031589985	0.00948939958613142	0.0169216025219687
IODOLM_01779	5.34290318845189	2.18190172931433	0.841416854688231	2.59312814707377	0.00951073256049611	0.0169527355131287
IODOLM_01480	181.282618342247	-0.438086289439556	0.168980618574187	-2.59252388312938	0.00952745658800945	0.0169756311193523
IODOLM_01594	64.4477519679246	0.662922661342315	0.255749631495483	2.59207670199135	0.0095398499627491	0.01699079504965
IODOLM_00210	21.4700662221197	1.2758316054931	0.492895627102404	2.58844172141141	0.00964112596103193	0.0171641851934401
IODOLM_03350	29217.8398477475	0.481258212488521	0.186251514535123	2.58391569963725	0.00976856676551645	0.0173839968141114
IODOLM_04161	53.5702975606783	1.21932491498997	0.471934558759309	2.58367371568531	0.00977542247992818	0.0173870079904305
IODOLM_04211	33.9639095025264	0.893310408261892	0.345765160367585	2.58357553234169	0.00977820536207713	0.0173870079904305
IODOLM_01711	1460.98814969623	0.404528046980796	0.156660287168586	2.58219906456237	0.00981729399135686	0.0174494226263922
IODOLM_02448	35.1167515275186	0.946130323245352	0.366524885722287	2.58135357270728	0.00984137305829877	0.0174851191648865
IODOLM_03440	785.37685846935	0.315736368530886	0.122335639499385	2.58090258752826	0.00985423833674008	0.0175008713318079
IODOLM_01423	1050.95850515187	0.376579353151226	0.145943136553538	2.58031560814839	0.00987100557303838	0.0175235376826028
IODOLM_02286	894.669369478716	-0.377153326585599	0.146215803465661	-2.5794292931829	0.00989637158790098	0.017561444472285
IODOLM_01526	450.465804639944	-0.415584426259369	0.161321568985941	-2.57612437612472	0.0099914698949745	0.0177230126714262
IODOLM_01411	729.299648093355	0.462722785250473	0.179826864633373	2.57315716533156	0.0100775433299334	0.0178684479788447
IODOLM_03128	936.366249669104	-0.352345094629729	0.136957771610769	-2.57265499055495	0.0100921756689908	0.0178871448876079
IODOLM_00158	2961.583575597	-0.539961811303888	0.210049386996083	-2.57064216671081	0.0101510152809961	0.017984146910785
IODOLM_03854	52.297903787647	0.742068539986914	0.289322930707277	2.56484523426076	0.0103221834969507	0.0182799979695088
IODOLM_01789	1063.05699862645	-0.342162953275744	0.133429806248036	-2.56436671008642	0.0103364271803045	0.0182978176945843
IODOLM_00637	5.84151356353002	2.05795541996349	0.803541625494146	2.56110617629538	0.0104339462821817	0.0184629797536705
IODOLM_04229	12016.4500126914	-0.389394905909601	0.152149386918238	-2.55929329586357	0.0104885209776195	0.0185520484228224
IODOLM_01913	4276.20688522818	-0.307096453789772	0.120008472583745	-2.55895644014195	0.0104986895654244	0.0185625315306252
IODOLM_01706	279.983955892559	0.458920837197027	0.179428051535792	2.55768723601997	0.0105370815619224	0.0186159257744957
IODOLM_03195	10.0028742733776	-1.54869054681144	0.6055067342888	-2.55767683348801	0.0105373967420991	0.0186159257744957
IODOLM_00429	296.864188111789	0.61214958069565	0.239459550781628	2.55637989254349	0.0105767577493191	0.018677922482252
IODOLM_01170	2052.50690010694	0.321890016299883	0.126264988367566	2.54932123672192	0.0107932829664404	0.0190526043812599
IODOLM_00740	2989.53726508733	-0.46343442040957	0.181849847837921	-2.54844546706808	0.0108204202553427	0.0190928060634596
IODOLM_02033	757.558538322548	-0.314659299109631	0.123609395546778	-2.5455937044086	0.0109092080045224	0.0192417147230109
IODOLM_00412	1100.66551747832	-0.293127871036531	0.115230491482127	-2.54383945834334	0.0109641464047025	0.0193308237981379
IODOLM_01947	11.8985287850715	1.5604116172763	0.613592744688074	2.54307377455963	0.0109882025929391	0.0193654347751516
IODOLM_00929	1330.25771925325	-0.285570038726834	0.11245282730946	-2.53946517450353	0.0111022097830692	0.0195584822909464
IODOLM_03029	1340.73280975462	-0.30885697027537	0.121660285790449	-2.53868358329647	0.0111270407436721	0.0195943381466032
IODOLM_03282	150.434411595157	0.589800323501791	0.232516780319744	2.53659251040174	0.0111937163237421	0.0197038224588478
IODOLM_01100	644.78417006691	0.684456102435289	0.270006836320812	2.53495841720854	0.0112460674765208	0.0197880141846623
IODOLM_01917	493.111605192089	-0.423509705556343	0.167209906204405	-2.53280272185922	0.0113154616525409	0.019902114224887
IODOLM_02596	3442.66965826428	-0.277712090317525	0.109693424595576	-2.53171137049836	0.0113507381881721	0.0199561391367783
IODOLM_04403	2808.25590226167	-0.422020086669186	0.166760216568505	-2.5307000395734	0.0113835152916533	0.0200057280788252
IODOLM_03800	527.145552606377	-0.357992854654904	0.141613542317102	-2.52795635782689	0.0114728612290795	0.0201546530463477
IODOLM_04163	531.802809216925	-0.418356399241402	0.165558152044157	-2.52694533054356	0.0115059411737342	0.0202046543243423
IODOLM_02186	4.95865256443028	2.23344643202052	0.884710364572072	2.52449448029336	0.0115864824464502	0.020337925064447
IODOLM_01599	404.860744032886	-0.545845130662174	0.216247693226002	-2.52416625823476	0.0115973065683428	0.0203487624471002
IODOLM_01488	9.93336804510981	1.97271856849547	0.781796742653297	2.52331387542032	0.0116254584046693	0.0203899823562457
IODOLM_00627	112.141576468636	0.510514816716658	0.202639475815341	2.51932558877064	0.0117579875530033	0.0206101499080445
IODOLM_01458	240.267064232046	0.49490185971802	0.196447849677664	2.51925312763701	0.0117604077514596	0.0206101499080445
IODOLM_02389	78.8944803797329	0.586297753039421	0.232864043470817	2.51776849830789	0.01181009166406	0.0206889355972485
IODOLM_00035	11.0818638047788	1.77085311945493	0.703771469733288	2.51623317456452	0.0118616678014366	0.020770971708318
IODOLM_02747	157.939493450308	0.573267259966028	0.227969756738935	2.51466364734739	0.0119145992978747	0.0208553146109999
IODOLM_02937	28.8302359915093	1.02511666171683	0.407702615292549	2.51437352439168	0.0119244064470266	0.020864135390719
IODOLM_01921	803.989064115203	0.380467812805715	0.151327870859592	2.51419524139561	0.0119304365725605	0.0208663431021283
IODOLM_02455	50.3525597016234	0.934181107868903	0.371611803023688	2.5138628543759	0.0119416862297601	0.0208776743673312
IODOLM_03558	19.5193045435805	1.4786945049271	0.588762409571083	2.51153008563224	0.0120209038870924	0.0210077777196151
IODOLM_02469	1194.91299106677	-0.28255352478492	0.112576796244853	-2.50987356373485	0.0120774396193865	0.0210981540017705
IODOLM_00977	7.14288052306554	1.89314421626831	0.754361865031126	2.50959692426949	0.0120869040275719	0.021106261781586
IODOLM_00118	5.5933073866676	2.12701093248608	0.84798504144833	2.50831185518699	0.0121309551442983	0.0211747346276224
IODOLM_01404	709.64541465593	-0.34311765912413	0.136815139000968	-2.50789248638414	0.0121453615243424	0.021191428241835
IODOLM_03857	1515.27719741674	-0.310570848797503	0.123861894766788	-2.507396236609	0.0121624285445533	0.0212127490278857
IODOLM_03403	135.029665551428	0.534430724228939	0.213315934658552	2.50534834673455	0.0122330845953804	0.0213274813503525
IODOLM_03614	54.6367529825804	-0.81907832613766	0.327010217324322	-2.50474842296843	0.012253851853382	0.0213551794943845
IODOLM_03002	737.289001474042	-0.561328208543148	0.224149715853517	-2.50425572214412	0.0122709307831693	0.0213764303770497
IODOLM_00121	260.310219129203	0.382594000751725	0.152867831966159	2.50277639076101	0.0123223369581845	0.021448904745034
IODOLM_01075	497.814914916883	-0.49817157407571	0.199042813638936	-2.5028362741063	0.0123202523366846	0.021448904745034
IODOLM_01967	51.8868997733526	-0.976057848709271	0.390150105559665	-2.50174954408671	0.0123581315495737	0.0215026575192583
IODOLM_01427	20.5338953549681	-1.31337208636767	0.525252227233654	-2.50045981391607	0.0124032204005571	0.0215725327793473
IODOLM_04223	10226.7478681729	0.503645002521322	0.201483418629147	2.49968461895288	0.0124303911986825	0.0216112005901607
IODOLM_03026	397.223725123512	-0.381282507351154	0.152553599262446	-2.49933472035107	0.0124426724987177	0.0216239614195348
IODOLM_01361	851.866960140722	0.694326080176127	0.278153570888031	2.49619689569121	0.012553290057525	0.0218075416005277
IODOLM_03991	1008.33767971351	0.409559162667065	0.164143851150302	2.49512339205471	0.0125913336292186	0.0218649507783574
IODOLM_01188	1639.44883116888	-0.286367350468669	0.11499154546274	-2.49033395730349	0.0127623113371674	0.0221530640267531
IODOLM_00494	40.0746937264757	0.972458293446126	0.390752168153524	2.48868303928144	0.0128217217639045	0.0222473649638564
IODOLM_03284	554.944219250216	-0.369450980101015	0.148621660241605	-2.4858488291708	0.0129242853569584	0.0224164378605034
IODOLM_02692	1588.04693832846	-0.42303577271105	0.170387934661768	-2.4827800956142	0.013036153595353	0.0226015087691223
IODOLM_00048	909.789358576654	-0.420076634678544	0.169252786923771	-2.48194811035957	0.0130666301517154	0.022645375660953
IODOLM_03764	2407.698607801	0.577149342167571	0.232628965963891	2.48098657781575	0.0131019306531061	0.0226975647418813
IODOLM_03613	112.723587479372	-0.56932656858238	0.229490474784207	-2.4808287538632	0.0131077328546202	0.0226986303806165
IODOLM_02270	138.121117059401	-0.498996461121801	0.201263161228341	-2.47932337977972	0.013163190367387	0.0227856491486098
IODOLM_00253	572.378029864394	0.464920953394351	0.187548197664536	2.47894119583035	0.0131773028862207	0.0228010586912225
IODOLM_00394	38.5131354936671	1.11207576499767	0.449040551630449	2.47655976940114	0.013265541182049	0.0229446672777259
IODOLM_01762	728.425445541342	-0.429250520848166	0.173384124030393	-2.47571986909782	0.0132967861330202	0.0229896231205438
IODOLM_00799	355.496250685162	0.358086663784541	0.144728787884956	2.47419099556878	0.013353828452434	0.0230775539551471
IODOLM_00939	19.727228691898	1.2117556660734	0.489781436230078	2.47407430424573	0.0133581910805273	0.0230775539551471
IODOLM_04401	334.469423605545	-0.702034926397966	0.283860852387412	-2.47316570951402	0.0133922029650823	0.0231271823895818
IODOLM_00592	12.5024885023884	1.46536292833559	0.593205476609325	2.47024511087017	0.0135020501899023	0.0233076811167702
IODOLM_02008	586.427959757756	-0.321832477520916	0.130452947980222	-2.46703874848202	0.0136235614218095	0.0235081643461507
IODOLM_03400	2879.66437660997	-0.285257976797762	0.115849678833777	-2.46231133024594	0.0138044780582351	0.0238109562407713
IODOLM_03818	493.878764209222	0.370386494448904	0.150515399356474	2.4607880391806	0.013863224122476	0.0239028639716135
IODOLM_03717	14.4440081260353	1.39590296447696	0.567745215407508	2.45867851739628	0.0139449427718152	0.024034292859182
IODOLM_03212	189.013464039028	-0.47315197900995	0.192919687184176	-2.45258524889812	0.0141833767311906	0.0244356128250749
IODOLM_02005	18.6860106389698	1.0930737994	0.446338444809117	2.44897971956565	0.0143261514276264	0.0246655869711578
IODOLM_02236	394.680265506869	0.411846867249918	0.168174221161805	2.4489298324365	0.0143281357588398	0.0246655869711578
IODOLM_02656	1356.64961799846	0.329499043362583	0.134637450230017	2.44730602666392	0.0143928574506493	0.0247672607959265
IODOLM_03885	1386.59866452157	-0.73148141218821	0.298992341055964	-2.44648879501329	0.014425528126393	0.0248137229092358
IODOLM_00049	1022.11824510906	-0.306242700449231	0.12525668546067	-2.44492099821203	0.0144883874668062	0.0249120564065792
IODOLM_00359	1340.60239104615	0.291580430454035	0.119362435186076	2.44281569825117	0.0145731773767418	0.0250480063631665
IODOLM_01036	88.7728788702824	-0.568901007274562	0.233255769302343	-2.438957925783	0.0147296831223286	0.0253070645242677
IODOLM_02825	31.6243045260467	0.922421637173121	0.378421694054445	2.43754956881624	0.0147871867145949	0.0253958905271065
IODOLM_03852	240.958932883744	0.471896216813873	0.193675524406627	2.4365299552416	0.0148289411818857	0.0254576094986001
IODOLM_00806	27.4626074198615	0.908695868806642	0.373111430348512	2.43545438411752	0.0148730997526946	0.0255234056932515
IODOLM_01341	567.819949916445	0.489989897783119	0.201606114977822	2.43043172493563	0.0150808470978731	0.0258697714230862
IODOLM_01289	46.4748715408815	-0.68854738835217	0.283426327399469	-2.42936989894277	0.0151250922248098	0.025935502968561
IODOLM_02432	620.995813446483	-0.651197360048993	0.268193437347587	-2.42808834731113	0.0151786453010207	0.0260171374215693
IODOLM_04218	451.092673866089	-0.358050070436178	0.147480203598191	-2.42778394456033	0.015191390101267	0.0260287874248804
IODOLM_00363	1418.88287096752	-0.31079128759486	0.128054594140626	-2.42702176896174	0.0152233423775916	0.0260733253402508
IODOLM_02504	54.342354456126	-0.674402243939008	0.277893645434979	-2.42683578778272	0.0152311481419988	0.0260764883683047
IODOLM_01085	513.356125020561	0.3354703754874	0.138281303704232	2.42599951331768	0.0152662907518109	0.0261264326671586
IODOLM_02386	1177.84095637867	-0.365472055335819	0.150724990376564	-2.42476084704164	0.0153184741784004	0.0262054898376388
IODOLM_02159	18.3162075129066	1.15976287599483	0.47846826524629	2.42390762404659	0.015354510648726	0.026256873231272
IODOLM_03496	100.154418488726	0.501108391583076	0.206926826477536	2.42166953465299	0.015449392765521	0.0264088057585624
IODOLM_00344	370.195086285818	-0.42541219058775	0.176003685057309	-2.4170641111817	0.0156462610558306	0.0267348841781784
IODOLM_03276	11.0867147768372	1.48357197828418	0.614913043193682	2.41265329253537	0.0158368762821564	0.0270500275607792
IODOLM_03223	22657.9451443287	-0.290087366759688	0.120253503553419	-2.41229867062315	0.0158522897348199	0.0270657900427515
IODOLM_01668	92.0824146260508	0.603418832383351	0.250537591150993	2.40849618458926	0.0160183937213163	0.0273387250095477
IODOLM_01108	66.1318197373997	-0.650690885427809	0.27019771049439	-2.40820280911048	0.016031272595403	0.0273500385487265
IODOLM_00215	9.36494849902044	1.58590986297287	0.658698558999187	2.40764131226045	0.0160559471010229	0.027381459280622
IODOLM_00010	452.544183333144	-0.324717797665436	0.135402875748697	-2.39816027443983	0.0164776535613039	0.0280896813339563
IODOLM_02712	53.3665710011665	0.711063928569193	0.296778610046051	2.39594062543408	0.0165777754718237	0.0282493557105532
IODOLM_02137	736.438720640833	0.320224587529694	0.133702585198048	2.39505157701596	0.016618027472768	0.0283069241809393
IODOLM_01270	22.0782874977117	-1.16511325908395	0.486734240549506	-2.39373596928085	0.0166777495773025	0.028397600058473
IODOLM_04024	3.86467691524254	2.58403319465245	1.07970037807301	2.39328729259528	0.0166981603385722	0.0284212950764652
IODOLM_01288	13.1200914200907	-1.29731168152001	0.542433229270985	-2.39165230209728	0.0167727234261083	0.0285371064201593
IODOLM_00561	2.69273059082689	3.08454803450793	1.29012525979714	2.39089035044004	0.0168075716647673	0.028585283173347
IODOLM_03124	21.8826630637666	1.0616121588223	0.444200212548071	2.38994068177627	0.0168510941977443	0.0286481694674939
IODOLM_01770	1270.49982207	-0.267156708284949	0.111881204336319	-2.38786049783543	0.0169467731255302	0.0287996424067263
IODOLM_02864	810.274827548833	0.46413084498738	0.194493483373919	2.38635679168271	0.0170162332859818	0.028906458408174
IODOLM_00759	14.7202616908785	1.21872746575245	0.511275360738618	2.38370075959031	0.0171395329257575	0.0291046162526638
IODOLM_04060	3813.00900251099	-0.638066462152604	0.267775089317605	-2.38284473652364	0.0171794383243275	0.0291610636568104
IODOLM_01962	22.7778002634247	0.913362241435861	0.383516449089026	2.3815464593641	0.017240115914796	0.0292527131613599
IODOLM_02099	757.825845465629	-0.363709012899923	0.152767572792142	-2.38079984025662	0.0172750957280154	0.0293007050022463
IODOLM_03978	428.827954977478	-0.423916873660577	0.178202690233214	-2.37884665548986	0.0173668988748362	0.0294450017343212
IODOLM_03355	16514.7195315166	0.367590294210681	0.154670038370993	2.37660957533983	0.0174725709757839	0.0296126919403681
IODOLM_04055	10.0420625305591	1.47910932004638	0.623162927187643	2.37355153125309	0.0176179344670178	0.0298474956359542
IODOLM_00241	132.521183343229	0.482179164624076	0.203420561877067	2.37035607499438	0.0177709613105764	0.0300950954702332
IODOLM_00044	16.4729378764038	-1.19938123614542	0.50630086577499	-2.36891010310547	0.017840589222686	0.0302013224133362
IODOLM_00470	1147.99287160782	-0.292578564307094	0.123573515887864	-2.36764781033334	0.0179015677232148	0.0302928307644192
IODOLM_03361	13174.6178845289	0.256475860447993	0.108469838342594	2.36449011418209	0.0180549092086526	0.0305287027422967
IODOLM_03562	52.9232809930555	0.801253983060447	0.338865811170781	2.36451703490569	0.0180535970593855	0.0305287027422967
IODOLM_00722	35.9708786525998	-0.753047406351761	0.318972791200813	-2.36085154322041	0.0182330280086271	0.030812629344904
IODOLM_02601	700.018436382059	-0.323232209483326	0.136917975781346	-2.36077262783609	0.0182369081360378	0.030812629344904
IODOLM_04240	229.121778715069	0.59847477470917	0.253557812942387	2.36030894794456	0.0182597210484119	0.0308392664252607
IODOLM_04327	201.175557043905	-0.460712141859534	0.195374893619872	-2.35809286097892	0.0183690972597121	0.0310120253119214
IODOLM_03057	48.6899117622963	-0.751110328604699	0.318604063450165	-2.35750392029192	0.0183982610407861	0.03104928280543
IODOLM_03661	402.764361425983	-0.539312316812626	0.229058211099341	-2.35447711838948	0.0185487856495539	0.0312912436401111
IODOLM_01315	78.5223817089021	-0.602463403102857	0.255903295095437	-2.35426199915938	0.0185595245540267	0.0312972945851333
IODOLM_03528	38.41252240688	0.992734019852742	0.421996511432817	2.35246973128305	0.0186492075220486	0.031436414528692
IODOLM_01391	32.3610349867714	0.802191023736706	0.341346450587476	2.35007870260872	0.0187694419573492	0.0316269072026801
IODOLM_02151	442.818782940455	-0.504983529696019	0.215213808921954	-2.34642717502922	0.0189543698716974	0.0319262211541755
IODOLM_02261	1442.40551389116	-0.451753212845837	0.192583324952606	-2.34575456082197	0.0189886069587732	0.0319715829363569
IODOLM_00107	234.501194357686	0.397342689479818	0.16957509651705	2.34316652410024	0.0191208467836746	0.0321818559712924
IODOLM_00809	81.3073679733454	0.57671118807148	0.246229777087073	2.34216671474117	0.019172148797604	0.0322557951319935
IODOLM_04279	156.820788197111	0.470523697700798	0.201126375179704	2.33944303565552	0.0193125164614275	0.0324794665777121
IODOLM_03459	136.724414541451	0.470917401495398	0.201447067326983	2.3376731552563	0.019404209778637	0.0326211379144508
IODOLM_01874	123.523312716933	0.506304891489698	0.216656032094672	2.33690650841634	0.0194440458624351	0.0326755547980092
IODOLM_02775	145.810160210423	0.442509186557808	0.18964354964235	2.33337325415147	0.0196285637562644	0.0329603204134356
IODOLM_04107	1464.70596305751	-0.437382722674617	0.187443881200569	-2.33340624336843	0.0196268339048161	0.0329603204134356
IODOLM_04090	1423.68184284769	-0.374860623672105	0.160707071517408	-2.33257080807112	0.0196706825555864	0.033018376242135
IODOLM_01752	75.2866531915888	-0.678140885850635	0.291148902801282	-2.32918922010669	0.0198490437416547	0.0332997751136441
IODOLM_02874	865.635973841581	-0.272776738256739	0.117116587430687	-2.32910422204861	0.0198535450803239	0.0332997751136441
IODOLM_01184	61.8830745907069	0.787780030733304	0.338592929342223	2.32662871095302	0.0199850350785639	0.0335074764382358
IODOLM_04324	14.868288999114	1.22559513372489	0.527067647435749	2.32530898014243	0.0200554444587512	0.0336126483919936
IODOLM_02931	77.2825499431625	0.589185631475001	0.25377054189833	2.32172586726418	0.0202477011883054	0.0339218761102697
IODOLM_03547	1263.31443023283	-0.350221668697574	0.150902849068737	-2.32084199111473	0.020295373282562	0.0339887307632955
IODOLM_03787	585.552261411841	-0.390998902939197	0.16852413743982	-2.3201359097822	0.0203335262938178	0.0340395987229329
IODOLM_00653	12.6707846090946	1.26712986230286	0.546566481698921	2.31834535181188	0.0204305594994541	0.0341889592235607
IODOLM_04184	40.9273548897453	0.708666185782975	0.305717736991052	2.31804079396191	0.0204471041059175	0.0342035655839048
IODOLM_00499	6.59790718903384	1.85991255837303	0.802435037792481	2.31783567613111	0.020458253380352	0.034209139011242
IODOLM_00181	95.4823090885932	0.544927531406895	0.235526958611816	2.31365247791025	0.0206867926081237	0.0345780765672838
IODOLM_00525	19.7244899434711	1.06994535032562	0.462694755942504	2.31242160535438	0.0207544608748209	0.0346779384452907
IODOLM_03300	17.7938919658556	1.13946756298813	0.492899996903374	2.31176216300831	0.0207907935992038	0.0347253865611129
IODOLM_01604	10.4087674650244	1.553417943957	0.672042181543154	2.31148875267028	0.0208058737033477	0.0347373152712132
IODOLM_03110	16.4737858789254	1.12384472037761	0.486469143684268	2.31020761536114	0.0208766626426923	0.0348422104212134
IODOLM_00546	14.6809703928886	1.14247993739381	0.494690828022605	2.30948275705974	0.020916807427512	0.0348959013735388
IODOLM_00019	2065.62525563015	0.276193662836585	0.120071395718735	2.3002452930885	0.0214343271097249	0.035745661368962
IODOLM_01663	79.5655720371439	0.56277130265639	0.244699504484476	2.29984651518611	0.0214569171185581	0.0357697025945945
IODOLM_02905	71.7247994400299	0.612248150191383	0.26631002607283	2.29900525796932	0.0215046407421801	0.0358356084873496
IODOLM_00141	1176.3302458014	-0.296000575434673	0.128825754844732	-2.29768166925496	0.0215799136041562	0.035947355132009
IODOLM_01943	463.556526155287	0.332884729083011	0.144974660366291	2.29615801990464	0.0216668478727268	0.0360784346617399
IODOLM_02327	1250.6077027772	-0.331269336085739	0.144327491128571	-2.29526151598267	0.0217181416676825	0.0361500905050508
IODOLM_01518	255.165232836859	0.372102367711711	0.16214085670334	2.29493278423048	0.0217369766382343	0.0361676843227807
IODOLM_03030	76.169457553442	0.597521603476425	0.260507036945163	2.29368699779962	0.0218084841329878	0.0362590906405602
IODOLM_04017	1168.51921489223	-0.30946372626447	0.134912876214685	-2.29380423090251	0.0218017462992911	0.0362590906405602
IODOLM_02094	640.609759911029	-0.602654159520717	0.26304862903597	-2.29103706690792	0.0219612699250686	0.0364992469396507
IODOLM_00417	4393.04794986062	0.303721044114813	0.132600531626204	2.29049642855876	0.0219925553747263	0.0365234999316138
IODOLM_00629	685.502110134869	0.604973649834914	0.264117650979002	2.29054607896316	0.0219896806084481	0.0365234999316138
IODOLM_00338	433.5130359559	-0.451284160362795	0.197353630720845	-2.28667777083429	0.0222146381167975	0.0368783218509506
IODOLM_00679	3721.5732541515	-0.289397909477149	0.126595617500324	-2.28600258991121	0.0222541070438969	0.0369298340629855
IODOLM_00129	186.281486955933	-0.430075552673422	0.188328563063087	-2.28364484748579	0.0223924118173004	0.0371452593299873
IODOLM_01489	88.6643006216096	0.638297894492192	0.279596130396933	2.28292821358444	0.0224345972582205	0.0372011358855524
IODOLM_01896	218.722656816285	0.484068570489153	0.212064031607492	2.28265287054956	0.0224508239909559	0.0372043038263267
IODOLM_03180	2.69313171839179	2.93617824874466	1.28632650449626	2.28260728398386	0.0224535115185852	0.0372043038263267
IODOLM_00973	53.4290915557727	0.883930022930606	0.3875125913232	2.28103561722302	0.0225463393479677	0.0373439746353924
IODOLM_00970	4514.16925429216	-0.429599083873412	0.188497483808117	-2.2790706549204	0.0226628655911342	0.0375227770816508
IODOLM_00250	104.766934915094	-0.590863953492023	0.25933067507819	-2.2784190621255	0.0227016217420115	0.0375727294792143
IODOLM_04281	111.748407272495	-0.526881531183443	0.231437734482264	-2.27655845474853	0.0228126061795422	0.0377421416414656
IODOLM_03056	66.6813151241976	-0.628178432155272	0.276246985215727	-2.27397389211221	0.0229675563074385	0.0379841369619617
IODOLM_04062	538.657777163838	-0.338696312166545	0.148980009937546	-2.27343461923871	0.0230000019086591	0.0380234258981081
IODOLM_01103	229.291255916958	0.440582675746352	0.193810921484183	2.27326031150576	0.0230104977238111	0.0380264116462981
IODOLM_00006	60.840981805108	0.62437291019156	0.274976954095982	2.27063723301561	0.0231689475726003	0.0382738069375987
IODOLM_02349	110.061413995303	0.478764163097791	0.210943630052882	2.26963081548264	0.0232299923033172	0.0383601684223834
IODOLM_01088	3271.91741346366	-0.422118472951163	0.186012566536024	-2.26930083709917	0.0232500376741415	0.0383787871980548
IODOLM_01583	8.40884455114821	2.09082984615201	0.921884135582318	2.26799634081057	0.0233294297045713	0.0384953183963816
IODOLM_01390	14.2141595104299	1.18719017541563	0.523574210866796	2.26747259657842	0.0233613710844166	0.0385334941068251
IODOLM_01272	15.1110595512029	-1.13568647417822	0.500989682737468	-2.2668859525663	0.0233971935761952	0.0385780403501997
IODOLM_00572	3721.7868956603	-0.288870562513176	0.127460831458337	-2.26634770233395	0.0234301029107959	0.0386177515396018
IODOLM_03821	692.481875733973	-0.387547249550501	0.171032166302814	-2.2659319467681	0.0234555502536342	0.0386451385202949
IODOLM_02888	58.3386048295517	-0.633546984990304	0.279787231587274	-2.26438848333464	0.0235502316762901	0.0387719389824851
IODOLM_03969	560.825201759682	-0.621980940945166	0.274672550319837	-2.26444521019997	0.0235467459907592	0.0387719389824851
IODOLM_02296	83.2421013192968	-0.575845007269246	0.25463775571708	-2.26142822240803	0.0237327527683975	0.039043054930266
IODOLM_03843	1474.02795849145	0.357539265434125	0.158093446432557	2.26156917634567	0.0237240342124602	0.039043054930266
IODOLM_00295	8.13604928247138	-1.90377806815926	0.842507313695679	-2.25965761627432	0.02384250871729	0.0392088756658629
IODOLM_03197	10.6785516873802	1.36211458570465	0.603777604834509	2.25598726219399	0.0240714288735117	0.0395704630918434
IODOLM_02040	307.375501641715	0.374983671851981	0.166738398349366	2.24893411214302	0.0245166883160069	0.0402872805373061
IODOLM_03378	28.3598681299746	0.883077501179685	0.393982796343926	2.2414113239828	0.0249994436752906	0.0410651522233752
IODOLM_03630	124.135987395321	0.475040116622572	0.212237182965045	2.238251139532	0.0252046824427783	0.041386750607729
IODOLM_03230	1499.38147636848	0.319608851092914	0.142837595019326	2.23756813498345	0.0252492314768684	0.0414443499410263
IODOLM_02467	20.4594375045791	0.931268914804547	0.416421481874588	2.23636136784369	0.0253281095686398	0.0415582330230101
IODOLM_00606	5.0220681132142	1.95426695294213	0.875812383598218	2.23137625082801	0.0256562166445581	0.0420808111081658
IODOLM_00111	1153.21505259759	-0.59904206717555	0.268517087472021	-2.2309271741895	0.0256859533827919	0.0420980269674521
IODOLM_03608	1334.67758718093	-0.440481134914854	0.197441924335138	-2.23094024431803	0.0256850874903665	0.0420980269674521
IODOLM_01320	23.1653419352702	0.915552800946519	0.410470851688724	2.2304940708453	0.0257146606443707	0.0421292980081491
IODOLM_01314	22.9499606155415	0.976773899830823	0.439160319320415	2.2241852390998	0.0261359837630178	0.042803542270571
IODOLM_01895	312.346334488657	0.348291489171313	0.156722758979533	2.22234148657884	0.0262602364639912	0.0429909445441173
IODOLM_03527	287.658095812529	0.350533556059168	0.158035294278651	2.21807133437611	0.0265499689775712	0.0434490143028615
IODOLM_04257	3.30549487455668	2.43824696937873	1.09946980919243	2.2176570461445	0.0265782250909048	0.0434789955131961
IODOLM_03007	39.6478040970262	0.685772076232714	0.309485141008654	2.21584814701504	0.0267019037653557	0.0436649965908806
IODOLM_01438	38.6994663995644	-0.746196621526827	0.337068300438127	-2.21378462631137	0.0268435981346875	0.0438803083441885
IODOLM_00807	8.32135342868234	1.84837462713663	0.836440271676704	2.20981065800602	0.0271183057324272	0.044312810263294
IODOLM_00737	94.9573306638064	0.62999452269519	0.285117297545001	2.20959769231734	0.027133095616679	0.0443204279278041
IODOLM_01690	682.040626026796	0.28522045129986	0.129153789314805	2.20837849832381	0.0272178993819296	0.0444423610803448
IODOLM_04036	65.4431405545684	-0.59421864866019	0.269181766053258	-2.20749962886648	0.0272791728967845	0.0445257965670753
IODOLM_02081	296.417227622634	-0.429576491775704	0.194822122106211	-2.20496772713271	0.0274563592695683	0.0447982953630242
IODOLM_00671	167.747852409031	0.400186052766865	0.18150760796925	2.20478941485837	0.0274688751748691	0.0448020118394436
IODOLM_02863	819.82662087334	0.352674688975753	0.159972650978178	2.20459364034581	0.0274826224390875	0.0448077331570219
IODOLM_04050	151.684980353519	-0.651028984308171	0.295353437781034	-2.20423702936826	0.0275076788738783	0.0448318818443543
IODOLM_00574	546.920947408847	0.407908315022104	0.185259347848193	2.20182311856325	0.0276778053744673	0.0450923590166302
IODOLM_02281	37.5410291900763	0.756419320315824	0.343566251763706	2.20166944929174	0.0276886662616865	0.0450932651883663
IODOLM_02832	41.4120164959607	0.689830517440894	0.313579274562347	2.19986004624722	0.0278168261605703	0.0452851306840236
IODOLM_00386	57.4627963954762	-0.546833133328576	0.24884221023034	-2.19750954961541	0.0279840752119573	0.0455404660199052
IODOLM_03112	30.29209921406	0.923875203080389	0.421070507296971	2.19411045672881	0.0282274697108089	0.0459068323771603
IODOLM_03598	315.260575713133	0.335269855899522	0.152807086693104	2.19407269096671	0.0282301841697757	0.0459068323771603
IODOLM_02617	88.0305089317088	0.986483314645436	0.449893565508495	2.19270376434581	0.0283287293582931	0.0460499701604348
IODOLM_01369	675.63068395273	-0.466375796669186	0.21296500023025	-2.18991757408475	0.0285302151963678	0.0463602754174918
IODOLM_00590	8.63325809616312	1.47259556463793	0.672641104133576	2.18927382758562	0.0285769434535262	0.0464189697671235
IODOLM_03824	39.0911377921825	0.764254674513531	0.349978483330328	2.18371903107023	0.0289829004609254	0.0470609174089089
IODOLM_00410	315.41856685998	-0.401724305701545	0.184037286459649	-2.18284193072813	0.0290474526054836	0.0471455185765704
IODOLM_03132	755.136334934031	0.409374959958327	0.187563668166975	2.18259199107734	0.0290658701088674	0.0471455185765704
IODOLM_03179	15.6985822821491	-1.10537922388919	0.506457100993801	-2.18257226864852	0.0290673238390281	0.0471455185765704
IODOLM_04377	316.951430608593	0.392447377028084	0.179951639480951	2.18084913346749	0.0291945770655889	0.0473343717076759
IODOLM_02994	287.774589024883	-0.381847933632706	0.17519221128723	-2.17959423439585	0.0292875525663172	0.0474675296408164
IODOLM_02631	4235.55954823705	0.386408443492533	0.177357983539167	2.17869213317482	0.0293545465620161	0.0475584952815189
IODOLM_03566	695.036704974471	-0.416361844450429	0.191400337714306	-2.17534540128091	0.0296042426750643	0.0479452871747156
IODOLM_00921	16875.7701226076	-0.270883955648392	0.124570083877665	-2.17455064021966	0.0296638066424185	0.0480239799730756
IODOLM_02917	2.29597459151368	2.85324645171028	1.3128586849753	2.17330812856219	0.0297571341172685	0.0481572555093073
IODOLM_01983	85.3715621168521	-0.474898198861361	0.218748571862289	-2.17097736830176	0.0299328831829611	0.0484237696150231
IODOLM_03265	222.172679258039	-0.347581726532869	0.160142151553718	-2.17045745395944	0.0299722083903	0.048469469296361
IODOLM_02995	50.4253668563771	-0.69634171332387	0.321180958465896	-2.16806661468946	0.030153618521366	0.0487448225524557
IODOLM_00039	24.947204416641	0.803962685522631	0.370926971762065	2.16744196762899	0.0302011701557859	0.0488036634422891
IODOLM_00447	47.3608502884095	-0.908736859695737	0.419602577497539	-2.16570847852112	0.0303334707408074	0.0489993606355752
IODOLM_02771	20.4174758868998	0.903400094723369	0.417274500252807	2.16500192121982	0.0303875381430548	0.0490685855771247
IODOLM_03144	113.248057968009	-0.527427082873426	0.243959950829497	-2.16194125748961	0.030622704343879	0.049430082703362
IODOLM_00796	193.605233106343	-0.435102181619783	0.201325733914121	-2.16118512601764	0.030681041912331	0.0495059879824337
IODOLM_00322	343.098160140841	-0.34408838218313	0.159240170673569	-2.16081394994537	0.0307097140461832	0.0495339877132685
IODOLM_03264	12682.9509103305	0.314364912496405	0.145538654116086	2.1600097541486	0.0307719144709523	0.04961602716466
IODOLM_02303	87.0513770007442	-0.500534352625243	0.23179308503371	-2.15940157383232	0.0308190259099209	0.0496736859601524
IODOLM_02800	14.3719260944871	1.15122184569594	0.533209955476928	2.15904041901512	0.030847031320724	0.0497005187995171
IODOLM_00966	4765.02416474817	-0.466356104414592	0.216118115699123	-2.15787604341252	0.0309374705517686	0.0498278877933528
IODOLM_00742	33.0909645508694	-0.852333500579299	0.395190277424545	-2.1567673833829	0.031023793694784	0.0499118092677849
IODOLM_01904	14.6403767172083	1.14816550402982	0.532329854240587	2.15686851842599	0.0310159104980675	0.0499118092677849
IODOLM_04226	10064.9174396348	-0.310135907754501	0.143783070479973	-2.15697096131842	0.0310079271110225	0.0499118092677849
IODOLM_01070	5.42278547158601	1.70191098854162	0.790611867939413	2.15265044398757	0.0313461608951595	0.0503958685545306
IODOLM_02680	243.124601629329	0.400808044925807	0.186194511924387	2.15263082022833	0.0313477043431061	0.0503958685545306
IODOLM_03881	404.982927728273	0.338291329820927	0.157564869530402	2.14699717538023	0.0317935064884775	0.0510937878786551
IODOLM_02998	611.557884774507	-0.292686848969014	0.136351374848582	-2.14656323996763	0.0318280690738638	0.0511305544299662
IODOLM_02701	26.8078821904383	1.10302115069489	0.513942387731928	2.14619610490315	0.0318573362207996	0.0511587902026492
IODOLM_00709	5261.18846520313	-0.258854160640526	0.120646419101144	-2.14556024595737	0.0319080799928194	0.0512214813090894
IODOLM_02471	120.54517991901	-0.442895920009071	0.206930984247711	-2.14030741514714	0.0323299311266342	0.0518796401210676
IODOLM_03594	58.4852520559725	-0.854715554749834	0.399663794536294	-2.13858639795358	0.0324691800772021	0.0520839926751599
IODOLM_01301	5.18265887932915	1.75099907288532	0.820373496978701	2.13439254112177	0.0328106616463913	0.052612479063616
IODOLM_03444	70.243564873432	-0.526129556224543	0.24657243435876	-2.13377281038249	0.0328613826127612	0.0526745092723235
IODOLM_03037	331.11169441538	0.304237877123366	0.142623899692962	2.13314793508188	0.0329125925825197	0.0527372776056778
IODOLM_01120	122.695384408629	-0.558011665525961	0.262347280077774	-2.12699619130999	0.0334203996507369	0.0535313575664805
IODOLM_01174	11.5896623452531	1.34853598060663	0.635027185228735	2.1235877958845	0.0337046269394602	0.053947127829948
IODOLM_03200	21.5752768459262	0.885061124979366	0.416771441066419	2.12361269936036	0.0337025427562594	0.053947127829948
IODOLM_03923	27.1940899214653	0.838077809127334	0.394684257810104	2.12341331721054	0.0337192322305555	0.0539507715688888
IODOLM_03283	63.2129522064839	-0.519049176407451	0.244839432174356	-2.11995744230375	0.034009634441917	0.054395526431955
IODOLM_01972	35.1982738778482	-0.643158101480884	0.303616030775199	-2.11832721690867	0.0341473651641534	0.0545958604159063
IODOLM_03042	94.8073633504679	-0.556095947101348	0.262954253168902	-2.11480111235985	0.0344469020391862	0.0550546542452442
IODOLM_01577	36.5741005583229	0.912978391189891	0.431833793732842	2.11418931181359	0.0344991013882677	0.0551179509584007
IODOLM_00801	266.71713166195	-0.361663469891503	0.17112155789236	-2.11348864716975	0.0345589656969083	0.0551934430254273
IODOLM_04182	2429.93939136608	-0.398581826333686	0.188683320921431	-2.11243804904016	0.0346488943560387	0.0553168776731213
IODOLM_00304	85.1708549494602	0.488745264070863	0.231732131803976	2.10909579205138	0.0349363140115493	0.0557554012088037
IODOLM_01285	1965.3794906054	-0.410023485476498	0.19449827282091	-2.10810861983355	0.0350215950098243	0.0558711264174229
IODOLM_01109	55.708131504113	0.553451334637383	0.262563863412856	2.10787321394313	0.0350419577551135	0.0558832387523239
IODOLM_00314	1028.17140778537	-0.446158470700045	0.211922659810036	-2.1052891233999	0.0352661483136504	0.0562202786960052
IODOLM_04373	27.6435639159966	0.754587568123342	0.358764133718706	2.10329711697153	0.0354398053175043	0.0564765433610338
IODOLM_04037	11.6932626535552	-1.35378471042018	0.644019588786558	-2.10208623152433	0.035545722751224	0.0566247115978726
IODOLM_04135	8.37170111622535	1.49923790116145	0.713664291569213	2.10076070622072	0.0356619773630242	0.0567892332389351
IODOLM_00545	24.9962611668196	0.839580407234297	0.399962656037208	2.09914699425386	0.0358039448837952	0.0569945663192025
IODOLM_03441	4218.62741820846	-0.221523815993292	0.10554820949048	-2.09879274184441	0.0358351749437719	0.0570235365650713
IODOLM_01918	5219.46111046945	0.286832873120441	0.136703772637611	2.09820744216627	0.0358868244876367	0.0570849669058154
IODOLM_01924	101.862987325662	0.501918507650318	0.23957999270955	2.09499341732933	0.0361715776482634	0.0575170144581398
IODOLM_03533	76.1028499392462	-0.678588881539874	0.324371610950924	-2.09201070201715	0.0364375583636474	0.0579189086085438
IODOLM_00434	162.005621244097	-0.387758979322699	0.185383181712986	-2.09166212241969	0.03646875110694	0.0579334123912702
IODOLM_04379	657.605821132314	0.263319038874467	0.125892818492142	2.09161286583557	0.0364731606805186	0.0579334123912702
IODOLM_04078	33.6085221573851	0.701937755720952	0.336249989948453	2.0875472913131	0.036838690864801	0.0584927834631238
IODOLM_01436	258.853940764729	0.365176240640333	0.174956702020078	2.08723779325941	0.0368666447627536	0.0585159366999673
IODOLM_02277	149.99420416414	0.555864703078083	0.266404262002237	2.08654583414066	0.0369292079392518	0.0585939862009303
IODOLM_03326	43.846453404854	0.658041220148109	0.315443819336428	2.08608056272072	0.0369713260667835	0.0586395516013934
IODOLM_02802	32.8422720162127	-0.676909146385956	0.324565713280601	-2.08558427057493	0.0370162973890433	0.0586896077443672
IODOLM_03308	5081.45052831523	-0.435653903910964	0.209063530473629	-2.08383500902333	0.0371751776654753	0.0589201656878377
IODOLM_04296	590.483238428632	0.674560091675983	0.323943303752967	2.08233997696828	0.0373114268071245	0.059114700835618
IODOLM_00602	7.41959245418736	1.44181806004167	0.693020547717814	2.08048385403538	0.0374811750629217	0.0593621505882539
IODOLM_01185	33.6132484327827	0.696955827940709	0.335077542240311	2.07998370550559	0.0375270274613049	0.0594132677896782
IODOLM_02687	427.327302643316	-0.304339898659753	0.14633382630516	-2.07976451066818	0.0375471377488864	0.0594236075186716
IODOLM_02654	528.217323269017	-0.277963050279305	0.133789566172916	-2.077613809735	0.0377449432160084	0.0597150656230126
IODOLM_04326	16.7172318536145	1.05580051696838	0.508603889584534	2.07587975355603	0.0379050737019796	0.0599467302204058
IODOLM_01231	38.3213420555527	0.901012655873322	0.435104105914535	2.07079787026947	0.0383776893525407	0.0606722429937565
IODOLM_02711	11.7292644929672	1.14922773620668	0.555586898823286	2.0684932251655	0.0385936670183011	0.0609916528971057
IODOLM_04121	147.840098445826	0.422314976009846	0.2043088747278	2.06704176004344	0.0387302191538949	0.0611853570460087
IODOLM_00218	14.242881496642	-1.73091810058255	0.837693128134888	-2.06629139293099	0.0388009736387684	0.0612750128629557
IODOLM_02153	172.54711418434	-0.459407152585585	0.222559272257739	-2.06420136049672	0.0389986285834951	0.0615649345892404
IODOLM_03656	27.085521546048	0.791309849133691	0.383493541276727	2.06342418831687	0.039072343787	0.061659061093369
IODOLM_03211	220.071754183493	-0.339382535098422	0.164488416660474	-2.06326100031075	0.03908783728215	0.061661274674365
IODOLM_00477	537.180259056449	-0.301821724241619	0.146301529593224	-2.06301140583289	0.0391115445265401	0.0616764392245547
IODOLM_01351	30.4965067853257	0.699102183359145	0.339141638302473	2.06138705603477	0.0392661287465841	0.0618756137540699
IODOLM_02795	296.651676804291	-0.398702090613963	0.193401529733336	-2.06152501049861	0.039252979929225	0.0618756137540699
IODOLM_00745	12.274560368377	-1.2212657851925	0.59290618613388	-2.05979599092383	0.0394180480115914	0.0620926487036444
IODOLM_02518	648.542695714231	-0.286284804796986	0.139156165864377	-2.05729155455463	0.0396581892508654	0.0624484477012547
IODOLM_00530	5.95714341335888	1.53734875429495	0.749356132653539	2.05155958202552	0.0402124835906634	0.0632984993499076
IODOLM_03034	70.4595386788898	-0.859015705809465	0.41922719059974	-2.04904578011882	0.0404576385600957	0.0636614981441851
IODOLM_02804	61.9129369675363	0.546800037357081	0.266945313869733	2.04835975365319	0.0405247620061908	0.0637441978932749
IODOLM_02093	760.828808667471	-0.514849156752671	0.251389652053163	-2.0480125277543	0.040558771883908	0.0637747703068565
IODOLM_03596	474.831302044107	0.347545806956472	0.169940287375886	2.04510544452444	0.0408444636415731	0.0642009241722427
IODOLM_02077	55.9420866056507	0.573952538325469	0.280675480843114	2.04489731914376	0.0408649822872314	0.0642101122042817
IODOLM_04044	703.715090389887	-0.339817399579266	0.166477337178885	-2.0412231799102	0.0412286487015054	0.0647582795110509
IODOLM_03535	6.7106474811966	-1.51869940500463	0.745098310582069	-2.03825372227489	0.0415245653834724	0.0651996763968695
IODOLM_01966	67.075084306388	-0.579403622310959	0.284410351335037	-2.03721003680494	0.0416289984790887	0.0653402070819556
IODOLM_01627	8.33831485302327	1.69966204715312	0.834595570127847	2.03650978748037	0.0416991912979535	0.065426913273519
IODOLM_00474	6.05043117014104	1.62360926713103	0.797714878490655	2.03532529091476	0.0418181530276451	0.0655900493365501
IODOLM_00205	182.889139897699	-0.440250901018287	0.216355617951013	-2.03484848319477	0.0418661209577625	0.0656417575461012
IODOLM_02704	2410.88430854599	-0.307821763035719	0.151377718852153	-2.03346810461824	0.0420052527995274	0.065836313127053
IODOLM_03739	26.6624874251176	0.816825909081811	0.401886161603798	2.03248080456944	0.0421050051084031	0.0659690305601045
IODOLM_02140	634.357442086448	-0.320115165949701	0.157606011153829	-2.03111013092806	0.0422438239920108	0.0661628395809016
IODOLM_02162	63.5820907183745	0.559513751102878	0.275707351104737	2.02937552756919	0.0424200557825961	0.0664150855472775
IODOLM_00659	323.226818875926	0.337266097619875	0.166711164202836	2.02305645955136	0.0430673268704094	0.0674043713823002
IODOLM_03992	2168.81490722818	0.271372608874381	0.134202274908388	2.02211630957546	0.0431643374781865	0.0674886669381079
IODOLM_04133	5.16446914970029	1.61578684669204	0.799069247229447	2.02208613620701	0.0431674540127432	0.0674886669381079
IODOLM_04285	480.011184780314	0.437553172242448	0.216368584457253	2.02225832987734	0.0431496710968559	0.0674886669381079
IODOLM_03491	1007.5944242884	-0.251861922829427	0.124773902063484	-2.01854649621587	0.0435343768417972	0.0680380118070374
IODOLM_01751	75.6958252473663	-0.609351421845276	0.301995294811324	-2.01775137664306	0.0436171611619146	0.068143055067668
IODOLM_01014	106.279601538617	-0.615784593460039	0.305499978351552	-2.01566165988866	0.0438353673486675	0.0684584342925973
IODOLM_01877	90.5372508236493	-0.729565564177214	0.36197407989848	-2.01551880284309	0.0438503179438186	0.0684584342925973
IODOLM_00131	1698.95354987292	-0.245897717811418	0.122058783397125	-2.01458437457448	0.0439482160466746	0.0685868022183481
IODOLM_00604	13.0316673742619	1.11686653017526	0.555643132001099	2.01004289597348	0.0444266490110044	0.0693087401326757
IODOLM_01262	6099.95873467138	-0.247501805279536	0.123182025073413	-2.00923637301815	0.0445120720087945	0.0694172584142854
IODOLM_00099	369.285557419988	0.322325207573838	0.160478502029382	2.00852577446681	0.0445874499572878	0.069510039548661
IODOLM_00718	438.136717631823	0.486921546257612	0.242567996910849	2.00736103879594	0.0447112341793233	0.0696781911569511
IODOLM_01493	478.58925980913	-0.275748359968942	0.137411097173305	-2.00674010790528	0.0447773430198441	0.0697563734620285
IODOLM_03115	8.08084334653284	1.41799231986461	0.707652165038866	2.00379846189933	0.045091653677929	0.0702210236635648
IODOLM_00070	1060.78293261946	0.311964775608569	0.155706082154075	2.00354906688791	0.0451183865082154	0.0702376589683211
IODOLM_04131	25.572641397391	0.956018379488855	0.477355592713589	2.00273840734587	0.0452053740125372	0.070348050028045
IODOLM_00176	1510.41258119567	-0.328551955948788	0.164116078070197	-2.00194861961214	0.0452902578047337	0.0704550899941395
IODOLM_03305	783.557005432493	-0.456072038549205	0.227882032238695	-2.00135146272301	0.0453545274296371	0.0705299971684762
IODOLM_01475	25.563947207721	-0.902470589309629	0.451003984802507	-2.00102575524874	0.0453896144192902	0.0705594858610351
IODOLM_00665	5.31752203615957	1.65319888537286	0.828639757099294	1.99507550924179	0.0460346450082451	0.0715367921008809
IODOLM_00881	251.850901524066	-0.31273750943078	0.157017026314791	-1.99174265855601	0.0463993006329786	0.0720778628221208
IODOLM_00858	2039.13988050789	-0.227575574313882	0.114351264336345	-1.99014480193683	0.0465749867349705	0.072325103602637
IODOLM_02488	2942.52985721826	0.317898391094354	0.159748661256626	1.98999095575312	0.0465919318037718	0.0723257515336308
IODOLM_00023	5036.54840693221	-0.230984848117684	0.116092426186558	-1.98966337172157	0.0466280301551765	0.0723561205528555
IODOLM_02912	15.6515699764507	1.10558084923949	0.555750829456853	1.9893462872921	0.0466629939119386	0.0723847080321317
IODOLM_02875	190.248197255772	-0.374998890162799	0.188567962449054	-1.98866703172928	0.0467379672378916	0.072475317020912
IODOLM_00249	7.55585583193493	1.76986659479386	0.890167352866262	1.98824028885697	0.0467851211204013	0.0725227382298534
IODOLM_02960	787.629239683386	-0.265259023715777	0.133586528447583	-1.98567195957832	0.0470697604925611	0.0729381274488128
IODOLM_03997	181.410077514458	0.393916286395708	0.198402756081897	1.9854375724151	0.047095809224303	0.0729526588196637
IODOLM_04210	197.988446395142	0.426790472241548	0.215155107702012	1.98364090353202	0.0472958858972677	0.0732366584170005
IODOLM_03172	172.404698415631	0.500821652756515	0.252549064309104	1.9830667523026	0.0473599737801714	0.0733099558762045
IODOLM_04232	1063.20247838983	-0.309902743438633	0.156288206688599	-1.9828926955193	0.0473794167575589	0.0733141187167885
IODOLM_00259	36.3242483958975	0.688756492225672	0.347475703029707	1.98217166328544	0.0474600310236983	0.0734129005866751
IODOLM_01597	200.376717616766	0.455283077082422	0.229803256148845	1.98118636224864	0.0475703780436077	0.0735575880985255
IODOLM_02147	43.560275878686	-0.624966898623187	0.315487458910559	-1.98095639294609	0.0475961640661988	0.0735714637773529
IODOLM_00443	2.4856396631861	2.40600696846476	1.21491908694888	1.98038453285572	0.0476603366008558	0.073644644408667
IODOLM_01898	205.51064892761	0.500797126554777	0.253245123886652	1.97751932542213	0.0479829582607691	0.0741169874158579
IODOLM_00542	203.485488569475	0.407125686190535	0.205940102142178	1.97691310218667	0.0480514535523881	0.0741965987103917
IODOLM_01197	547.345867248103	0.287949230427426	0.145707798053446	1.97621015672617	0.0481309800347299	0.0742822358081945
IODOLM_04372	9.85986913284852	1.37165024880132	0.694111827238237	1.97612285942296	0.0481408639744149	0.0742822358081945
IODOLM_00632	20.728917063427	0.894049126549759	0.45269221021029	1.97496026303268	0.0482726576493643	0.0744430109791587
IODOLM_02777	310.492164670864	0.310289085028277	0.157116061948201	1.97490365517546	0.0482790825317304	0.0744430109791587
IODOLM_02691	178.593629705206	-0.344933386150081	0.174674511028362	-1.97472077705759	0.0482998437536387	0.0744487905128295
IODOLM_03745	540.192424834677	0.264606302561626	0.134018403394156	1.97440273768524	0.0483359670064531	0.0744782364859995
IODOLM_00237	548.332173701287	-0.379539800747681	0.192284202950395	-1.97384805888393	0.048399022321026	0.0745491452575887
IODOLM_01732	105.62816072067	-0.501569644442545	0.254388190119896	-1.97167032088302	0.0486472538290896	0.0748524552588242
IODOLM_03120	1527.61920904685	-0.256665549770835	0.130172019832783	-1.97174131660969	0.0486391444896254	0.0748524552588242
IODOLM_04385	33.3491232322761	-0.659410570890236	0.33441752118328	-1.9718182485087	0.0486303583846399	0.0748524552588242
IODOLM_01521	52.146791375997	0.699894243464519	0.355051371742585	1.97124782261635	0.0486955363001724	0.0748803001064675
IODOLM_02553	1108.05429636481	-0.372612400476602	0.189027006782069	-1.97121250989384	0.04869957360672	0.0748803001064675
IODOLM_02055	6.63104795119685	1.48715936341388	0.75456889232058	1.97087287661742	0.0487384182602337	0.0749137050603381
IODOLM_00371	299.668856437677	0.304829991098983	0.154691764514073	1.97056379863876	0.0487737908379402	0.0749417516526778
IODOLM_01673	166.693627480793	-0.352533045449227	0.17895225592787	-1.96998380166451	0.0488402270420609	0.0750174915886481
IODOLM_02305	132.108825513793	-0.368878909892909	0.187293361585309	-1.96952474327229	0.0488928640867663	0.0750193454571141
IODOLM_02672	1138.85843242017	0.227214044469691	0.1153602403006	1.96960446578152	0.0488837194436798	0.0750193454571141
IODOLM_03139	53.8440478420654	0.56591236326469	0.287305529516486	1.9697231870792	0.0488701040701023	0.0750193454571141
IODOLM_01832	400.096108758465	-0.300161888641435	0.152670385963658	-1.96607801013149	0.049289600092187	0.0756015737831792
IODOLM_01418	60.8344961334249	-0.49750879570606	0.253488696083942	-1.96264686903952	0.0496872207053163	0.0761787500899462
IODOLM_03311	2546.63788118168	-0.285562204021836	0.145507117938458	-1.96253082369904	0.0497007156094142	0.0761787500899462
IODOLM_01914	1376.92539197191	-0.462058287445696	0.235515842872311	-1.96189896106568	0.0497742488142788	0.0762647453821023
IODOLM_03409	456.133176813352	-0.35443258189051	0.180678195431426	-1.96167877946861	0.0497998939397764	0.0762773314247327
IODOLM_03989	598.243953915302	-0.335721111686336	0.171222180692099	-1.96073376900887	0.0499100876395392	0.0764193644193924
IODOLM_00430	538.002338441439	0.305924271778446	0.156080223906042	1.96004505966501	0.0499905238702545	0.0765157511214529
IODOLM_03816	30.358125862472	0.795731473969038	0.406451962805532	1.95775035376015	0.0502593135261652	0.0769002643323423
IODOLM_01718	689.641121806365	-0.355546710013394	0.181629222108445	-1.95754133550772	0.0502838568924764	0.0769109254671363
IODOLM_01484	2100.09489579979	0.350892732889466	0.179284169898643	1.95718748112474	0.0503254301216085	0.0769476178239549
IODOLM_01255	48616.148314778	-0.687500872991904	0.351410434216838	-1.95640426706192	0.0504175499046593	0.0770615432702722
IODOLM_01536	101.313500525075	-0.631476990327385	0.322875153650663	-1.9557930772543	0.0504895347233623	0.0771446242840201
IODOLM_00614	24.1756261291761	0.784940282804613	0.401947969856207	1.95284052084009	0.0508384954033535	0.0776236063799983
IODOLM_03930	4.55668005442234	1.65532999670031	0.847588429190806	1.95298795935742	0.0508210219479987	0.0776236063799983
IODOLM_02803	72.5646123626126	0.449672745541375	0.230321792166759	1.95236734358076	0.0508946072909005	0.0776821770160378
IODOLM_02169	502.106413858779	-0.602263533851009	0.308523882882851	-1.9520807537603	0.0509286178584073	0.0777069845705685
IODOLM_01578	11.3426940902494	1.26939207288634	0.651348933365578	1.94886643373665	0.051311377547165	0.0782637114487258
IODOLM_00860	473.174565644952	-0.265836772349556	0.13648131036111	-1.94778883384245	0.0514402354186145	0.0784055974196647
IODOLM_03813	70.7174406039198	0.507449709869396	0.260520997450506	1.94782652774774	0.0514357234674765	0.0784055974196647
IODOLM_01925	267.16364367035	0.296087209660314	0.152042783769098	1.94739403160345	0.0514875130583026	0.0784503332671074
IODOLM_03623	15.4958757462956	0.966020476901455	0.497936432511414	1.9400477929064	0.0523738818621019	0.0797730967729057
IODOLM_03125	10.6291563469182	1.12284837611923	0.579019179660641	1.93922484014662	0.0524739661794417	0.0798977299934715
IODOLM_04111	293.49252788139	0.4055968794344	0.209387549145269	1.93706302542853	0.0527376396614824	0.080271273446486
IODOLM_04409	155.296371945757	0.366749151585026	0.189634782449208	1.93397617698777	0.0531160569791688	0.0808191465023792
IODOLM_00068	555.304347255883	0.361606252584985	0.18728496059505	1.93078104849462	0.0535101349722969	0.0813904590332886
IODOLM_01724	3240.4596953284	0.291845656321567	0.151254309613627	1.92950308038875	0.053668438035402	0.0816028786806529
IODOLM_04076	75.8102805231753	0.522977564619146	0.271234612955412	1.92813726434361	0.0538380549743753	0.0818323475400716
IODOLM_03415	462.675738640487	-0.431978461146323	0.224092817145879	-1.9276765165798	0.053895374820898	0.0818910278528645
IODOLM_00168	485.592131021115	0.351416251781037	0.182342658944285	1.92723005036584	0.0539509665436469	0.0819470425529326
IODOLM_02806	112.227003123323	-0.447626399338659	0.23249075267459	-1.92535141371918	0.0541854095836438	0.0822745844337354
IODOLM_01001	556.190791942283	-0.312135083622004	0.162170010090434	-1.92473986680979	0.054261910291603	0.0823621642164602
IODOLM_00720	13.2712450791368	1.05668582650843	0.549393955889758	1.92336631151521	0.0544340620626751	0.0825948181644473
IODOLM_02130	18.2998547206884	0.904879193118448	0.470816480276258	1.92193610679791	0.0546137978479777	0.0828388143441076
IODOLM_00319	2.85040361245832	2.11202269989104	1.10016318631907	1.91973584115048	0.0548912745994851	0.0832267448162818
IODOLM_02325	25.1674410025383	-0.719289627516215	0.374706759128602	-1.91960675913335	0.0549075896445625	0.0832267448162818
IODOLM_01096	5.90927240820279	1.44734264162173	0.755060591971392	1.91685628545764	0.055256191978061	0.0837261413074774
IODOLM_02517	116.036844980425	0.512533111000001	0.267436806596293	1.91646436974433	0.0553060142473414	0.0837726266342562
IODOLM_04265	337.720028347775	-0.327775135330641	0.171089759852017	-1.91580802740122	0.0553895355939238	0.0838701064910072
IODOLM_04138	14.7588499398295	0.956119666310466	0.499160063298734	1.91545705798634	0.0554342405211504	0.0839087639296278
IODOLM_03486	225.378895553376	0.335817539064191	0.175424698374747	1.91431162302361	0.0555803501903083	0.0841008341745467
IODOLM_03450	728.376215401029	-0.34603052644403	0.180800074699808	-1.91388486436504	0.0556348687547353	0.0841542294057109
IODOLM_01748	2282.77715427226	0.200856654895169	0.104970950772253	1.91344989654282	0.055690481883558	0.0841801549991191
IODOLM_03675	1375.79567450223	-0.305524987148618	0.159665112218319	-1.91353629420845	0.0556794317623991	0.0841801549991191
IODOLM_02582	84.1338704643787	0.577463263745059	0.30184521709837	1.91311053160357	0.0557339037920036	0.0842166999288009
IODOLM_00170	168.303899545889	0.352356534458407	0.184373492770069	1.91110191147612	0.055991485570015	0.0845183652481496
IODOLM_00681	563.758649943351	0.303427607272408	0.15876608356969	1.91116137937118	0.0559838452984112	0.0845183652481496
IODOLM_03618	81.8461362147759	-0.452402470155266	0.236711479536462	-1.91119784744356	0.0559791604102735	0.0845183652481496
IODOLM_02228	98.8966224882047	0.474541754487651	0.248444320170032	1.91005274003801	0.0561264231006274	0.0846928370649467
IODOLM_02086	36.6841510269617	0.585562979670455	0.306810520395227	1.90854922092028	0.0563202678344182	0.0849560468953513
IODOLM_03931	28.9869930392697	-0.730567893962917	0.382839758634631	-1.90828637174057	0.0563542134539546	0.0849779593640611
IODOLM_02420	166.460507789569	0.475407396901943	0.249163465662069	1.90801406473741	0.0563893984641696	0.0850017250014489
IODOLM_04039	53.1451308757027	-0.525735269538067	0.275564295913118	-1.90784973719464	0.0564106402066149	0.0850044633416483
IODOLM_00203	38.5619367377449	0.611369493379391	0.320716641322286	1.90626058834605	0.0566164048616525	0.0852851592683619
IODOLM_01020	30.0865211956946	0.836039556338713	0.438929470521506	1.9047241356234	0.0568159399189978	0.0855562811718975
IODOLM_00829	309.554195233625	0.402892325484052	0.211673440663285	1.90336739565237	0.0569926223119992	0.0857928156991085
IODOLM_03555	48.84343206261	-0.580921227233791	0.305246154465747	-1.9031238190389	0.0570243905904933	0.0858111187152677
IODOLM_00583	565.560052620878	-0.404277920519586	0.212655790759458	-1.90109057964416	0.0572901492921727	0.0861517846400508
IODOLM_01396	25.8315957588027	0.916347059334579	0.482008675079497	1.9011007616895	0.0572888158653573	0.0861517846400508
IODOLM_04335	29.4110566964246	-0.644117298765499	0.339055838191559	-1.89973811452728	0.0574674958407402	0.0863887879763241
IODOLM_04100	876.226169056864	0.248199323432431	0.13079438706774	1.8976297759925	0.0577448691428223	0.0867759434646258
IODOLM_03611	16578.6078709023	-0.55990372402328	0.29565112072293	-1.89379875393064	0.0582517271247283	0.0875075722271922
IODOLM_04330	3.17850836155824	1.94399985884642	1.02832894329525	1.8904455344969	0.0586983984081156	0.088148315522963
IODOLM_02733	2008.33608062164	-0.254222741098368	0.134508714847564	-1.89000944203856	0.0587566972932535	0.0882055942899751
IODOLM_00888	89.4281128715495	-0.444408506362539	0.235970226788478	-1.88332448720704	0.0596564068786329	0.0895255269207468
IODOLM_02150	183.500357194761	0.347896086067817	0.184816345251495	1.88238808420546	0.0597833425946337	0.0896852612938351
IODOLM_02643	216.573250816818	-0.322862825745518	0.171629523603306	-1.88116134664431	0.0599499740137562	0.089904416135777
IODOLM_04301	138.755916605214	-0.373456252563101	0.198643390521385	-1.88003361996027	0.0601034960992301	0.0901037680473556
IODOLM_00660	2.35549404625887	2.32669543416614	1.2380458713948	1.87932893919742	0.0601995925828993	0.0902169236790299
IODOLM_03285	21.5222153805447	-0.830316529470272	0.442215907259763	-1.87762700490675	0.0604322087882351	0.0905229766662209
IODOLM_03795	3485.61975693653	0.281148490159637	0.149743630783896	1.87753221080488	0.0604451868872709	0.0905229766662209
IODOLM_00603	16.5568408645557	0.86539092630108	0.461149450957774	1.87659537380718	0.0605735719184224	0.0906842116712338
IODOLM_01367	3049.21535701586	-0.285190947351317	0.152176868706251	-1.87407553970522	0.0609200141626236	0.0911716764622575
IODOLM_04144	132.711657714467	-0.459052148180092	0.24503188762023	-1.87343840280726	0.0610078711754825	0.0912719467568928
IODOLM_01252	178.676645591865	0.354989656442241	0.189576455722657	1.87254084421526	0.0611318166898091	0.0914261209277528
IODOLM_03651	236.46139076484	0.326070852484285	0.174881850839914	1.86452082316289	0.0622486001389327	0.0930645282569079
IODOLM_00453	113.931063782363	-0.363999512684615	0.195341417893529	-1.86340161042044	0.06240578363321	0.0932676602387046
IODOLM_01553	124.192504666641	0.374083763538274	0.200920081993423	1.86185352816309	0.062623739011165	0.0935614482461106
IODOLM_00982	81.6473898271212	-0.460767155156996	0.24765709392371	-1.86050457048056	0.0628141724238148	0.0938139312377521
IODOLM_04072	1.90532326483728	2.56060851680719	1.37668466655758	1.85998186731463	0.0628880914313631	0.0938922852622467
IODOLM_01903	51.2145336872585	0.582109026317516	0.313009544353458	1.85971653842026	0.0629256409024718	0.0939163044301557
IODOLM_03970	83.8801073641799	0.490339888157105	0.263746384575795	1.85913406527167	0.0630081377881318	0.0940073682103187
IODOLM_02085	611.481859422558	0.261142673930915	0.14074198552937	1.85547100922787	0.0635289954080325	0.0947521758369292
IODOLM_04228	45.8166300193948	0.590184421852221	0.31832258948017	1.85404505164402	0.0637327149052579	0.0950236321722005
IODOLM_00934	225.151242818904	-0.332160962176493	0.179275469693857	-1.85279649660778	0.063911532580591	0.0952577883421888
IODOLM_01143	426.261564040918	-0.292971842817435	0.158212662845477	-1.85175976150262	0.0640603281512237	0.0954470534524191
IODOLM_00054	339.464200237283	-0.306936896406852	0.165822547718738	-1.85099614394701	0.064170107850808	0.0955780775885418
IODOLM_02197	32.415182229412	-0.669276004823197	0.361655473960655	-1.85059000350153	0.0642285589321335	0.0956325872361403
IODOLM_01721	743.250076550343	-0.252731216796547	0.136717446806982	-1.84856594896299	0.0645205133513441	0.0960346144304361
IODOLM_00797	334.207840702194	-0.389721199777805	0.211288175984641	-1.84450075335089	0.0651101961364914	0.0968793669817363
IODOLM_00454	82.2922511273266	0.443990848460734	0.24119725856945	1.84077900011824	0.0656539514245227	0.0976552316226075
IODOLM_00401	304.825447068799	0.296584760500575	0.161262516493993	1.83914257912267	0.0658942177208286	0.0979793057242086
IODOLM_02193	134.032479068865	-0.471245133280087	0.256254721335748	-1.83897151562198	0.0659193757746097	0.0979834199693248
IODOLM_00361	716.944757594672	-0.256427977089208	0.139480738798159	-1.83844722431734	0.0659965318293428	0.0980604373653078
IODOLM_00483	16.7091047808684	0.911016452826228	0.495571472199552	1.8383149634961	0.0660160074218914	0.0980604373653078
IODOLM_02117	63.9940413719179	0.501354799980066	0.272802079035284	1.83779684433864	0.0660923468205778	0.0981405190657783
IODOLM_04189	305.404310365458	-0.318797908496898	0.173581473481657	-1.83658948217528	0.0662705211875703	0.0983717098768005
IODOLM_03105	9.95373428551383	1.22007419350384	0.664514375746707	1.83603882479271	0.0663519147877229	0.0984591316076892
IODOLM_03559	581.008408691565	-0.248188991066054	0.135383783537212	-1.83322540249318	0.0667690576893754	0.0990445411690531
IODOLM_03388	881.007385242744	-0.346307330547135	0.188951483036736	-1.83278440042624	0.0668346399173647	0.0991082291692267
IODOLM_03935	206.52191996509	0.387122797836872	0.211246780910808	1.83256187937047	0.0668677515600466	0.0991237401174674
IODOLM_03146	69.8287706329247	-0.724718127757566	0.395962629974519	-1.83026900241622	0.0672097241284167	0.0995969362634444
IODOLM_03950	50.8897148665174	-0.490882480479615	0.268443780638093	-1.82862303351854	0.0674560996866631	0.0999281964214074
IODOLM_01687	268.390547421354	0.291048213379406	0.159211327954291	1.82806221843062	0.0675402144030735	0.100018943562724
IODOLM_00229	61.8618328957472	0.622913127623584	0.341130702253646	1.82602481543986	0.0678465239792662	0.100438561885409
IODOLM_02433	169.348128287846	0.521227134429011	0.285561528154506	1.82527085422724	0.0679601661454643	0.100572772084055
IODOLM_02882	1199.20181557558	0.270150991267626	0.148081006309382	1.82434599818431	0.0680997804887083	0.100745314205067
IODOLM_03759	7593.24879785084	-0.189000499877439	0.103621489495861	-1.82395081171834	0.0681595088923485	0.100799598145629
IODOLM_00051	1131.94661093386	-0.240008349823746	0.131879847264306	-1.81990163624268	0.0687739857096552	0.101673973468058
IODOLM_02615	481.657904294726	-0.40809314253138	0.22442556800588	-1.81838970558242	0.0690045906605848	0.101980441989436
IODOLM_04239	440.047158656552	-0.401187016091119	0.220649897513219	-1.81820621995568	0.0690326197042382	0.101987421953324
IODOLM_00423	870.98966496251	-0.274714352975115	0.151226765385939	-1.81657229971181	0.069282628101542	0.102322234415237
IODOLM_04002	104.646889873032	-0.396191416706088	0.21814636866134	-1.81617241275812	0.0693439284964919	0.102378215621002
IODOLM_00523	17.6659589876345	-0.84077428561535	0.462998618257783	-1.81593260208659	0.0693807114692537	0.102397974161705
IODOLM_03383	7.58818125078462	1.25815608567367	0.693111972484879	1.81522774907934	0.069488916979177	0.10252309531385
IODOLM_00369	451.512696551824	0.257932584275457	0.142126905565232	1.81480475670437	0.0695539191598485	0.102584411945904
IODOLM_02458	208.093521751737	0.383763392791437	0.211500097613702	1.81448328923406	0.0696033531649491	0.102622733642122
IODOLM_01695	800.01502437191	-0.297274433922618	0.16385853002913	-1.81421396780363	0.0696447905608738	0.102649243346037
IODOLM_02201	80.719790538336	-0.473231064407232	0.260930573645137	-1.81362826822595	0.0697349753484732	0.10274755963802
IODOLM_00436	706.554411104451	-0.286746478962782	0.158165263953131	-1.81295482836076	0.0698387886674015	0.102865883274503
IODOLM_01936	39.8608964114076	-0.657517385070433	0.36345338892569	-1.80908310420203	0.070438093534683	0.103713693575967
IODOLM_00552	309.446672902457	0.336784485562499	0.18641532648581	1.80663517271545	0.0708191816176124	0.104239737221215
IODOLM_01629	38.2914941033713	-0.568571376740438	0.314834769765357	-1.80593578391671	0.0709283707881898	0.104365349888742
IODOLM_04202	794.998844260531	0.33440626809185	0.185408334818104	1.80362047056796	0.0712908247340925	0.104863411440803
IODOLM_00701	48.6176062883754	-0.585992845305908	0.325544910176347	-1.80003688274062	0.0718548146227453	0.105657482792047
IODOLM_00294	54.4775045148941	-0.491255260559676	0.273344828733442	-1.79719975986352	0.0723039126602747	0.106282136983998
IODOLM_00199	212.9655618216	0.297413394102564	0.165644768975087	1.79548920224154	0.0725757915918226	0.106645958363269
IODOLM_02881	1321.77369699335	-0.239003949840556	0.133187350920425	-1.79449435842712	0.0727342982734269	0.106842997396615
IODOLM_01817	170.06876153478	0.369210868447435	0.205891512789753	1.79323015040672	0.0729361309530404	0.107103526527015
IODOLM_02383	422.929486097645	-0.241704079866322	0.134887018598261	-1.79190023160195	0.0731489488803442	0.107380006809925
IODOLM_00985	1168.23027928034	-0.216657471334109	0.121005609411017	-1.7904746101331	0.0733776453723702	0.107679603001171
IODOLM_03855	71.2972152667181	0.415455102284645	0.232197357044116	1.7892326922813	0.0735773486915352	0.107936465931665
IODOLM_02665	2508.41494854471	-0.206706998998971	0.115564301544242	-1.7886751898019	0.073667140838835	0.107995781678641
IODOLM_03155	152.989536275322	0.478370768800296	0.267428560799286	1.78877965528644	0.0736503086597235	0.107995781678641
IODOLM_00520	107.979519768801	0.363261748490054	0.203669407896318	1.78358523374792	0.0744910867786287	0.109130564359986
IODOLM_03593	538.680896912574	-0.290328328419321	0.162773958710125	-1.78362884775906	0.0744839948305666	0.109130564359986
IODOLM_02276	34.763438756327	-0.568740095415678	0.319374061109057	-1.78079614055279	0.0749457601665099	0.109759921850284
IODOLM_01483	171.415967472687	0.315282965603932	0.177170992323072	1.77954055271651	0.0751511825478049	0.110023946078687
IODOLM_03375	38.7868265932089	0.608824922304532	0.342301512297136	1.77862177183734	0.0753017922131873	0.110207572817695
IODOLM_01466	50.7918567550708	-0.687783572306589	0.386739217746728	-1.77841692992463	0.075335404162382	0.110219902579266
IODOLM_01626	20.8602614248649	-0.713722778570263	0.401606505622839	-1.77716936498171	0.0755403782223984	0.110482852640781
IODOLM_03351	10089.2556061594	0.358536616597422	0.201841386032027	1.77632855008502	0.0756787801289181	0.11064829329908
IODOLM_02785	16.1529481131517	0.855383445093119	0.481747555679453	1.77558440101827	0.0758014429585489	0.110790619367605
IODOLM_04056	74.0568229784326	-0.604138067006146	0.340418543865252	-1.77469200163573	0.0759487567094997	0.11096886790009
IODOLM_00549	7896.81947818805	0.28386088216218	0.160097908163147	1.77304554081314	0.0762211609082936	0.111329706319991
IODOLM_01987	9.26998972699627	1.25597456263558	0.70877849546436	1.77202690357123	0.0763900914080198	0.111539219219718
IODOLM_03774	1597.66054700215	0.407374593320677	0.230004726848898	1.77115748402989	0.0765345170893584	0.111712824143773
IODOLM_01256	199.220707541694	0.361450888213053	0.204155789425871	1.7704660212161	0.0766495399540265	0.111810951890697
IODOLM_03556	62.7102363651491	-0.543542536234605	0.307008792121983	-1.77044615718575	0.0766528463601668	0.111810951890697
IODOLM_03405	199.675150811522	-0.414614205617709	0.234724112890658	-1.76638948811727	0.0773305274427917	0.112761875404751
IODOLM_01756	8.64129609837951	1.3199502328116	0.749035920332437	1.76219884384954	0.0780357073836582	0.113752250336738
IODOLM_02445	54.3949172010135	0.562583465694269	0.31947919037729	1.76093931197799	0.0782486752684339	0.114024709615274
IODOLM_01535	2.23842239312369	2.12142220863637	1.2048565284379	1.76072599397939	0.0782847909382822	0.114039362565221
IODOLM_00156	6076.3026633234	0.307664518696913	0.175002704630145	1.75805579317839	0.078738016561779	0.114661417795123
IODOLM_00656	7845.59261536019	0.285270779755366	0.162376472591659	1.75684799159764	0.078943722426633	0.1149224673324
IODOLM_03245	140.331638353766	0.399251054559563	0.227273969191051	1.75669504070633	0.0789698033063363	0.1149224673324
IODOLM_00663	53.7262888784225	-0.619668220939976	0.353033935350684	-1.75526531273667	0.0792139367823183	0.11523942398917
IODOLM_01311	17.2643792642826	0.90084560663915	0.514108135818566	1.75224927184787	0.0797309546324456	0.115946827767259
IODOLM_03238	839.057919399001	-0.268068173062238	0.152996475124437	-1.7521199285422	0.0797531882037133	0.115946827767259
IODOLM_02959	1059.274966208	-0.302593490437258	0.172816450306194	-1.75095304816831	0.079953997935017	0.116200164385133
IODOLM_01865	1727.67948237722	0.407223841038888	0.232731454497891	1.74975850134851	0.0801599942464763	0.116460868134987
IODOLM_00167	361.012145970443	0.247956149855127	0.141947753460006	1.74681278013315	0.0806698189821138	0.117162671047371
IODOLM_02638	137.792142807301	-0.406424730178641	0.232749175702721	-1.74619192077289	0.0807776082430748	0.117280296506866
IODOLM_00758	13.0241579684216	0.948624541540869	0.543413740184654	1.74567639975118	0.0808671982430149	0.11735356702106
IODOLM_03356	10548.7237974843	0.250300219236827	0.143389797624854	1.74559294582227	0.0808817088975128	0.11735356702106
IODOLM_01018	376.042640976284	-0.294276988132402	0.168903867466182	-1.74227501446243	0.0814603332634084	0.11815393382853
IODOLM_04216	353.207345617666	-0.370621470859835	0.212758833807076	-1.74197923643398	0.0815120775728317	0.118189811616538
IODOLM_03477	136.21834458792	0.426513620910349	0.244987892410507	1.74095795801889	0.0816909481957923	0.118409933522619
IODOLM_01336	1688.028731344	0.281449730544416	0.161761226476659	1.73990848533179	0.0818750884936033	0.11863754544636
IODOLM_02046	219.288181630134	0.304122463188182	0.174997626242392	1.7378662197791	0.0822343891145284	0.119118731137099
IODOLM_02351	32.2718593901875	0.710695110565617	0.409262770695922	1.73652518981175	0.0824710143418538	0.119421958557231
IODOLM_00556	61.364714623052	-0.536871412689915	0.309481697431469	-1.7347436605966	0.0827862192308398	0.119838734817782
IODOLM_03051	13.3622356599725	0.889750198377524	0.513983121578177	1.73108835878805	0.0834360063219333	0.120729149225499
IODOLM_03766	7926.48615278066	0.384250827582405	0.221985401843738	1.73097340812028	0.0834565074056523	0.120729149225499
IODOLM_00847	597.76286970256	0.231534842022242	0.133874010338069	1.72949806641	0.0837199922592817	0.121070286228228
IODOLM_04000	15.518770575737	-0.794925345109612	0.460357507661648	-1.72675655741421	0.0842113935282893	0.121740686514633
IODOLM_00458	6.25937997578928	1.33138296657341	0.771462104472601	1.72579179049059	0.0843848772903452	0.121951196506787
IODOLM_00139	1432.10701430324	0.260046691819527	0.150804778701489	1.72439291419456	0.084636935876196	0.122275084646495
IODOLM_01804	31.0221961885819	0.719589562411898	0.418213143404963	1.72062876014183	0.0853182111499334	0.123218644221818
IODOLM_04081	79.2565997028809	0.42679405098423	0.24870283155831	1.71608038521333	0.086147330738753	0.124375031116062
IODOLM_03023	778.949492953097	0.21680835491325	0.126655237335622	1.71179936553854	0.0869336490453913	0.125468881339918
IODOLM_04171	102.498988344226	0.385167388337472	0.22512996627862	1.71086681486369	0.0871057019023454	0.125675750585118
IODOLM_01514	79.2898543877994	0.448588095635368	0.262399528924434	1.70956136039616	0.0873470159485248	0.125982380286996
IODOLM_03922	36.3042073007121	0.621492110183555	0.364050874054015	1.70715730816057	0.087792817689344	0.126583647515179
IODOLM_01068	74.0175944872973	0.469883156640087	0.275306026393224	1.70676669448908	0.0878654251762263	0.12664660756626
IODOLM_02836	27.1934556203635	-0.626487358650837	0.367411115581795	-1.70513991570123	0.0881683327291751	0.127041364511976
IODOLM_03975	480.102066101289	0.35658578541068	0.209305029795168	1.70366562982096	0.0884435727215263	0.127396008633772
IODOLM_01330	680.554907083489	-0.238964667124355	0.140464454913115	-1.70124653437889	0.0888967030203561	0.128006572035893
IODOLM_00066	535.00660414312	0.267821162191622	0.157565278442951	1.69974733544224	0.0891784614619867	0.128370048472912
IODOLM_00013	2.74381540768685	1.9267098809578	1.134040160914	1.69897852595004	0.0893232297880108	0.128536157037927
IODOLM_02943	48.3049523536656	0.503442444995961	0.296550413607237	1.6976622587441	0.0895715248589655	0.128851082440116
IODOLM_00461	31.6613156413812	-0.59461166659521	0.350404186832945	-1.69693082713846	0.0897097390553106	0.129007498556043
IODOLM_00610	51.2461085995295	0.498360407357541	0.29374490847921	1.69657547406583	0.0897769499189794	0.129061738779715
IODOLM_03213	72.7281049401038	-0.453996188455925	0.267717207758378	-1.69580503344286	0.0899228089470548	0.129228969442467
IODOLM_00872	89.1777823826592	-0.367720956722865	0.21706348431414	-1.69407101284106	0.0902517897729773	0.129659170074376
IODOLM_03768	35.2051126389637	-0.54578793739864	0.322386021611973	-1.69296402700597	0.0904623147042491	0.129918965915915
IODOLM_04235	8.9655047534407	1.29168336273992	0.76351136108385	1.69176704968254	0.090690398471529	0.130203800430253
IODOLM_01269	194.592380671878	-0.401887927163521	0.237617991977518	-1.69131943174381	0.0907758107143007	0.130283682415802
IODOLM_03303	1641.01974007996	-0.25855365330423	0.152888835521242	-1.69112186918519	0.090813529199309	0.130295083205304
IODOLM_01783	7.65120170116864	-1.16973111837335	0.692696454326871	-1.68866335473024	0.0912839620177088	0.130927111697638
IODOLM_03455	208.483014831443	-0.279204165890115	0.16547794547632	-1.68725907906603	0.0915535457863153	0.131270745858754
IODOLM_03557	30.5198221813643	-0.61359868665478	0.364626419350844	-1.68281466753613	0.0924109747024486	0.132456739370427
IODOLM_01503	157.955766439438	0.381469346792276	0.226719050993334	1.68256414765732	0.0924594970809931	0.132482894311207
IODOLM_00839	855.218479838532	0.350803639174268	0.208628246211484	1.68147719949034	0.0926702615323782	0.132741428630339
IODOLM_03123	340.122876337327	-0.23864483616033	0.141970961973182	-1.68094117869969	0.0927743404515246	0.132847026772209
IODOLM_01388	10.4918947588996	1.04432590264581	0.621946257231191	1.67912563264708	0.0931275615960269	0.133265601551411
IODOLM_02555	9.25375571860149	1.14492500731374	0.681855120665619	1.67913237374544	0.0931262480972278	0.133265601551411
IODOLM_03420	66.7183148236011	-0.480056946902725	0.285975860229433	-1.678662480524	0.0932178421056346	0.133351185699332
IODOLM_03658	688.275947028699	-0.23071996943445	0.137653888014793	-1.67608756106952	0.0937210428582143	0.134027216845603
IODOLM_00257	62.1056209741317	0.54457129656515	0.325066712901958	1.67526010800557	0.0938832087256338	0.134215263437887
IODOLM_00072	1121.96962364401	-0.305121668708597	0.182167747002156	-1.674948906872	0.0939442567313791	0.134258676504414
IODOLM_01294	34.3348451888155	-0.631997854612633	0.377510539949442	-1.67411976019868	0.0941070649848751	0.134447442498796
IODOLM_01462	89.2810735018579	-0.420600275978417	0.251296613118734	-1.67372043243452	0.0941855562195718	0.134515663843618
IODOLM_02205	265.867349718978	0.270870620708855	0.161978856613744	1.67225912302106	0.0944732364581263	0.134882506603837
IODOLM_01441	90.0677476014243	0.371873329364384	0.222604368197642	1.67055719694688	0.0948091729462676	0.135317984609546
IODOLM_03927	51.8529605263482	0.486185096725823	0.291083743885461	1.67025849755846	0.0948682306587623	0.135358127604416
IODOLM_01678	15.0727962353567	0.886460910998502	0.531582193865129	1.66758954914019	0.0953972342932738	0.136027515983783
IODOLM_02282	207.742650084003	0.28309395127537	0.169763556905027	1.66757787381743	0.0953995536001443	0.136027515983783
IODOLM_03022	973.854380240431	-0.305936015235497	0.183754621561502	-1.66491603114919	0.0959295094033158	0.136694084385839
IODOLM_03199	15.2842243563352	0.790684614661222	0.474865309282251	1.66507133539893	0.0958985247272762	0.136694084385839
IODOLM_03488	54.8340879980075	0.46103935049141	0.277246263344173	1.66292358616598	0.0963277324126908	0.137216847994119
IODOLM_01595	35.7027419463457	0.610141324799145	0.367070133745688	1.66219277654951	0.0964741279058555	0.137380665055654
IODOLM_00918	828.01367479752	-0.247162482448058	0.148752078565092	-1.66157330258685	0.0965983600229112	0.137512824808152
IODOLM_02119	46.5074121300021	0.597010642937356	0.359341569613715	1.66140155612703	0.0966328254851826	0.137517152625418
IODOLM_01296	14.7607715588972	-0.867177914352231	0.52201689044029	-1.66120662038506	0.0966719564068236	0.137528114836235
IODOLM_04242	218.487568170779	-0.32374380373142	0.195076017780255	-1.65957767343859	0.0969994429094098	0.137949158976788
IODOLM_03130	3313.66985338548	-0.168832809819241	0.101776891501985	-1.6588520962634	0.0971455995767838	0.138112132471737
IODOLM_00287	66.0802808700731	0.435770255087138	0.262857609488124	1.65781867961036	0.0973540698228457	0.13836356269723
IODOLM_00868	1084.45490551612	-0.281029881632149	0.169614592321364	-1.65687325474738	0.0975451026535652	0.138590054938961
IODOLM_01485	310.571461416726	0.292211407815343	0.176452999377513	1.65602970108867	0.0977158041615749	0.138787523210338
IODOLM_02570	80.1436339361119	0.423155302397115	0.255751800550825	1.65455453875885	0.0980148916460517	0.139167153096406
IODOLM_04005	77.4850329698361	0.416565021633428	0.251877812648763	1.6538376971469	0.098160494276021	0.139328680814748
IODOLM_00069	617.435197428407	0.296458535552904	0.179526369575419	1.65133699441497	0.098669782287708	0.140003596757653
IODOLM_03075	125.718665973566	0.446864459087805	0.270631916026251	1.65118906021587	0.0986999762334	0.140003596757653
IODOLM_00699	14.0489329696302	0.931980985399149	0.565184479976885	1.64898545239117	0.0991506150802566	0.140597242900584
IODOLM_01395	10.9279646589524	0.921225753418701	0.56023120188132	1.64436709402318	0.100100397933929	0.141898069763159
IODOLM_01937	568.16438140093	-0.236797050668154	0.144172417764075	-1.64245737389	0.100495253089788	0.142411666943301
IODOLM_02161	5.02049338813643	1.40977146565414	0.859431384237503	1.64035371701594	0.100931642660546	0.142973479506976
IODOLM_02915	28.0582097507273	-0.773637865818764	0.471678217524164	-1.64018145650139	0.100967443728415	0.142973479506976
IODOLM_03140	9.69182225229638	1.05946023687354	0.645983079272735	1.64007428502045	0.100989722384841	0.142973479506976
IODOLM_02328	67.5402834444709	0.484576098245692	0.295637339189954	1.639089634528	0.101194593476947	0.143217186628435
IODOLM_04337	10.7913324325581	0.933060063806811	0.569474188097153	1.63845892106989	0.101325996585155	0.143356793099463
IODOLM_00889	86.1937289449036	0.462315383720571	0.282262814544823	1.63788979595524	0.101444684958956	0.143478326238006
IODOLM_02822	109.213580044492	0.551738149413263	0.337166723768694	1.63639561830476	0.101756815640061	0.143873287638419
IODOLM_03281	88.5861284133686	0.423248114253024	0.259290224281171	1.63233348047113	0.102609253853994	0.145031684387945
IODOLM_02010	23.9367447130984	0.607396754208111	0.372223292079236	1.63180748527369	0.10272004797555	0.145098069726721
IODOLM_02023	30.9914172107133	-0.627502713988548	0.384547356796792	-1.63179567587079	0.102722536566129	0.145098069726721
IODOLM_03297	191.601151014694	-0.279069602829521	0.171245993426734	-1.62964164734703	0.103177256814599	0.145693344892122
IODOLM_03529	20.3862149931055	0.77492924034959	0.475580845853182	1.62943744918781	0.103220446425228	0.14570731405058
IODOLM_03707	2369.14728353874	-0.257342813145453	0.158060990565387	-1.62812349982708	0.10349870157821	0.14605298874758
IODOLM_03631	374.994411261315	0.258468047022836	0.158976126135537	1.62582931982175	0.103985969272335	0.146693295143694
IODOLM_02952	6.93482437125544	1.47461884395562	0.909093032253223	1.62207694002529	0.104786875005623	0.147775496301839
IODOLM_00469	120.312805499293	-0.325446397419961	0.201418660573838	-1.61577083519854	0.106143869387192	0.149640970502046
IODOLM_03136	3354.01810844776	0.203627432321009	0.126049628844427	1.61545443796848	0.106212319489039	0.149689246403876
IODOLM_04250	56.6046630908249	0.436472519111308	0.270287128175334	1.61484759580623	0.106343703050655	0.149826157292229
IODOLM_03796	4446.63750300081	0.301751315215849	0.186894505494409	1.61455423431309	0.106407263076233	0.149867455172705
IODOLM_02418	8.81486618597974	1.03773960874844	0.643042792270392	1.61379556885241	0.106571776027198	0.150050866118089
IODOLM_02660	322.772179222701	-0.250718458196063	0.155417721590258	-1.61319092591677	0.106703034248352	0.150187352161721
IODOLM_01645	18.64671239255	0.874615987445956	0.54269005774975	1.61163075489632	0.107042314061087	0.150616452196565
IODOLM_00772	39.4911146144319	-0.492949400664353	0.305921694949373	-1.61135809850273	0.107101694441728	0.150651563766313
IODOLM_00906	656.258087068694	0.282809346885833	0.175951719209937	1.60731221130268	0.107985896889156	0.151846492540793
IODOLM_02511	775.283085042248	0.273973677691996	0.171047727568677	1.60173819077481	0.109213516154463	0.153523400800492
IODOLM_01082	14.255215808278	0.83185193148919	0.519947583174451	1.59987652295729	0.109625978458367	0.154053719246569
IODOLM_02191	32.6248259848861	0.538761100395191	0.336962036718978	1.59887774195913	0.109847770598988	0.154315840815785
IODOLM_00316	94.9255810770652	0.436680363488828	0.273348848101982	1.59752040852175	0.110149752163496	0.154690409328453
IODOLM_01147	1144.50453463034	0.212530819284039	0.133217843626368	1.59536300467465	0.110631083913615	0.155316529742053
IODOLM_00941	57681.4879455792	-0.363982858500766	0.228452468278617	-1.5932542171392	0.111103172850384	0.155929276585401
IODOLM_01453	593.275918174364	-0.221221784569132	0.138922032287248	-1.59241684653528	0.11129107341767	0.156142910316039
IODOLM_04148	7.26974140581522	1.08810735037167	0.683601268982495	1.5917281019552	0.111445811173674	0.156309894133333
IODOLM_04293	95.2651201824418	-0.395522040756353	0.248962376367751	-1.5886819788871	0.112132209519974	0.157222220076707
IODOLM_02225	5.36698760671892	1.88921068717642	1.1899074407379	1.58769549840353	0.112355211470028	0.157434007490504
IODOLM_03871	37.1694295210112	0.607361520049291	0.382537063671029	1.5877194074235	0.112349802509358	0.157434007490504
IODOLM_00260	5.14787791447534	-1.22577665872625	0.772512772609322	-1.58673966591638	0.112571618612798	0.157686748735468
IODOLM_02080	698.189184873587	-0.272829170171855	0.172006961643315	-1.58615190667464	0.112704854475848	0.157822861819619
IODOLM_00746	21.7086038993461	-0.834630203822526	0.526734720694916	-1.58453614510433	0.113071763034063	0.158235380568295
IODOLM_02078	3362.87262380875	-0.239687888717569	0.151254720172785	-1.58466386003533	0.113042727199464	0.158235380568295
IODOLM_01726	47.0168727539359	0.529706875915335	0.334605959436362	1.58307663380418	0.113403998640225	0.158649583775456
IODOLM_03669	1053.74203860274	0.358919516352839	0.227014855207679	1.58103977831975	0.113868942790708	0.15924911909624
IODOLM_04360	13.7099070848827	0.855121465544969	0.541084077269123	1.58038556569768	0.114018595121208	0.159407467172654
IODOLM_01266	430.280939577804	-0.325018726944973	0.20570251628537	-1.58004254305804	0.114097124034223	0.159466309413529
IODOLM_03186	103.963180063253	-0.335098802600289	0.212878354427057	-1.57413281168101	0.115456748343747	0.161315048132898
IODOLM_01769	2779.1909201555	0.298766210103129	0.190069373403096	1.57187980764008	0.115978428288964	0.161992212637251
IODOLM_02708	7.59559005097406	1.19251528400872	0.759632186811544	1.56985881419026	0.11644796109822	0.162596132024828
IODOLM_03149	8.57871245070023	1.05977363259666	0.67566624055995	1.56848687854877	0.116767549828013	0.162938392234497
IODOLM_04080	10.1014640106691	0.944346110610621	0.602023877174259	1.56861903059914	0.116736735412422	0.162938392234497
IODOLM_01873	90.720442337721	0.383892471434017	0.245292983566448	1.56503649575457	0.117574352191491	0.163959644738676
IODOLM_04069	4699.80739814782	-0.208679223634375	0.133333398818422	-1.5650934085807	0.117561008880281	0.163959644738676
IODOLM_00486	3.96885265996841	1.42298164169451	0.909341752161756	1.56484802145254	0.117618548805585	0.163969025031297
IODOLM_02206	260.5222029047	-0.244104277808621	0.156039278449453	-1.56437712500507	0.117729029480907	0.164070774843455
IODOLM_00664	4.24651507921855	1.34607228714474	0.861065561197492	1.56326341199008	0.117990650398491	0.164306308390525
IODOLM_00697	8.67793792956748	0.993626169203979	0.635644833856914	1.56317823457313	0.118010678078478	0.164306308390525
IODOLM_04140	31.1354147530411	0.538859578654534	0.344663434897269	1.56343703478481	0.117949834903506	0.164306308390525
IODOLM_04152	3.17450288917176	1.67395418424471	1.07278268509346	1.56038516234896	0.118668889048412	0.165170183993591
IODOLM_01437	44.8611770804204	-0.524131058273849	0.336136590083933	-1.5592799883612	0.11893012602333	0.165481154683018
IODOLM_02388	129.321822171972	0.358837459448474	0.230646586517316	1.55578916153409	0.119758236271616	0.166580432906736
IODOLM_01472	14.9553401873594	-0.830087313928237	0.533967749714625	-1.55456451138083	0.120049821322413	0.16693295777149
IODOLM_01309	22.9820247546326	0.689956020497611	0.444872164257006	1.55090849896155	0.120923613387424	0.168093234432911
IODOLM_02839	1.99888358010193	1.91681838872065	1.23605711040869	1.55075228529439	0.120961059238856	0.168093234432911
IODOLM_03065	107.093328872915	0.361515681465076	0.233741698755422	1.54664607722968	0.121948612393131	0.169411786613442
IODOLM_02237	256.588785055627	0.258685895475175	0.167297789949082	1.54626008839632	0.122041766811361	0.169487391801496
IODOLM_01220	5713.76347047529	0.232359069380477	0.150304701324402	1.54592016971563	0.122123848727426	0.16954693340966
IODOLM_03310	424.704381330505	-0.258671160800872	0.167342198248446	-1.5457616997288	0.122162130036713	0.16954693340966
IODOLM_04057	324.581275595651	-0.289044347277122	0.187011466614629	-1.54559692252856	0.12220194491395	0.169548418181181
IODOLM_02431	1550.04243727591	-0.275974312434084	0.178655692149815	-1.54472722986436	0.122412255550607	0.169786380440398
IODOLM_03564	1199.16690230249	-0.38035770952484	0.246487893206093	-1.54310909382805	0.12280430866401	0.170276189706498
IODOLM_03059	340.217490432434	-0.272948921186299	0.177118137002355	-1.54105573718105	0.123303221260559	0.170913809387458
IODOLM_03573	75.3479244824089	0.453955874388243	0.294917616378171	1.53926333720987	0.12374002059375	0.171464955705589
IODOLM_01955	383.318447409518	0.269581721209011	0.175206056587719	1.53865526374678	0.12388847924939	0.171614483610447
IODOLM_02833	4.50040561041823	1.32118695067294	0.858749947114007	1.53850018286818	0.123926363850323	0.171614483610447
IODOLM_03236	9645.68444335746	0.177947397332334	0.116151237514088	1.53203186759634	0.125514571018412	0.173758861998283
IODOLM_02944	21.4024162301017	0.721358646912424	0.471667546658673	1.52937943689911	0.126170407103191	0.174611543796194
IODOLM_02256	159.883992932634	-0.340474354710008	0.222752620766646	-1.52848641483184	0.12639181397059	0.174862655053842
IODOLM_00161	697.175277402439	-0.221916865597606	0.145300809847771	-1.52729269596023	0.126688244916883	0.175217370340164
IODOLM_03910	72.6841905976168	-0.351319355302179	0.230270863591354	-1.52567871515713	0.127089897880766	0.175717343799757
IODOLM_04234	10.1527709590372	0.935517648644313	0.613378805415088	1.5251874378203	0.127212352981037	0.175831098119083
IODOLM_02718	4.22076827919935	1.400977338209	0.919338586819108	1.52389702585676	0.127534436545504	0.176220617089714
IODOLM_04035	123.523084575285	-0.32464327284893	0.213533255738283	-1.52034057517873	0.128425401278989	0.177395693180826
IODOLM_00366	455.080061305719	-0.388774529625849	0.25579107360403	-1.51989091780302	0.128538393460087	0.177495743067636
IODOLM_04238	29.2050034270958	0.527666455503427	0.347533333776285	1.51831897611035	0.128934006176233	0.177985870986497
IODOLM_00480	58.0118917574646	0.401452314456866	0.264733991322194	1.51643660283987	0.129408989549257	0.17852892126972
IODOLM_03327	21.1417344259271	0.675533981640414	0.445428269979455	1.51659431421264	0.129369141809351	0.17852892126972
IODOLM_01863	602.388884686775	0.36482641133546	0.240800438567467	1.51505708837504	0.129757947482359	0.178953916855595
IODOLM_01202	1586.71947872034	-0.302012786877453	0.199628592374985	-1.5128733979657	0.130311820304884	0.179661161201693
IODOLM_03704	88.6184388591891	-0.353448227387266	0.23424762263042	-1.50886580370941	0.131333080301331	0.18101214469248
IODOLM_02136	6.25778700065079	1.27139385911725	0.842953958858126	1.50826014369693	0.13148795963746	0.181168548921135
IODOLM_04089	259.907916541313	-0.268320479713321	0.178673856331864	-1.50173329899451	0.133166000489413	0.183422857457246
IODOLM_03872	2.75048866882412	1.59348502443959	1.06146583064408	1.50121179451691	0.133300790301502	0.183550742089167
IODOLM_03797	2949.69005977953	0.191474750256632	0.127879409242932	1.49730712231308	0.13431336249056	0.184886843113775
IODOLM_00874	629.940869043934	-0.24741847776179	0.165261624648387	-1.4971320673399	0.134358897225885	0.184891362974991
IODOLM_02600	3409.70735651179	-0.151698523668487	0.101356999137244	-1.49667536489589	0.134477749385208	0.184996740430578
IODOLM_01500	499.953544631683	-0.492226420101502	0.329140838947393	-1.495488744805	0.134786935141007	0.185363805209632
IODOLM_04075	58.5130247500078	0.492443923454226	0.329576120724858	1.49417355350613	0.135130263073747	0.185777578137203
IODOLM_02492	15694.69020656	-0.214418468458659	0.143672004857187	-1.49241648483848	0.135589996111445	0.186351075057689
IODOLM_00058	77.8656082894886	-0.444842604213487	0.29814881442862	-1.49201533826654	0.135695124396705	0.186437006078487
IODOLM_02074	4.75731560883566	1.26925979174524	0.851205631917896	1.49113180664161	0.135926893101516	0.186696824925372
IODOLM_03668	2609.16707788117	0.197819162921059	0.132695798923142	1.49077185959471	0.136021402274491	0.186768012661805
IODOLM_03967	1.88492495661032	1.95575190156941	1.31441643960145	1.48792410277706	0.136770910458121	0.187738238445652
IODOLM_02412	1172.57847484606	-0.18031875363437	0.121657692057782	-1.48218127916421	0.138292066446167	0.18976672397881
IODOLM_02002	16.7836642810848	0.807729131719767	0.545115414236731	1.48175801055039	0.138404695379618	0.189861738865582
IODOLM_01292	60.9886568719812	0.5497960127495	0.371361017817409	1.48048929847511	0.138742714559257	0.190216417926828
IODOLM_02248	49.240207396946	-0.461471450575316	0.311707880499923	-1.48046128906077	0.138750184191598	0.190216417926828
IODOLM_03644	3.52087126641026	1.41637622224405	0.957439964620413	1.4793368509592	0.139050308516738	0.190568164757045
IODOLM_01915	450.909270047152	0.218878465689728	0.148152152043854	1.4773897150339	0.139571201519668	0.191222159627448
IODOLM_02935	6.43949293369404	1.086962226547	0.736000162006363	1.47685052620627	0.139715709188175	0.19136023267839
IODOLM_00923	361.476468913482	-0.333096151446797	0.22571134472051	-1.475761671879	0.140007883389173	0.191700406042247
IODOLM_03039	24.6095967698879	-0.697049011113443	0.473384138064582	-1.47248070871852	0.140891112677356	0.19284939289212
IODOLM_02770	49.4172592185484	-0.403046488806588	0.274004312859933	-1.47094943360479	0.141304792463402	0.193355150662866
IODOLM_00120	2259.16618660878	0.211867238288441	0.144459347533556	1.46662186909869	0.142478947557025	0.194900867305265
IODOLM_02996	66.9483324689979	-0.380997749861938	0.259838377846285	-1.46628743998444	0.142569995750722	0.194964469189112
IODOLM_03049	23.9186408902818	0.542943945541072	0.370941702280659	1.46369076920415	0.143278458772481	0.195872082345634
IODOLM_01331	133.34813813829	0.294071945846725	0.201128644849487	1.46210872184214	0.143711419064503	0.196402613936997
IODOLM_03895	1523.66612616008	-0.159920685607886	0.10943180033633	-1.46137306629684	0.143913088006587	0.196616819580651
IODOLM_04145	96.3713031011663	-0.302737707718425	0.207283749374453	-1.46049899537246	0.144152983446627	0.196883100987029
IODOLM_02028	6.57984515970167	1.04545429121266	0.716147973225834	1.45982999365827	0.1443368030969	0.197072652215924
IODOLM_02039	962.536183855028	-0.321482812079575	0.220668145616368	-1.45686098544769	0.145154757438524	0.198127641469426
IODOLM_02179	198.92683503076	0.243374433437391	0.167230071362264	1.45532697232532	0.14557876295078	0.198644423658439
IODOLM_02932	27.1039747646904	0.549391143123647	0.377824839146674	1.45408953091718	0.145921485702492	0.199047747515117
IODOLM_03786	744.466937209605	-0.294399144613347	0.202484888192088	-1.45393143775779	0.145965315762342	0.199047747515117
IODOLM_02018	19.6333782242827	0.702417658426583	0.48324867241095	1.45353251551047	0.146075958546794	0.19913657152672
IODOLM_01260	116.376193794129	0.411839220646186	0.283604878196153	1.45215845110161	0.146457552496408	0.199594596612981
IODOLM_01842	71.9162402355995	-0.388897682343606	0.26817451373204	-1.45016644919581	0.147012108609054	0.20028797860312
IODOLM_01744	194.817444065319	-0.321522851017548	0.221793812654807	-1.44964752248502	0.147156836618903	0.200422756627551
IODOLM_01424	790.025906131002	0.221321368214121	0.152690481480457	1.4494771780679	0.147204369205794	0.200425115010751
IODOLM_01519	489.143717171897	0.21610555795872	0.149270054340276	1.4477489065964	0.147687286762698	0.201020083008885
IODOLM_03756	72.5850793601701	-0.357787538744033	0.247192718894706	-1.44740322588723	0.147784022795934	0.201089205147702
IODOLM_02486	63.9909938811918	-0.362872300351001	0.251017985724706	-1.44560278939122	0.148288643835875	0.201713119498225
IODOLM_01122	9906.87986555349	0.368177673509576	0.254864578468702	1.44460119064677	0.148569938165872	0.201970192424311
IODOLM_03738	19.2781357001247	0.684586167155539	0.473852267835828	1.44472489344025	0.148535174774627	0.201970192424311
IODOLM_01848	797.876299369071	-0.22423930438655	0.155279224467149	-1.44410371159466	0.148709804205739	0.202097547578979
IODOLM_00242	99.2126310362842	-0.357204121115339	0.247608357701445	-1.44261738348122	0.149128283710654	0.202603343532388
IODOLM_03479	75.9342644790544	0.376794626025258	0.261244570378619	1.442306056272	0.149216052435121	0.202659666497856
IODOLM_00964	3832.05007136986	-0.242177331603566	0.168271608030733	-1.43920495226583	0.150092462704182	0.203786725657307
IODOLM_02899	448.503089669271	0.32205262947912	0.224225111626391	1.4362915337321	0.150919402127953	0.204845937875906
IODOLM_00617	1033.67136411173	0.224010883691631	0.15613277537182	1.43474605609337	0.151359474827927	0.205379554061088
IODOLM_01647	15.9753447289405	0.829969145110447	0.57882121469931	1.43389551736041	0.151602081275181	0.205644980675819
IODOLM_02529	25.991114218351	-0.645611424415595	0.45038003531432	-1.43348144631905	0.151720297443095	0.205741562321347
IODOLM_01081	50.4170435081754	0.573146151897302	0.40097938740352	1.42936562302771	0.152899173634916	0.2072174107521
IODOLM_03784	682.351141185674	0.256872799770187	0.179712875794303	1.42935111707967	0.152903340794911	0.2072174107521
IODOLM_01929	12.0767874880792	0.867985686410213	0.60775046439755	1.42819419689071	0.153235970474065	0.207603903032356
IODOLM_03249	1462.32537777574	-0.163786094938553	0.11486991949434	-1.42583972949178	0.15391460993653	0.208458784612274
IODOLM_00733	39.0937107194317	0.479887056728533	0.336683439800583	1.42533608725386	0.154060073318793	0.208591237884603
IODOLM_00279	47.6520077988109	0.560348085146961	0.393623235748723	1.42356455172446	0.154572563424961	0.209220395158562
IODOLM_02918	3.0047803275887	1.42676522322162	1.00295153170911	1.42256647316774	0.154861868846183	0.209547166997803
IODOLM_00234	550.336974675452	-0.199893513585264	0.140698174732147	-1.42072570568744	0.155396516458984	0.210205612372338
IODOLM_04272	603.885265506807	0.205769127893144	0.145226607302738	1.41688311608216	0.156517103630371	0.211656009112021
IODOLM_04245	28.6127583650619	0.522108258359167	0.368754560709351	1.41586929082265	0.156813777590065	0.211991686973779
IODOLM_03781	10.13391189605	0.898231225688074	0.634659788055035	1.41529563176009	0.156981835237653	0.212153338789367
IODOLM_03567	2.922085397518	1.59356015373751	1.12636115455228	1.4147861432339	0.157131208103327	0.212289647008386
IODOLM_01957	110.532928066142	-0.32053905066201	0.226755886924917	-1.41358645638226	0.157483360175948	0.212634120373326
IODOLM_03201	3.27655255009672	1.35734419445241	0.960178618135258	1.41363718043262	0.157468458709536	0.212634120373326
IODOLM_02533	8.30825349961849	0.90843515867223	0.643516937006223	1.41167249287713	0.15804641628697	0.213328537221401
IODOLM_02245	7456.0015450147	-0.181364465180467	0.128515314334784	-1.41122842922837	0.158177270046313	0.213439325847261
IODOLM_01113	24.3951804179313	-0.555294100246335	0.393905101800504	-1.40971543071703	0.158623726531947	0.213928449225481
IODOLM_03933	6.87079601863856	0.984049433242677	0.698071414577992	1.40966871396327	0.158637526905093	0.213928449225481
IODOLM_03214	851.669301459007	-0.264092138760484	0.187616556326528	-1.40761638488268	0.159244693049831	0.214681077260031
IODOLM_03563	690.27863919624	-0.36335344690399	0.258200508461403	-1.40725302622053	0.15935237293764	0.214760081298156
IODOLM_04139	10.8118713553724	0.832653064002761	0.592163948501399	1.40611914337232	0.159688748741797	0.215147156556066
IODOLM_01609	25.2678711993599	0.536968693839169	0.382227890652422	1.40483912077327	0.160069123103776	0.215573018819271
IODOLM_03585	698.719518760914	0.20359733222567	0.144937603455452	1.40472401482924	0.160103361783051	0.215573018819271
IODOLM_04227	6169.76939589708	0.143176764109722	0.101995454194641	1.40375632659562	0.160391423116103	0.215894453262402
IODOLM_04015	694.102548428869	0.194082043006135	0.138345592056357	1.40287840126538	0.160653102600078	0.216180189722615
IODOLM_00130	319.864104878962	-0.237147300679097	0.169513345698036	-1.39898896870068	0.161816291093979	0.217678478274593
IODOLM_00473	85.2128722039056	0.535851781468382	0.38314333024305	1.39856742678637	0.161942739914384	0.217781631796357
IODOLM_01115	30.6287853457885	-0.4697720355762	0.336228230292367	-1.39718201284797	0.162358844278451	0.218140099036691
IODOLM_02092	651.634456319145	-0.203842173491089	0.14588267888516	-1.39730209952859	0.162322744750589	0.218140099036691
IODOLM_02176	154.272418885003	0.256599700270334	0.183631955770896	1.3973586415998	0.162305749608404	0.218140099036691
IODOLM_00558	7.5541995527339	1.14728940911303	0.82668403781171	1.38782092871901	0.165191580231586	0.22187794815636
IODOLM_01164	1748.10660520962	-0.243421242950938	0.175686676381353	-1.38554185191913	0.165886844444355	0.222743427827093
IODOLM_02442	2.30642256003935	1.58445000213331	1.14434480409325	1.38459142425066	0.166177435202101	0.223065170688464
IODOLM_03645	7.88470816559196	1.12865603792752	0.815769626336695	1.38354751328004	0.166497049205833	0.223357169627445
IODOLM_03767	1074.59236023144	-0.184019402588333	0.133000985197077	-1.3835942817691	0.16648272022528	0.223357169627445
IODOLM_00117	3.24269834124746	1.31683075165426	0.953715306972593	1.3807377757565	0.167359601822498	0.224445485006206
IODOLM_01827	192.999241675611	0.236237450544915	0.171236529557685	1.37959728076207	0.167710675162023	0.224847400278497
IODOLM_00475	6.32580251599589	1.11502356829116	0.808712536678421	1.37876379766639	0.167967592043563	0.225122873746595
IODOLM_00757	15.2064796921231	0.634173287308662	0.460205538088704	1.37802185072016	0.168196541901516	0.22536070647919
IODOLM_00248	97.7501578044735	-0.371604634292943	0.269837533376963	-1.37714212564273	0.168468310796915	0.225655747795316
IODOLM_02372	657.060204823061	0.250619572974073	0.182022018010555	1.37686405036747	0.168554283664166	0.22570181925165
IODOLM_01280	3.10011178246517	-1.39023146930833	1.01056134791808	-1.37570219974514	0.168913850637081	0.226114105349607
IODOLM_01130	8116.42644626804	0.242989846871926	0.176670564857744	1.37538387941184	0.169012464074793	0.226176924401007
IODOLM_03192	15.9052460674601	-0.612715595134724	0.44585764552079	-1.37424041348228	0.169367058153501	0.226582160342317
IODOLM_04263	237.672049709718	-0.234545245441376	0.170845857835275	-1.37284712906249	0.169799875845234	0.227091765494726
IODOLM_02481	75.2974920348043	-0.383645546618584	0.27965487989635	-1.37185357452291	0.170109025319847	0.227435714879209
IODOLM_01171	212.796096631379	-0.233128861509241	0.170024156170365	-1.37115141024811	0.170327761535367	0.227658608576288
IODOLM_04169	81.0298107506283	0.318255636568075	0.232278630853058	1.37014599836094	0.170641331442218	0.228008081340808
IODOLM_01469	13.5630456451604	-0.696605171098132	0.508776211130767	-1.36917795262068	0.170943655976282	0.228342319460382
IODOLM_03194	14.0963340442887	-0.714461454122577	0.521904416778403	-1.3689507717386	0.171014663552092	0.228367460391808
IODOLM_03456	1082.51569010629	-0.259822123821401	0.189854830363219	-1.36853048892317	0.171146085227772	0.228473236411449
IODOLM_01813	10.3206625980516	0.807230579880584	0.590383327463914	1.36729907896988	0.171531580284411	0.228918022361873
IODOLM_02626	58.5191457495582	0.49938220295304	0.365351283875014	1.36685492837594	0.171670781790575	0.229033945462059
IODOLM_04185	10.7037837378883	0.839686661070621	0.614909635762834	1.36554480891967	0.172081879642545	0.22951243685333
IODOLM_02508	511.829773755911	-0.22056006639029	0.161712463978361	-1.36390270090624	0.172598190669917	0.230130920893223
IODOLM_01513	60.6111123036085	-0.371147080790272	0.272491937611005	-1.36204793449743	0.173182757992411	0.230840008825705
IODOLM_02565	133.235388805761	0.251440893484362	0.18486985681173	1.36009676115251	0.17379930588271	0.231591279702417
IODOLM_00879	454.620254223648	-0.219949569494476	0.161769986411921	-1.35964386455724	0.173942650100274	0.231711731153364
IODOLM_01771	5.97184158852902	1.01859054081732	0.749554235085606	1.35892840456166	0.174169276977835	0.231943017667379
IODOLM_00240	129.141417116068	0.364254541138235	0.268296480086499	1.35765680198562	0.174572609993007	0.232409413242895
IODOLM_01549	1.33846276711076	2.02967293992029	1.49560990629071	1.35708711969828	0.17475353057356	0.232579516359458
IODOLM_02017	37.4741767926088	-0.488334552908896	0.360143808603031	-1.35594321280465	0.175117236911081	0.23299271168224
IODOLM_03948	17.8486100439333	0.651275813734962	0.480797793495449	1.35457321673654	0.175553571540334	0.2335022580731
IODOLM_03156	350.451221049439	0.231437459822691	0.170880605898234	1.35438108149337	0.175614830124576	0.233512761052915
IODOLM_01097	637.340253997847	-0.250512937987118	0.184989785863513	-1.35419875652998	0.17567297563471	0.233519119494985
IODOLM_02569	28.7055525531277	-0.513749993186733	0.37970265995115	-1.35303237868502	0.176045286628118	0.233942962127131
IODOLM_01442	16.0056831255142	0.76906881868279	0.568587388405345	1.35259563325826	0.17618484825374	0.234057345463985
IODOLM_01426	4.87302814216178	-1.11635549980604	0.82641775074502	-1.35083678781057	0.176747720830897	0.234733847149016
IODOLM_03321	10.6248756255132	0.832169765360345	0.61615061569469	1.35059471525822	0.176825294620942	0.234765621741882
IODOLM_02126	23.8430926571582	0.598723824288345	0.4439034846692	1.34877027319242	0.177410765734587	0.235471492524887
IODOLM_02446	43.1380261854945	0.395405988529175	0.293338136401037	1.347952889387	0.177673535426349	0.235748754101184
IODOLM_02723	2.71271917520148	1.54917601607077	1.15024331714625	1.34682461786804	0.178036724141381	0.236159049664348
IODOLM_00038	287.912067209271	-0.251022302881588	0.186453680134808	-1.34629846243902	0.178206281510011	0.236280331121783
IODOLM_01323	446.347356905121	-0.297767175085944	0.22118993140445	-1.34620582951161	0.17823614557427	0.236280331121783
IODOLM_02549	947.59701099917	0.181194521929112	0.134745503128951	1.34471665266416	0.178716754810624	0.236845705345636
IODOLM_03543	20.6157590844102	0.618987513046161	0.460736866481408	1.34347294101576	0.179118882124811	0.237306759969172
IODOLM_00169	296.898586704756	0.215296901267875	0.160305980677117	1.34303723640554	0.179259916837772	0.237421730049059
IODOLM_03686	576.173446644377	-0.291666515998367	0.217614288365415	-1.34029120141507	0.180150690874702	0.238529326253464
IODOLM_02946	225.008424299254	0.220515685450322	0.164551544817723	1.34010097379877	0.180212519546858	0.238539015588944
IODOLM_03190	23.4674773582571	-0.514473455989511	0.384638350664219	-1.33755111808556	0.181042808125014	0.239565566481723
IODOLM_00489	1.40179240908239	2.12322920260109	1.58979555927688	1.33553600034387	0.181700980814444	0.240363812588878
IODOLM_03643	38.0319920756655	0.625913284212511	0.468996045411184	1.33458115550581	0.182013469051761	0.240704424469781
IODOLM_03354	3787.80163374427	0.18684150700322	0.140182971812644	1.33284024862118	0.182584234346004	0.241386286857436
IODOLM_03323	1.71482045819702	1.80144352264324	1.35539816717497	1.32908806155313	0.18381891850661	0.242945209116558
IODOLM_02297	77.5286384399352	-0.318553240018972	0.240324579696096	-1.32551252319592	0.185001218601662	0.244433977234563
IODOLM_02043	49.1242934279136	0.389782586158263	0.29418513064431	1.32495678929993	0.185185483573378	0.244603584701812
IODOLM_02194	2.22061460032508	1.5462246758181	1.16785665086924	1.32398498965368	0.185508029897449	0.244955684620167
IODOLM_00187	214.199145919537	-0.216702252177435	0.163974134778951	-1.32156362629732	0.186313502288513	0.245945063654459
IODOLM_01392	26.4848381129142	0.499499645714701	0.378260232290184	1.32051852950671	0.186661953665356	0.246330732581302
IODOLM_03386	8.35448451467694	0.881232343653275	0.668127821260879	1.31895771379529	0.187183249772053	0.246944196865391
IODOLM_00321	5.49089842886453	1.00587732714432	0.763483458488631	1.31748411306189	0.187676402879694	0.247520174503177
IODOLM_01834	21.1030117164378	0.516367029003739	0.39204422921323	1.31711421958692	0.187800341341101	0.247534425815861
IODOLM_02470	156.812657451063	-0.265492299486601	0.201563504456172	-1.31716453433825	0.18778347906608	0.247534425815861
IODOLM_02710	4.26280717020111	1.21558204049814	0.923117496373917	1.31682266371621	0.187898074154897	0.247588669828916
IODOLM_03390	282.477155459782	-0.19614724444513	0.14899436220726	-1.31647427150484	0.188014908367866	0.247668043051711
IODOLM_01318	15.6531160457206	0.754087159670803	0.573056855811175	1.31590286727026	0.188206646276997	0.247846007856798
IODOLM_02157	4575.20537518638	0.708456761722362	0.538486347238932	1.31564479834066	0.18829329003512	0.247885510587752
IODOLM_02279	29.6723925742235	0.508539661692462	0.386670455765211	1.31517589231397	0.188450795293553	0.247943680157723
IODOLM_03078	44.3157706972889	0.411137888185544	0.312587438269776	1.31527322550536	0.188418093141665	0.247943680157723
IODOLM_03328	32.8178149293889	-0.444728029614534	0.339193980759526	-1.31113184443514	0.189813223754586	0.249661156342071
IODOLM_01048	3.19247048729239	1.30384033718392	0.996865768770335	1.30793972270936	0.190893754963315	0.251006932608013
IODOLM_03275	545.608635464828	-0.184706505961412	0.141570878620884	-1.30469279954136	0.191997474310493	0.252382381370598
IODOLM_03926	24.9831395532848	0.566001905668399	0.434173448544794	1.30363085896996	0.192359473829441	0.252782299542833
IODOLM_02440	21.0620744853965	0.533382299371801	0.410870837234219	1.29817512228969	0.194227164752666	0.255160033911038
IODOLM_04248	78.5210960928886	-0.347507783346552	0.267891322296126	-1.29719686463908	0.194563459260542	0.255525119364986
IODOLM_03417	282.582377468914	-0.224771293697209	0.173303726444793	-1.29697899928777	0.194638412715063	0.255546862898625
IODOLM_02434	77.6409695445223	0.332469917762576	0.258773510316686	1.28479115716172	0.19886527329143	0.261018127151559
IODOLM_02719	2.93596161643986	1.28996611498479	1.0043021124107	1.28444030839325	0.198987936827966	0.261100813061223
IODOLM_01634	9.58649105811373	0.797350520939931	0.620945032919456	1.28409195446992	0.199109782819951	0.261182376984444
IODOLM_03778	31.509987595844	0.437275922057369	0.340651825592386	1.28364473402412	0.199266289912766	0.26130934511785
IODOLM_01661	20.0382618439282	0.714727218234273	0.556986735891364	1.28320330122489	0.199420859723924	0.261355400464777
IODOLM_03667	2081.4774233036	0.150151678155287	0.11700415912513	1.28330205761923	0.199386272094656	0.261355400464777
IODOLM_01308	148.48049325875	-0.254524272366169	0.198663291874009	-1.2811842085431	0.200128971435725	0.262204903893033
IODOLM_02953	1.68534502507464	1.76137526267403	1.37634613583691	1.2797473083346	0.200634020641874	0.262787930059516
IODOLM_02524	5.98838335076295	-1.01826206180845	0.796478450556452	-1.278455256507	0.201088951498543	0.263304982572598
IODOLM_03019	28.9751278994499	-0.617745098036713	0.484928584138154	-1.27388881217346	0.202702823916816	0.265338784762186
IODOLM_01287	4.18969914135979	-1.32611960348582	1.04206123317023	-1.2725927817614	0.203162581321861	0.265861081299181
IODOLM_03654	15.7476421918541	0.687424214628242	0.540306700650564	1.27228519246668	0.20327180780967	0.265924493565057
IODOLM_00824	1521.1570838051	0.196078319233829	0.15433369704179	1.27048287569199	0.203912678857383	0.266683168762674
IODOLM_01226	301.056395591439	-0.246632834527008	0.194157161939123	-1.27027420499862	0.203986973229996	0.266700625890189
IODOLM_00332	316.507923769849	-0.206629193985347	0.163157149713516	-1.26644277831626	0.20535460365257	0.268408526159991
IODOLM_01116	48.5687406868442	-0.428584037300915	0.338726258216168	-1.26528140911769	0.20577046844644	0.268871773640377
IODOLM_03830	1712.39457789818	-0.224949122363978	0.177935202571671	-1.26421932879398	0.206151315081322	0.269289001431602
IODOLM_02819	367.616220258197	0.240194653676423	0.191166966709644	1.25646526599569	0.208947331527296	0.272859899362414
IODOLM_04157	7.03346497251887	1.04694848487045	0.834073563535381	1.25522319689975	0.20939774690176	0.273366509678432
IODOLM_02199	33.55670576059	0.428158335768954	0.341204993682265	1.25484193870756	0.209536144694288	0.273465603692873
IODOLM_01161	773.476115300003	0.218176949242449	0.174088505593359	1.25325304217427	0.210113631851476	0.274135195293593
IODOLM_02075	3.63674243848201	1.25088135137856	0.99824080474535	1.25308577392572	0.210174492735376	0.274135195293593
IODOLM_04249	67.8086320732858	-0.344010572796856	0.274651402391174	-1.25253528582715	0.210374879010465	0.274314800521393
IODOLM_00251	90.6486240909771	-0.325417356093823	0.26021555411024	-1.25056842665124	0.211091975880922	0.275167854171854
IODOLM_01069	64.5694153757137	0.410559720326768	0.329341720493813	1.24660707945285	0.212541604636947	0.276975003541179
IODOLM_02003	829.373498596284	0.157473375554532	0.126344956294291	1.24637642984129	0.212626230296689	0.277002793622599
IODOLM_01784	54.5579603373107	-0.340984197258701	0.273794034714425	-1.24540404108642	0.212983268614121	0.277385352218868
IODOLM_01931	240.206190314843	-0.208219502761714	0.167359814160155	-1.24414276991523	0.213447022329582	0.277906625919146
IODOLM_03387	38.8093231814075	-0.41527683683117	0.334027952396699	-1.24323977634656	0.213779489162904	0.278256705704006
IODOLM_03467	3136.47980115484	0.190934243967567	0.15371216724736	1.24215439406503	0.214179602635516	0.278694600396378
IODOLM_00783	5648.46688261849	0.227476234976976	0.183256520424334	1.24129954257698	0.214495113616875	0.279022181090204
IODOLM_02635	486.549520581331	-0.166883537009563	0.134678019632467	-1.23912972187284	0.215297461597032	0.279982672198696
IODOLM_00553	3.08088790333442	1.21340305889386	0.979542074753467	1.23874521592066	0.215439867990205	0.280084629330106
IODOLM_01523	74.4468542969508	-0.440503899051368	0.355741524675938	-1.23826955386399	0.215616129019676	0.280230525865787
IODOLM_02275	88.235588834973	-0.417188324143015	0.33731432256716	-1.23679398185042	0.216163576897452	0.280775248591051
IODOLM_02968	395.485466589368	0.226746576185034	0.183322954861164	1.2368695254599	0.216135525390549	0.280775248591051
IODOLM_02793	21.7193629760048	0.597227267540193	0.483297208638029	1.23573498225497	0.216557089738739	0.281202915340274
IODOLM_02908	74.408089188702	-0.316778437303446	0.256637412383847	-1.23434239131763	0.217075345923739	0.281792261572911
IODOLM_01538	22.7455512863141	0.506147844925702	0.410452810975244	1.23314503249006	0.21752165885173	0.2822878941682
IODOLM_01501	267.448105385179	0.223686707874069	0.181989996365417	1.22911540382104	0.219028540556287	0.284138847550863
IODOLM_02163	82.4020331586864	0.317171569666296	0.258112606735695	1.22881084220375	0.219142735485412	0.284138847550863
IODOLM_02731	236.463558167216	0.951893213104064	0.77455787919397	1.22895039696018	0.219090404329837	0.284138847550863
IODOLM_01670	64.579133165869	0.344630496288397	0.280805917655119	1.22729071796722	0.219713343042102	0.284794309583009
IODOLM_02387	146.795546380417	0.414256176822886	0.337609241222148	1.22702854733264	0.219811861491643	0.284837638699269
IODOLM_03357	20963.2757315315	0.177795044895206	0.144958926913115	1.22652015078569	0.220002997019878	0.285000922131138
IODOLM_03268	58.3557186161943	-0.370043344557869	0.301758502629172	-1.22628970297023	0.220089674886634	0.285028830217198
IODOLM_02763	48.7015609062616	0.34917685935981	0.285692654990899	1.22221153837831	0.221627641609426	0.286935668545221
IODOLM_03439	874.895217197226	0.204307245718981	0.167304243345942	1.22117192985073	0.222020929869194	0.287359831146878
IODOLM_03982	286.28916974209	0.209693942648427	0.17211613689317	1.21832819649316	0.22309927917874	0.288670149522817
IODOLM_00165	215.889560466271	0.226858325208375	0.186251505071245	1.21802143355351	0.223215827851194	0.288735578680704
IODOLM_02521	8.50949719057796	-0.756858140112155	0.62271673257525	-1.21541320558733	0.224208533898371	0.289874538327533
IODOLM_02970	2392.93508290627	-0.205281170486741	0.168905650496782	-1.21535999466549	0.224228819067344	0.289874538327533
IODOLM_03427	108.64488648435	-0.28087911008578	0.231275550066287	-1.2144781841629	0.224565175580708	0.290223629161601
IODOLM_04065	72.086857491961	0.335318010149195	0.276289371889636	1.21364787887367	0.224882215467001	0.290547556800589
IODOLM_02114	1491.87898647682	-0.229273591660326	0.188942810783188	-1.21345496401775	0.224955922929737	0.290557000808893
IODOLM_01950	1654.48758472731	-0.193429514874567	0.159626616870578	-1.21176229044179	0.225603387074776	0.291307294729778
IODOLM_00580	392.718485406593	-0.218943623849846	0.180895220109424	-1.21033393650427	0.226150780556069	0.291841880186776
IODOLM_01646	15.4521586948221	0.602491321504433	0.49777082901765	1.21037892616859	0.226133524553058	0.291841880186776
IODOLM_03234	595.399026345614	0.193764634488998	0.160251024996957	1.20913195090439	0.226612155902679	0.29235105961973
IODOLM_03174	33.6836184122811	0.415991670352918	0.345238652942074	1.20493944350639	0.228226680221943	0.294347171426827
IODOLM_01632	16.3262256847537	0.558066148415862	0.464935313643841	1.20030923020694	0.230019266337097	0.296571688123494
IODOLM_00040	4.31051840723757	1.0279768940543	0.857409923922306	1.19893281541659	0.230554070592595	0.297173670961177
IODOLM_02247	165.897191531625	-0.225470227253198	0.188618531945321	-1.19537685363048	0.23193982487268	0.298871812026752
IODOLM_04183	94.5009029683484	-0.278279716915914	0.233057448048553	-1.19403914891379	0.232462654474234	0.299457337644759
IODOLM_02220	58.9623006393621	0.300668406130263	0.251898149969604	1.19361101368368	0.23263016372733	0.299584931274514
IODOLM_02512	382.212278410944	0.190567578816399	0.159730481470378	1.19305706125815	0.232847026419621	0.299775989294576
IODOLM_00898	419.833738479187	-0.184652121797797	0.154876418951058	-1.19225459271594	0.233161433113839	0.30009247979593
IODOLM_00172	122.989448473085	-0.311979547687394	0.2618405886816	-1.1914865806644	0.233462621620021	0.300391776597827
IODOLM_01845	84.7001821027339	0.264116182732811	0.221820072009048	1.19067756285841	0.233780189418684	0.300711966165833
IODOLM_00270	113.508859143708	-0.244218386335828	0.205440233369219	-1.18875637128448	0.234535550859552	0.301506336827674
IODOLM_01410	623.5074320662	-0.165564612340968	0.139257678741836	-1.18890831612884	0.234475747307025	0.301506336827674
IODOLM_01218	6047.58800896284	-0.335641390013176	0.282478498331408	-1.18820155160765	0.234754012553645	0.301698548879515
IODOLM_02487	1136.0092027246	0.149817666540577	0.126112950982318	1.18796416524725	0.234847528057155	0.301730118255464
IODOLM_04095	20.0981313940852	0.698852394295476	0.588476065541679	1.18756298720866	0.235005627276882	0.301844621357099
IODOLM_01858	20.542356636206	0.469814960970729	0.395956969079176	1.18653034965722	0.235412923322854	0.302279035346481
IODOLM_01515	785.03226509447	-0.157240825191204	0.132851250729727	-1.18358558408378	0.236577149701095	0.30368483634262
IODOLM_00157	7107.70550919134	-0.205419890251366	0.17428967796455	-1.17861191007048	0.238552746905075	0.306131032391967
IODOLM_02234	676.007717786777	-0.257504698566578	0.218602847542877	-1.1779567442097	0.238813851246405	0.306376257125261
IODOLM_01564	65.5216449870309	-0.291406439856033	0.247486636462315	-1.1774633330572	0.239010624287897	0.306538831150011
IODOLM_03126	6.78374919639155	0.829441295058412	0.705367661947282	1.17589923639057	0.239635144060244	0.307249748141701
IODOLM_00510	1039.39834148941	0.17348846110343	0.147675742975471	1.17479321659649	0.240077454668839	0.307726696435513
IODOLM_01933	1183.24777660536	0.176145260261023	0.15000185566282	1.17428720786607	0.240280005367557	0.307896135721356
IODOLM_04260	1698.18834051823	-0.23892461359852	0.203535396500392	-1.1738725435802	0.240446081467372	0.308018750732208
IODOLM_02371	1096.69803149476	-0.18916135830584	0.161180371798318	-1.17360045888549	0.240555097325255	0.308068219460144
IODOLM_02177	92.890967179551	-0.24674261246637	0.210636135437073	-1.1714163476954	0.241431464358347	0.3091000842692
IODOLM_01353	14.5934888221914	0.621341461121814	0.53094068363442	1.17026530509694	0.241894219455099	0.309601960905386
IODOLM_00491	21.8210333330428	0.500596474840717	0.427941878120821	1.16977678613492	0.242090807877131	0.309762975225241
IODOLM_02982	84.2593478722233	-0.25556137995904	0.219033499701215	-1.16676846376309	0.243303885831509	0.311224146272634
IODOLM_03412	751.300019185148	-0.195499591584363	0.167767885576291	-1.16529805995237	0.243898364146307	0.311893407803694
IODOLM_00784	4129.59395739014	-0.202347124117564	0.174027779471875	-1.16272887427301	0.244939522673473	0.313133319082418
IODOLM_01592	27.0183067103751	0.497531372510154	0.428627543371822	1.16075455300025	0.245741729736966	0.314067117210561
IODOLM_01293	4.57483543358717	-0.925631162841605	0.797691782044956	-1.16038698614729	0.245891282851163	0.314166497447209
IODOLM_03048	619.728056096306	-0.153941274616693	0.133103656900347	-1.15655180482342	0.247455522567775	0.31607278656059
IODOLM_03104	333.155652712934	-0.21009315652934	0.182221954806798	-1.15295194123064	0.248930110875056	0.317863485611102
IODOLM_01316	303.266808923534	-0.179176901320685	0.155509887671975	-1.15218976749975	0.249243101547981	0.318170306993571
IODOLM_04155	1.16006420819719	1.8189384763722	1.57997575073058	1.15124455266552	0.249631640990793	0.318573362780901
IODOLM_01229	19.4842811047147	0.504318527967505	0.439665588117454	1.1470502618294	0.251360848603689	0.320686610346864
IODOLM_02619	142.977243583588	-0.266319961154426	0.2325132613182	-1.1453968674499	0.252044795382945	0.32146546913313
IODOLM_03976	530.437060908973	-0.188808678986043	0.164912589389862	-1.14490154866036	0.252249942398413	0.32163337643807
IODOLM_03916	560.275598596942	-0.23999203983818	0.210186568555262	-1.14180483314318	0.253535152939047	0.323177928709953
IODOLM_02821	147.800128676704	0.212850637670534	0.186657692247478	1.14032609697289	0.254150469297818	0.323867924766236
IODOLM_02536	4.77285151897364	0.971598703412821	0.85430510198691	1.13729708643097	0.255414112340029	0.325383451411927
IODOLM_03723	32.1818308831129	-0.363095374423126	0.319324606011859	-1.13707295832267	0.255507787360275	0.325408055148011
IODOLM_03033	11.2174266996238	0.628636359304291	0.553953757879521	1.13481739290053	0.256451837189495	0.326515344643943
IODOLM_03457	683.494164927451	-0.1481387069313	0.130593550847747	-1.13434933019019	0.256648044387046	0.326670111180254
IODOLM_01319	16.2199091573883	0.634460275510129	0.559772958820007	1.13342430268079	0.257036113122926	0.327068924404166
IODOLM_02441	4.61038048319672	1.49637748295573	1.32103454452203	1.13273153163239	0.257327011921941	0.327343896561167
IODOLM_03425	36.1242641491863	-0.354083724479673	0.312683136848642	-1.13240428648722	0.257464503571355	0.327423617445002
IODOLM_02925	2.03981217765336	1.36459486844831	1.20533764710269	1.13212664661096	0.257581193585809	0.327476845767432
IODOLM_01565	35.8156035756658	0.372346101439299	0.329078098709762	1.13148247452255	0.257852075715097	0.327726018974517
IODOLM_01305	32.9905151051077	-0.390082016899688	0.345673697503943	-1.12846889918559	0.259121944300584	0.329244375220487
IODOLM_01461	12.8276201068534	0.604598255893943	0.537002957766489	1.12587509463374	0.260218392564351	0.33054156338508
IODOLM_00189	504.829652069373	-0.155755391683683	0.138408893932657	-1.12532791252176	0.260450105892695	0.330739890709934
IODOLM_02415	9.07339176228542	0.705261224503877	0.627051381699554	1.12472637025748	0.260705003624938	0.330967535788433
IODOLM_00741	975.068708167682	0.192025039470717	0.170869539230949	1.12381083448217	0.261093284177572	0.331364330499146
IODOLM_02934	338.777544687045	-0.193652408976086	0.172406477570302	-1.12323163088301	0.261339131997408	0.331580180232142
IODOLM_00497	8.76369840114116	0.749309832230996	0.668119003694766	1.12152150752671	0.262065941842718	0.332405959856155
IODOLM_04352	57.8494607286192	0.361400609885201	0.322444087322935	1.12081636505014	0.262366036706611	0.332690169987868
IODOLM_01840	121.436477724838	0.250592508850847	0.223699309123717	1.12022030748542	0.262619892211735	0.332915599165281
IODOLM_04077	32.4578182642154	0.405592261819336	0.362347002028684	1.11934764065532	0.26299185894598	0.33329058058141
IODOLM_01759	35206.9730879528	-0.25111861672437	0.224514450710042	-1.11849645281268	0.263355020656104	0.33356127381598
IODOLM_02898	447.809790478267	-0.153482895295585	0.137223343706057	-1.11848969096947	0.263357907000505	0.33356127381598
IODOLM_03878	173.090684901578	-0.216700127229908	0.193838322414345	-1.1179426468967	0.263591489263992	0.333760519970842
IODOLM_02215	21.0495867768799	-0.444711096155881	0.39847774205021	-1.11602493496323	0.264411461387343	0.33470192508852
IODOLM_03635	7.00347903348384	0.915056436509103	0.820642819802728	1.11504836748474	0.264829695559983	0.335134397851499
IODOLM_03925	96.2660564223308	0.236517859048052	0.212387093014856	1.11361691377125	0.265443567193741	0.33581412259029
IODOLM_01522	45.9517475713424	0.315945348967014	0.284551639726141	1.11032693141775	0.266858171962585	0.337506173557305
IODOLM_02195	9.35954352719586	0.715941964658022	0.645527078311335	1.10908122790277	0.267395142276533	0.338087588154322
IODOLM_01963	8.76776195611543	0.710612005802227	0.641577082263584	1.10760191635131	0.268033775457934	0.338797169671842
IODOLM_00224	2.54012925890677	1.21905562224805	1.10138867148058	1.10683508357616	0.268365236738658	0.339118185379257
IODOLM_04233	8.02765859984385	0.787794833108863	0.713435781575809	1.10422669209107	0.269494813686836	0.340447258860738
IODOLM_02951	81.7170539761534	0.321813403641404	0.291664806344909	1.1033672786042	0.269867700500964	0.340819929983325
IODOLM_01801	34291.1999548923	-0.137564842742496	0.124741856420649	-1.10279617996549	0.270115687405777	0.341034693620219
IODOLM_02551	575.887180940338	-0.21837801577864	0.198187754112179	-1.10187441578773	0.270516272622155	0.341441940869498
IODOLM_01243	71.0524212974462	-0.30526639371618	0.277246707885137	-1.10106408853248	0.270868765205317	0.341788268898059
IODOLM_02430	45.4301948771843	0.331175394643917	0.301640592356424	1.09791388505362	0.272242094267874	0.343422140246819
IODOLM_02468	4.34845536179575	0.961592616703584	0.876239118969134	1.09740891029251	0.272462680088332	0.343601351027822
IODOLM_02950	28.8813946987793	0.388354461802948	0.353990032141606	1.09707739354535	0.272607561521952	0.343685015620876
IODOLM_01754	55.9134727850228	-0.388629711734566	0.354338846123651	-1.09677422045606	0.272740102177052	0.34375307808951
IODOLM_00817	3700.93561545829	-0.106807315838811	0.0974534757271998	-1.09598262187996	0.27308637959729	0.344090410917864
IODOLM_00309	1.78701274916936	1.44080901620569	1.31648132271857	1.09443939032145	0.273762316008012	0.344743566863615
IODOLM_03949	29.7051033419185	0.383170232500291	0.350097980649806	1.09446570297007	0.273750781477164	0.344743566863615
IODOLM_04224	5378.21031718006	0.213897387670616	0.196127110867264	1.09060591738068	0.275446324665244	0.346764417933
IODOLM_01939	934.54992402063	0.132532142575254	0.121566570223294	1.09020220223223	0.275624083486185	0.346788668584114
IODOLM_02530	15.5688095111742	-0.653641155831786	0.599512891873974	-1.09028707254087	0.275586707953902	0.346788668584114
IODOLM_03761	3717.11094879625	0.133400651351313	0.122469119354223	1.0892594970449	0.276039468399774	0.347211472755795
IODOLM_01092	488.556712830142	-0.198134281570055	0.182433751174573	-1.08606154450257	0.277451764465852	0.348887621063957
IODOLM_04387	716.077899141617	-0.201605411697631	0.185819039061266	-1.08495562519383	0.277941309488349	0.349402806756971
IODOLM_01329	760.42998518273	-0.135594502596885	0.125162953226322	-1.0833437459062	0.27865587482185	0.350099944938391
IODOLM_03067	16.4456273403397	0.483544292065697	0.446288380041917	1.08347945787941	0.278595663940226	0.350099944938391
IODOLM_01019	546.096594087453	0.16012847012759	0.147878526206262	1.08283788211577	0.278880387737817	0.350270151756038
IODOLM_02128	3.62960568639124	1.39360886518861	1.28718699961426	1.08267785924364	0.278951434842274	0.350270151756038
IODOLM_02979	891.565866708991	-0.168550752560676	0.156060531083396	-1.08003446733502	0.28012683191774	0.351645156761914
IODOLM_01910	116.481628125014	-0.275402249218859	0.25518699348813	-1.07921742191641	0.280490814948245	0.352001091543882
IODOLM_00235	2.28842811557053	1.25244430774952	1.16094758108136	1.07881210845277	0.280671495934397	0.352126853844301
IODOLM_03736	64.2418999018029	0.315501758146469	0.292593593246981	1.07829346037714	0.280902814577254	0.352316055199215
IODOLM_00503	61.0864455447409	0.343504879241816	0.319179835408009	1.07621109210333	0.281832860125152	0.353187869304651
IODOLM_01050	6.5698367374126	0.834768496261512	0.775455479763678	1.07648797132223	0.281709077640541	0.353187869304651
IODOLM_02969	10675.0631533075	-0.252823332910748	0.23492334358186	-1.07619502198448	0.281840045615137	0.353187869304651
IODOLM_03043	169.778998521599	-0.198573097596779	0.184753421221344	-1.07480065204789	0.282463988476101	0.353868426444724
IODOLM_02219	737.475645664797	0.195517563111063	0.182163496394897	1.07330813791155	0.283132885121314	0.354604895618451
IODOLM_03340	1954.39055429211	-0.14106945834586	0.131466889811696	-1.07304172592748	0.28325239515759	0.354653070446242
IODOLM_02780	152.435995473561	-0.213619997436278	0.199388501832257	-1.07137570859524	0.284000530667208	0.355488078432409
IODOLM_02214	310.196479441664	-0.245796207787574	0.229541224434373	-1.07081509386062	0.284252578754543	0.355701825744889
IODOLM_04204	53.9828401657317	0.329115054154235	0.307543234911992	1.07014239558355	0.284555218513076	0.355978741055809
IODOLM_00171	562.554423141336	0.200128285431391	0.187929982225863	1.06490876581293	0.286917217857248	0.35883102181861
IODOLM_02185	1.1449875082119	1.72603465770547	1.62128368060651	1.06460990038447	0.287052497738823	0.358897637172883
IODOLM_01753	41.5415474430213	-0.347590703179228	0.326773129145288	-1.06370650514744	0.287461676636294	0.359203968292524
IODOLM_01795	10023.2144813789	0.13575700618205	0.127615019074649	1.06380116671563	0.287418782693318	0.359203968292524
IODOLM_02385	545.130481173999	0.16283583522495	0.153109594355139	1.06352469883273	0.287544070543183	0.359204354181264
IODOLM_02239	14.0895760296063	0.574974220947828	0.541173467531302	1.06245826051066	0.28802769704325	0.359705822563145
IODOLM_00406	2612.03269096265	-0.145276047051646	0.136891828585011	-1.0612470339048	0.288577649582337	0.36012290793303
IODOLM_00641	932.432266952496	0.126181462891644	0.118906858678896	1.06117901266228	0.288608555329327	0.36012290793303
IODOLM_00782	8128.07252353412	-0.120306764695527	0.113358511033046	-1.0612945035989	0.288556082842328	0.36012290793303
IODOLM_02407	413.784801537229	-0.183736883921765	0.17322523565558	-1.06068196834256	0.288834457287649	0.360302048201468
IODOLM_00534	923.887002056703	0.128881713582785	0.121675419494526	1.05922555367547	0.289497069988287	0.361025699136149
IODOLM_00609	10.0503902986401	0.685648340520006	0.6503551920646	1.05426749703245	0.29176046525336	0.363744671210457
IODOLM_01698	36.506875701389	-0.386553092925988	0.367440085894418	-1.05201666275754	0.292791904843246	0.364926623638292
IODOLM_02722	14.766724600309	0.555711334231602	0.52850626336898	1.0514753991546	0.2930403023228	0.365132221800847
IODOLM_01468	6.26034181704622	-0.819838979680232	0.780222148225523	-1.05077634817829	0.293361321067268	0.365428164244339
IODOLM_02758	3382.90688900494	-0.117856026990866	0.11230661340541	-1.0494130614145	0.293988049303714	0.365910770979575
IODOLM_03426	48.019025132514	-0.345213725929952	0.328966735350494	-1.04938794362338	0.293999604836422	0.365910770979575
IODOLM_04339	136.775536525934	-0.221098646065411	0.210670747165758	-1.049498561333	0.293948717032986	0.365910770979575
IODOLM_01368	399.959396995797	0.235905646299148	0.226413584776117	1.04192355124105	0.297447124123736	0.370096279546622
IODOLM_00786	942.051804864961	-0.131281032025317	0.126099693910689	-1.04108922039334	0.2978341420053	0.370472485905398
IODOLM_01478	218.082795757213	0.172956039712394	0.166413978685996	1.03931196812945	0.298659670514651	0.371288272207987
IODOLM_02238	36.7447117530296	-0.353826783926755	0.340438901450045	-1.03932536035009	0.298653444160247	0.371288272207987
IODOLM_04150	3.94043284972368	0.928245394045132	0.893958101251171	1.03835447404747	0.299105056353505	0.371630813913384
IODOLM_04334	5.89080742955539	0.984121716867901	0.947668143276944	1.03846660231176	0.29905287611464	0.371630813913384
IODOLM_03633	1.51564165422624	1.39372814886229	1.34421841319672	1.03683161544249	0.299814338573053	0.372406342774817
IODOLM_00460	51.4064766050643	-0.329365532056002	0.317995997430654	-1.03575370355983	0.300317061119045	0.37292493174147
IODOLM_03534	261.906572033533	0.184587321582961	0.178473338342059	1.03425712376817	0.301015975464175	0.37368678259042
IODOLM_00021	125.642064082713	0.252914175460732	0.244908257619575	1.03268945652944	0.301749249210076	0.374490843602748
IODOLM_03750	51.092874229879	0.339577435053957	0.329040080147609	1.03202453300407	0.302060624903592	0.374770993642789
IODOLM_01971	27.8727986923001	0.531065297734478	0.514679721179883	1.03183645261374	0.302148739469759	0.374774060067933
IODOLM_01321	8.6120561908392	0.665869140675229	0.646726361298104	1.02959950378194	0.303198048303384	0.375862509738133
IODOLM_03897	152.180469803543	0.225569697203653	0.219063417439539	1.02970043944425	0.303150649242193	0.375862509738133
IODOLM_03722	116.233227353368	-0.363525437391085	0.353885829074126	-1.02723931710456	0.304307788726961	0.377131374531063
IODOLM_01448	5.72272485806998	1.00255035682533	0.976386512722532	1.02679660540357	0.304516248163176	0.377244867311057
IODOLM_03047	34.9469185353116	-0.325089892038053	0.316642287037788	-1.02667870131716	0.30457178158363	0.377244867311057
IODOLM_02552	907.975637611561	0.124041909958061	0.120907659082558	1.02592268264298	0.304928029958793	0.377579247057068
IODOLM_00433	179.603898272685	0.255940321880864	0.250210766116831	1.0228989177922	0.306355641242664	0.37923114180762
IODOLM_03094	552.88210750025	-0.135138304648737	0.132145409135923	-1.02264850161942	0.306474068610355	0.37923114180762
IODOLM_04085	9.84048776674131	0.625281615658157	0.611494233944099	1.02254703470404	0.306522063202366	0.37923114180762
IODOLM_02717	1.90137250022587	1.25730034079678	1.23206765999501	1.02047994734467	0.307500894759378	0.380334628453092
IODOLM_03841	1586.10336065543	0.12474204412219	0.122418841562031	1.01897749178571	0.308213652371921	0.381108489058923
IODOLM_04014	929.236079631968	0.126368869650959	0.124447200440794	1.01544164274775	0.309895351157738	0.383079677024368
IODOLM_00345	2112.59619321714	-0.269402568614651	0.265575461004505	-1.0144106221097	0.310386857883116	0.383578901467527
IODOLM_01938	3770.14375937367	0.171144405888511	0.16899578815718	1.01271403124753	0.311196773849431	0.384471225964176
IODOLM_03595	193.49805110376	0.257742009333386	0.254716468083449	1.0118780747578	0.311596353677251	0.384856235871196
IODOLM_00488	1.1709487841258	1.5711600474647	1.55482955551275	1.01050307533327	0.312254326778659	0.38556008295243
IODOLM_00779	1405.55617249775	-0.201186771467117	0.199617598374769	-1.00786089555793	0.313521246783394	0.387015225930644
IODOLM_00990	571.288743245922	-0.162676033904717	0.161466912999007	-1.00748835091507	0.313700152948575	0.387126866695704
IODOLM_00299	87.1360924800712	-0.226750305181925	0.225290026540788	-1.00648177224513	0.314183875545104	0.387614502223112
IODOLM_03389	307.370870862161	0.21531922543773	0.214226515453631	1.0051007223909	0.314848352292253	0.388215381693689
IODOLM_03693	266.081999299365	-0.185576455177628	0.184625178259552	-1.00515247663966	0.314823434665936	0.388215381693689
IODOLM_02846	696.240533639595	0.253998263906809	0.253572639811477	1.00167850954128	0.316498889249897	0.390140602635929
IODOLM_00310	274.0295553502	0.306746430660584	0.306514898662988	1.00075536947341	0.316945091329771	0.390580602551134
IODOLM_02826	64.2650485904052	0.302386770129079	0.302480398802389	0.999690463667462	0.317460328508091	0.391105404716048
IODOLM_01099	159.510713187528	0.214363335107617	0.214715266239322	0.998360940338017	0.318104366828865	0.391788547493137
IODOLM_00459	9.88009051506675	0.62875688551443	0.629966475513754	0.998079913699634	0.318240609289912	0.391846062535918
IODOLM_01909	690.94313067345	-0.256395875664082	0.256944897570552	-0.9978632698619	0.318345664886644	0.39186515598986
IODOLM_02026	8.3227566379262	-0.622205367078206	0.623942964680602	-0.997215133913265	0.318660096588781	0.391921467867483
IODOLM_03932	10.2574834355359	-0.57085138512648	0.572344439406398	-0.997391336095681	0.318574595092555	0.391921467867483
IODOLM_03943	999.800282901319	0.148224435928711	0.148610893675813	0.997399532850225	0.318570618011648	0.391921467867483
IODOLM_01747	885.505139547522	0.188322643440342	0.18892667327783	0.996802834523002	0.318860222145036	0.392057412786367
IODOLM_00223	2.35564521809104	1.13174172433288	1.13595068411712	0.996294768916388	0.319106944707463	0.392250558999961
IODOLM_03108	60.3322664978975	0.312252135816318	0.313956655808481	0.994570842947177	0.319945034226726	0.393170308839133
IODOLM_00581	644.776443726369	0.141575193528751	0.142468685621638	0.99372850188806	0.320355062801561	0.39356365941034
IODOLM_01045	14.846902292973	-0.461121319954351	0.465192718449742	-0.991247931590678	0.321564530937255	0.394938643665851
IODOLM_02030	124.644955703816	-0.265753882886087	0.26856671944589	-0.989526488741397	0.322405616434302	0.395860543635383
IODOLM_01879	15.8750913270203	0.491552024829112	0.497703182843459	0.98764091083524	0.323328542761681	0.396882385168336
IODOLM_02231	640.770014903463	0.137379408037448	0.13925364823943	0.986540817955741	0.323867795492793	0.397432830363562
IODOLM_02515	85.9825909972054	-0.231273446207109	0.234543612543628	-0.986057320849395	0.324104985384229	0.397554112231496
IODOLM_03580	23.8890865359795	0.459085468694841	0.46561856296069	0.985968999551247	0.324148325512335	0.397554112231496
IODOLM_03952	5.62773039511254	0.93226928891548	0.946374223072019	0.985095817476142	0.324577007638218	0.397968334386338
IODOLM_00389	52.903449492972	0.279560526464871	0.284405804066256	0.982963506608831	0.325625399845336	0.399141946701174
IODOLM_00271	89.8797011137651	0.283155756130819	0.288769370333399	0.980560215939457	0.32680966134468	0.400369282767167
IODOLM_02235	351.071467673572	0.154467395064362	0.157529527639564	0.980561532678445	0.326809011734585	0.400369282767167
IODOLM_00317	94.7204921703345	0.202504892046912	0.206762831368416	0.979406650154077	0.327379092555991	0.400865691326339
IODOLM_03434	7.56990137074503	0.651284666826663	0.665004904755286	0.979368215436439	0.327398076051265	0.400865691326339
IODOLM_02938	23.8160513833596	0.427405579739468	0.436708408472712	0.978697848374894	0.327729295526632	0.401158992230641
IODOLM_01731	64.5696117856509	0.272906233037864	0.278923904831835	0.978425399581299	0.32786397098934	0.401211615505971
IODOLM_01861	495.653838908062	0.168980228501373	0.172885994806534	0.977408428545456	0.328366991937519	0.401714832742126
IODOLM_03324	34.378289238207	0.413591070926411	0.423516880022246	0.976563368394399	0.328785361738435	0.402114237833257
IODOLM_01537	29.5308816525372	-0.47800641483891	0.48999481952569	-0.97553360931778	0.329295638611431	0.402625793395815
IODOLM_00708	2471.87525389366	-0.209798464893682	0.21537850528336	-0.974091934650879	0.330010893776186	0.403387617643741
IODOLM_02724	1.03799817587552	1.5890518856245	1.63169331023509	0.973866765069689	0.330122697466994	0.403411595675947
IODOLM_00226	59.0859070754002	-0.257823368411512	0.265373154883692	-0.971550300649329	0.331274317593852	0.404647791902635
IODOLM_00507	30.4634330895426	0.39632210601432	0.407965429011011	0.971460025363137	0.331319250088469	0.404647791902635
IODOLM_00557	8.73435899591501	1.01193903679511	1.04188492908324	0.971257965777006	0.331419834987048	0.404657700307847
IODOLM_03577	436.53125454944	0.1496967584699	0.154163993935931	0.971022835151202	0.331536907442761	0.404687728582851
IODOLM_00649	218.234943124445	0.256530020569322	0.264398207480136	0.970241148811854	0.331926304281048	0.405050057873359
IODOLM_00012	25.9023140170436	0.379643922333262	0.391557113946518	0.969574830365913	0.332258463887409	0.405342357951296
IODOLM_03178	8.56397070978841	0.61939881215972	0.640470857883963	0.967099134230927	0.333494478274401	0.406736855331321
IODOLM_04290	64.9263928830626	0.265063153878749	0.274235363368437	0.966553513095373	0.333767283183339	0.406956152468735
IODOLM_02071	359.52226118804	-0.270384576019934	0.280302329156953	-0.964617657060332	0.334736352146473	0.40802403258857
IODOLM_00395	471.644159878666	-0.215615407553748	0.223751767169285	-0.963636668802794	0.335228115956833	0.408509672912031
IODOLM_00517	491.242492953248	0.229253602607679	0.238176497431715	0.962536627583945	0.335780113517675	0.409068423372312
IODOLM_00418	439.725478627292	0.153955283394428	0.160181862042447	0.961128066757214	0.336487779128468	0.409816454624597
IODOLM_03000	2.43706921780605	-1.16615227365864	1.21587098362689	-0.95910856444658	0.337504056326117	0.410939830407092
IODOLM_03716	34.7097990960796	-0.412560921021424	0.431218666080456	-0.956732519886906	0.338702279655479	0.412284054456851
IODOLM_00948	4233.02034716815	0.205048347449407	0.21472552579926	0.954932333667214	0.339611917198296	0.413276348626179
IODOLM_04071	2.80419520014963	0.946502224113609	0.992840791275955	0.953327293187869	0.340424267004586	0.414149733781504
IODOLM_02936	14.755831858383	0.541221457208972	0.567921066052682	0.952987113104846	0.340596600142745	0.414244225187508
IODOLM_02919	2.02533189039302	1.1478265236646	1.20535584936565	0.952271915607887	0.340959097025024	0.414569882906781
IODOLM_00845	491.084564306333	-0.142417347332626	0.149595927454772	-0.952013532425098	0.341090118920641	0.414613988999091
IODOLM_00220	1.06528422113445	1.62234847325536	1.70612437455662	0.950896955374061	0.341656687528808	0.415187354797574
IODOLM_03959	63.2461712208594	-0.240209059838415	0.252753232035637	-0.950369884111105	0.341924340821796	0.415397255812376
IODOLM_03025	301.20802713196	-0.178331376810859	0.18834369164753	-0.946840190138103	0.343720218772017	0.417463135538814
IODOLM_02566	111.701394088204	0.189428940813111	0.200692826654936	0.943874995287241	0.34523353113562	0.419068497156581
IODOLM_03665	61.539123212419	-0.250029578214993	0.264863133512838	-0.943995394522786	0.345172001742056	0.419068497156581
IODOLM_02587	6400.41084391566	0.206465240691364	0.219047387510256	0.942559703806999	0.345906159340939	0.4196521633701
IODOLM_02716	0.856841640598059	2.18816927539436	2.32137693485468	0.942616962605144	0.345876860335411	0.4196521633701
IODOLM_03536	2.65471749232027	-0.974675129804886	1.03605160635854	-0.940759247727654	0.346828249160608	0.420654217939806
IODOLM_01990	185.58470973201	-0.166441893000296	0.177063259422587	-0.940013719068947	0.347210523627882	0.421001177998229
IODOLM_03041	578.051730693609	-0.138671703698544	0.147770613591142	-0.93842544419709	0.348025815067255	0.421872843970722
IODOLM_04086	279.5881665836	-0.159814128523378	0.170389781225817	-0.937932588290472	0.348279054537949	0.422062902979248
IODOLM_00278	3.36630267813494	0.894337162712185	0.954779761545285	0.936694721371895	0.348915612289064	0.422654251460484
IODOLM_02941	26.9385268342519	0.352507219296766	0.376365768076699	0.936608079683085	0.348960194361684	0.422654251460484
IODOLM_02273	39.0260194051285	-0.310089852626747	0.331154160795412	-0.936391232053164	0.349071790649382	0.422672428301521
IODOLM_03732	1100.36365516477	0.146767298982104	0.156970194080352	0.9350010671897	0.349787749447677	0.423422183010521
IODOLM_02302	77.9578279750744	-0.20979623936724	0.224570678229966	-0.934210294152486	0.350195426674271	0.423798447767314
IODOLM_02196	47.4361698565708	0.260898220305226	0.279543327103953	0.933301549380953	0.350664295414451	0.424248536558926
IODOLM_00370	1172.73721990537	-0.133567057734887	0.143270272629816	-0.932273354989699	0.351195274137496	0.424773499067353
IODOLM_01445	20.13948082032	0.542785585892861	0.583320109898269	0.930510669326182	0.352106742569213	0.425758249649869
IODOLM_03873	92.2707098585652	0.304245093759923	0.328390496215711	0.926473504154248	0.354199960437213	0.428171001898687
IODOLM_01274	14.2611957113521	-0.499828865351801	0.53986590555704	-0.925838917047505	0.354529699144115	0.428451246466348
IODOLM_00616	1967.51117585166	-0.143244429528653	0.155130438381389	-0.923380550092213	0.355808924010427	0.429878479146778
IODOLM_01850	729.156977393018	-0.145439682088175	0.157579189695458	-0.922962495043011	0.356026750524018	0.43002292583304
IODOLM_03137	5.69671501413454	0.677986637799213	0.735818200950611	0.921405092892939	0.356838970801455	0.430816599901602
IODOLM_03743	11.3298711743618	0.545918053707744	0.592535784167752	0.921325037735088	0.356880752889238	0.430816599901602
IODOLM_04126	17.0227805798613	-0.44105734275208	0.479076019000272	-0.920641662825184	0.357237542793127	0.431128374865616
IODOLM_04128	811.995203895039	0.134253291579142	0.146093697274487	0.918953343530639	0.358119976546021	0.432074170765201
IODOLM_01343	339.025530032252	0.159390322087941	0.173687884924354	0.917682440300084	0.358785143383975	0.432757383530395
IODOLM_01860	332.680049989641	0.150671595726521	0.165518247518055	0.910302024011495	0.362663251431924	0.437194046354297
IODOLM_02535	5.52282380003027	0.768444334671374	0.844016794987776	0.910460952003335	0.362579465707633	0.437194046354297
IODOLM_01970	31.4908419812213	-0.339760066262278	0.373613122787151	-0.909390076364746	0.363144258183916	0.43765333897351
IODOLM_00076	1260.70677717233	0.122353377928669	0.134917419858215	0.906876058386314	0.364472343148854	0.439132977318113
IODOLM_00041	9.57747154262467	0.552442130575989	0.609532280667871	0.906337774220378	0.364757097591765	0.439355094704531
IODOLM_02759	344.457673185629	-0.133637058248834	0.147607896514332	-0.905351687847257	0.365279101592446	0.439862781664432
IODOLM_00785	956.863781111428	-0.131518089247674	0.145315566301449	-0.905051623821552	0.365438038846973	0.439933110865021
IODOLM_02814	353.999475698273	-0.217497044233935	0.242080686607654	-0.898448559783033	0.368946457758518	0.444034570723674
IODOLM_01230	17.0245834895054	0.401188779789534	0.44696816186163	0.897577979869027	0.369410582930137	0.444470913088336
IODOLM_01872	157.320618448486	0.170381885437701	0.189959907353249	0.896936031458779	0.369753052059192	0.444760680541787
IODOLM_03599	416.3453308106	0.146633071526652	0.163630465245103	0.89612329407613	0.370186917290369	0.445160195125764
IODOLM_03807	827.454951291327	-0.113526846690148	0.126719268434615	-0.895892535464924	0.370310161243053	0.445186061977912
IODOLM_02223	53.1193582149005	0.276814701057796	0.309772270877694	0.893607101350558	0.371532145497857	0.446532455011981
IODOLM_03493	5.50024811224243	0.705353243998008	0.793454461913003	0.888964997811488	0.374021891415338	0.449401372002614
IODOLM_03490	441.497603345864	0.136384075537006	0.154584802442793	0.882260567544976	0.377635915240655	0.453619205350839
IODOLM_03414	191.951377055511	-0.203322798293964	0.230952065135107	-0.880367959364296	0.378660007957267	0.454724532058453
IODOLM_00222	3.51624253495064	0.812217858533458	0.923161864547324	0.879821718948206	0.378955896956955	0.454830226298309
IODOLM_01276	49.1219118967193	-0.280864307240937	0.319164577211477	-0.87999836853711	0.378860193363095	0.454830226298309
IODOLM_01187	2119.73404434946	0.106510294517655	0.121146418968672	0.879186487098704	0.379300169961163	0.455118602618604
IODOLM_02027	1.57475998140653	1.20533199367158	1.37263713765355	0.878114077353342	0.379881814190463	0.45569156219777
IODOLM_02110	1690.46410982529	0.472235038740002	0.538637402830081	0.876721587210263	0.380637878543602	0.456348316851178
IODOLM_04153	0.678228605789786	1.83716607196562	2.09504065697923	0.87691189469066	0.380534494986172	0.456348316851178
IODOLM_02714	26.4373609423024	-0.343313416728978	0.393409272681839	-0.872662238967166	0.382847205543286	0.458871369886995
IODOLM_03833	276.713787705903	-0.158453818224153	0.181660964138625	-0.872250232599434	0.383071881126394	0.458955245055939
IODOLM_03977	385.435507390699	-0.141864420159111	0.162660708826414	-0.872149280441806	0.383126944741624	0.458955245055939
IODOLM_04176	111.932751292593	0.194749208260075	0.223502833417215	0.871350064258624	0.383563042472536	0.459351908554959
IODOLM_00071	1189.89007807784	-0.123725501945573	0.142024421196949	-0.871156530002678	0.383668691445534	0.459352720592519
IODOLM_02426	677.01383722959	-0.222044886561805	0.255060811318503	-0.870556654367927	0.383996272461007	0.459603779331968
IODOLM_03999	18.2655252879786	-0.418753155839903	0.481110941959135	-0.870387927854425	0.384088441731492	0.459603779331968
IODOLM_01415	53.4874495672221	0.237669119053406	0.273526630830089	0.868906688654541	0.384898170808054	0.460446800288694
IODOLM_02993	361.633891560113	-0.126055070889169	0.1451372286095	-0.868523342335054	0.385107899460884	0.46057178683816
IODOLM_01679	1.35842446793478	1.23983432546443	1.43015358159122	0.866923903434878	0.38598370548915	0.461493086125826
IODOLM_04277	3579.43128950376	0.17910000325649	0.206994991120362	0.865238343629043	0.386907983938261	0.462471821282117
IODOLM_00085	11.6926699745291	-0.440408506470312	0.50955902716558	-0.864293404672041	0.387426732323665	0.462965423443025
IODOLM_00695	27.870516792287	0.402908813535584	0.467751113951376	0.861374353835247	0.389031896292432	0.464638928496574
IODOLM_00979	74.784331456482	-0.208065661365341	0.241554690587823	-0.861360468136691	0.389039541593109	0.464638928496574
IODOLM_00588	29.8174056862091	0.291070531018201	0.338643228014156	0.8595197155575	0.390053847490164	0.465723229636277
IODOLM_03298	264.204844349101	-0.144058495840916	0.167665258775996	-0.859203014939316	0.390228520301374	0.465804693082055
IODOLM_03636	5.26273122614857	0.663033997030251	0.772139521250856	0.858697137994108	0.390507629884579	0.466010741307586
IODOLM_03657	1212.05619085766	0.202341453488331	0.235727269378244	0.858371006553582	0.390687632028495	0.466098439955479
IODOLM_01669	229.557292687848	0.154200894375795	0.179817148044571	0.857542765262705	0.391144990807279	0.46651689282438
IODOLM_02268	536.842165874052	-0.124081336730878	0.145091496555008	-0.855193720355866	0.392443912074209	0.467938571999111
IODOLM_00455	68.0903276142354	0.21190000734475	0.247956482051787	0.85458547238339	0.392780672973369	0.468212537437065
IODOLM_01906	7685.82535951471	-0.145211824317488	0.170058535306028	-0.853893184815296	0.393164176055193	0.468539627710414
IODOLM_04340	150.817244703299	0.177288022449604	0.207669278550525	0.853703656539986	0.393269207628051	0.468539627710414
IODOLM_03497	9.58623271718876	-0.491441425823875	0.576032017031653	-0.853149497412173	0.393576405496485	0.468777994135171
IODOLM_02772	175.311947459215	-0.152841117623524	0.179586425659287	-0.851072774918389	0.394728927780138	0.470022799446498
IODOLM_03956	18.3711809711873	-0.446433568444492	0.527903782629605	-0.845672228792732	0.397735619682596	0.473474176205398
IODOLM_02913	1.10980853001761	1.40022501472851	1.65682668642082	0.845124614544544	0.398041266581502	0.473709160337409
IODOLM_00615	301.530954508678	0.177694318569643	0.210385697776669	0.844612159702371	0.398327417667124	0.473920821019938
IODOLM_01606	608.852153600434	-0.163449301948171	0.193597876834949	-0.844272182217775	0.398517326997472	0.474017891530562
IODOLM_02484	105.894429557452	0.203376544904412	0.241009383697731	0.843853221746266	0.398751430725243	0.474167462188496
IODOLM_02352	4.375386353775	0.716846688361057	0.851251605819952	0.84210905854394	0.399726911243432	0.475198305786813
IODOLM_03079	17.5935907128253	0.391364531163255	0.46560616995141	0.840548421435431	0.400600964242165	0.476108044411655
IODOLM_01239	4.48629097088476	0.743974385506144	0.885920681443481	0.839775389704126	0.401034334613545	0.476493686741481
IODOLM_02321	63.1382222942076	-0.232630339904222	0.278449785747522	-0.835448083681249	0.403465466356028	0.479252139189462
IODOLM_03700	317.084955802072	0.173209092240871	0.207673936421158	0.834043478087722	0.404256483933288	0.480061431124034
IODOLM_02534	13.7330706609963	0.446712074475137	0.537164102362825	0.831611927361087	0.405628027495823	0.481559481367803
IODOLM_01975	26.8208612993305	0.300956989081435	0.362301356723259	0.83068137476316	0.406153650828906	0.482052719291374
IODOLM_00600	555.739984300076	-0.144608568567598	0.174776460065933	-0.827391563560936	0.40801516076227	0.484130787281912
IODOLM_00484	45.5387657586286	0.259651848145831	0.314061508278132	0.826754763961345	0.408376074378204	0.48442767727813
IODOLM_04127	22.8193708141936	-0.333245106612554	0.40397720894122	-0.824910661385955	0.409422313052575	0.485537138731184
IODOLM_04306	193.403186568765	-0.168574288794472	0.204427781440437	-0.824615361017301	0.409589997625254	0.485604397076161
IODOLM_00696	3.06348123810071	0.795419770089487	0.966011926772604	0.823405744841002	0.410277297235271	0.486287500731729
IODOLM_02586	64.7532397828592	-0.225362386259634	0.274049585146996	-0.822341643534155	0.410882482087598	0.486872933012546
IODOLM_03637	32.3713580465274	0.288554426253864	0.351629543068098	0.820620542108377	0.411862443056261	0.487902017004385
IODOLM_03744	25.4237942096626	-0.321625339288627	0.392824880415965	-0.818749919679362	0.412929109045307	0.489033229007378
IODOLM_02876	293.15045449873	0.137698252018839	0.168346148946141	0.817947145692608	0.413387368120828	0.489326025457909
IODOLM_03612	0.946723749733787	-1.25038758205837	1.52873123196607	-0.817925058317981	0.413399980831328	0.489326025457909
IODOLM_02330	10.7436438354738	0.460830305101935	0.563773821224707	0.817402808986157	0.413698270963395	0.489414337317064
IODOLM_03542	4.04519213008621	-0.730212829720105	0.893302553932661	-0.817430585533902	0.413682402786076	0.489414337317064
IODOLM_03569	459.466354903123	-0.201833884653838	0.247318684103279	-0.816088300751081	0.414449634708088	0.490170703103404
IODOLM_00736	732.839962373552	-0.124920069935542	0.153259771396597	-0.815087147770052	0.41502242780336	0.490715521228723
IODOLM_00942	5646.12376869582	-0.113880347826865	0.139776400797048	-0.814732295133398	0.415225563114395	0.490823085950457
IODOLM_02178	120.615272384642	-0.18224604833915	0.223779299667213	-0.814400834260236	0.415415360872578	0.490914830996058
IODOLM_01352	30.9601893045187	0.297620367730255	0.365787613256171	0.813642553614365	0.415849752520833	0.491295495958738
IODOLM_01572	923.345826079501	-0.27792203302579	0.341786032221543	-0.813146257672821	0.416134207734353	0.491498864519711
IODOLM_03380	5.3240389411923	0.651303695677186	0.802301309721248	0.811794381718604	0.416909626412876	0.492281847054168
IODOLM_00854	363.456824482788	0.11951019394519	0.147262345441344	0.811546180301684	0.417052084083236	0.492317216063729
IODOLM_03154	203.993024128351	0.142668143884418	0.175976790428188	0.81072136579646	0.417525700694621	0.49274338355978
IODOLM_02523	34.2396121828465	0.273372662820803	0.337675258153234	0.809572677358402	0.418185816717648	0.493389359384316
IODOLM_04351	71.9996477378768	0.20536259107474	0.254081967345109	0.808253309829754	0.418944774582991	0.494151572392229
IODOLM_00442	13.12096515338	0.449627707494721	0.556783969914489	0.807544275320597	0.419352976770349	0.494336373329783
IODOLM_01951	5792.23329168494	-0.173972905842612	0.215474989764889	-0.807392570397331	0.419440346017707	0.494336373329783
IODOLM_03929	131.995298821214	0.245380300857362	0.303789212056525	0.80773210870867	0.419244815402528	0.494336373329783
IODOLM_02014	1.69741379296331	1.0107317737942	1.25240781983752	0.80703087108265	0.419648697507577	0.49444876152212
IODOLM_01300	10.7487042011592	-0.430276270104562	0.534676642602975	-0.804741101107094	0.420969096324038	0.495757154809979
IODOLM_02620	66.2050895283294	-0.218115623220698	0.271047965117676	-0.80471226974902	0.420985737494032	0.495757154809979
IODOLM_03919	4281.70919857013	-0.13613683364325	0.169397234957198	-0.803654402491563	0.421596594776012	0.496342937514079
IODOLM_03581	561.021343210051	0.105160510003487	0.130938272789512	0.803130419877588	0.421899356911088	0.496565784250383
IODOLM_02379	6576.97285351631	-0.237220352858375	0.295585338112586	-0.802544383199478	0.422238125441786	0.496830878444005
IODOLM_00509	1931.56750367963	-0.129908810201494	0.162073650568678	-0.801541828333444	0.422818038937767	0.497379499567652
IODOLM_02840	10.0305261417541	0.49386823882497	0.61684464404032	0.800636341089295	0.423342205743092	0.497862266146673
IODOLM_01245	5.45959925560558	0.592522473137554	0.740348133321789	0.800329529405347	0.423519898563804	0.497907239147487
IODOLM_03319	6.53218975981429	-0.559183124961471	0.698823923913774	-0.800177420700993	0.423608009905415	0.497907239147487
IODOLM_03954	15.9644812399016	0.366632250407826	0.458728559751818	0.79923571928066	0.424153743860788	0.498414818242429
IODOLM_02810	582.275407039642	0.212620459824174	0.266569712752126	0.797616719577903	0.425092945471361	0.499384356881256
IODOLM_03060	542.76243380164	0.120276025848755	0.150902282102221	0.797045771430283	0.425424449008821	0.499639664214332
IODOLM_03058	266.391258707396	-0.14395559570458	0.180808657638036	-0.796176452970343	0.425929481885291	0.499964434745181
IODOLM_03173	97.9293790232082	-0.191033701740353	0.239935341042889	-0.796188260178832	0.42592262011335	0.499964434745181
IODOLM_04273	1520.53684852547	-0.0870591867278858	0.109959654612735	-0.791737542596855	0.428513726952495	0.50286298448488
IODOLM_01512	994.479451667185	-0.171948648900187	0.217375201970333	-0.791022376709071	0.428930933762367	0.503217631674026
IODOLM_03531	29.6883759921019	0.278406397428757	0.35399873037019	0.786461570462744	0.431597124558649	0.506209867882242
IODOLM_00951	246.958378266758	-0.147943543637816	0.188779468733663	-0.783684500386747	0.433225259465927	0.507983316029715
IODOLM_03433	16.3916461789858	-0.376708552160439	0.48086800140168	-0.783392845983456	0.433396455923329	0.508047921543125
IODOLM_04158	414.901447302413	0.110102693578928	0.140614623496912	0.783010264798998	0.433621084256655	0.508175111062432
IODOLM_01295	26.8293978858524	-0.282873056437369	0.361459822101932	-0.782585059640731	0.433870817752398	0.508331646180587
IODOLM_01271	8.01341972152183	-0.538080719860633	0.68793532445384	-0.782167597350553	0.434116084528975	0.508482865604602
IODOLM_00594	44.0251320315756	-0.226261194120498	0.28940018071599	-0.781828102389974	0.434315603122002	0.508580433305294
IODOLM_00202	52.0984482443976	-0.217251981777855	0.279592984815828	-0.77702944485879	0.437141398464073	0.511752477174635
IODOLM_02781	216.76619055432	-0.122618365827116	0.1580820881015	-0.7756626149092	0.437948219169641	0.512559884216729
IODOLM_02148	11.3694213593648	-0.459118174008858	0.592093308687761	-0.775415238227211	0.43809433366604	0.512593797893741
IODOLM_02907	396.526786943888	-0.119230644167948	0.154617462545697	-0.771133106215024	0.440628039244569	0.515282816604553
IODOLM_04345	148.011887431672	-0.144930622412831	0.187933558135183	-0.771180112008419	0.440600180741199	0.515282816604553
IODOLM_03670	1358.31491259303	-0.107047826327364	0.138866274974037	-0.770869862732172	0.440784072068647	0.515327571299064
IODOLM_04217	30.2704353504547	0.357813335444163	0.465118465330055	0.769295055164608	0.441718172044456	0.516281709633157
IODOLM_03295	416.113016614723	0.120405438847756	0.157133486671051	0.766262121452302	0.443520351755118	0.51824968205084
IODOLM_00356	76.8913010714971	-0.180302378081482	0.235577396728797	-0.765363657910914	0.44405502728176	0.518735931496258
IODOLM_01875	194.945548083772	-0.145183014579884	0.189904326107174	-0.764506093968334	0.444565706529193	0.519193896923338
IODOLM_00334	709.637203584955	-0.119167463999273	0.1562665874771	-0.762590813066396	0.445707465191755	0.520304119127668
IODOLM_03518	69.1506524088305	-0.206334086885017	0.270597621552871	-0.762512566448048	0.445754145934558	0.520304119127668
IODOLM_00563	306.516475475345	0.124422810919854	0.163360843498304	0.761644028369294	0.446272489562891	0.520432612251843
IODOLM_01444	16.0574254413228	0.389090148641544	0.510850105033208	0.761652282749852	0.4462675617329	0.520432612251843
IODOLM_02280	38.7912526072808	0.241141844895593	0.316653991622354	0.761531044216812	0.44633994373427	0.520432612251843
IODOLM_02516	85.9019379158738	0.191464035395873	0.251400966878329	0.7615883016414	0.446305758992388	0.520432612251843
IODOLM_02024	9.3761131136543	-0.496669238390436	0.653433064145767	-0.760091990508212	0.447199599948378	0.521157243508416
IODOLM_02241	131.895042072976	0.151409276931618	0.199172837042144	0.760190391321183	0.447140787684762	0.521157243508416
IODOLM_04040	338.515849985953	0.147019248176787	0.193623572267694	0.759304491983681	0.447670431045393	0.52156704106886
IODOLM_03783	8.87835041179863	0.483976316809226	0.637579923431394	0.759083369822111	0.447802686623747	0.5215822615559
IODOLM_00177	454.837282944812	-0.179661716636255	0.237672866803806	-0.755920181602229	0.449697053061292	0.523510056982233
IODOLM_01579	0.849116168598246	1.29387873343273	1.71142430813363	0.756024515535689	0.449634497308415	0.523510056982233
IODOLM_01310	20.5543722865843	0.321933410483821	0.426111097490754	0.755515198687841	0.449939916404214	0.52365347717682
IODOLM_03526	273.52467742	-0.126425634359585	0.167382939686984	-0.755307766705549	0.450064339632104	0.5236590136214
IODOLM_02265	359.353510849521	0.214603555236319	0.286277346803037	0.749635127029349	0.453474488638827	0.527486539681953
IODOLM_02650	595.439003920079	0.116272856757657	0.155985003924761	0.745410480700698	0.456023609899722	0.530310740611529
IODOLM_03436	72.7702678863988	-0.247660474801214	0.33266990461247	-0.744463119048044	0.456596345469319	0.530835708760292
IODOLM_03438	897.856424204567	-0.0894212269771793	0.120278834112269	-0.743449399365751	0.457209645871819	0.531407545905732
IODOLM_02091	309.781349153694	0.249805167471407	0.336592978787559	0.742157986691314	0.457991620228201	0.532036127908653
IODOLM_02435	5.40148002177754	0.710579151735005	0.957454247768651	0.742154680906175	0.457993622904912	0.532036127908653
IODOLM_01136	992.534022752963	0.0970523246977089	0.130985965968785	0.740936817008606	0.458731750918802	0.532610809769349
IODOLM_03092	1208.70132767756	-0.171908183544976	0.231958183852736	-0.741117130207039	0.458622423908101	0.532610809769349
IODOLM_00449	78.1942506166233	0.183931672393149	0.248663389187572	0.739681353954385	0.459493364714697	0.533353571350535
IODOLM_01162	752.099984495729	-0.191388194921075	0.25897315162146	-0.739027168348425	0.459890500158148	0.53367298559853
IODOLM_00650	354.261930680471	-0.150629207011823	0.203950033327127	-0.738559364539158	0.460174606864731	0.533861102767779
IODOLM_01282	3.63301297379549	-0.671042326189825	0.910216779897923	-0.737233526133279	0.460980348653168	0.534654122901209
IODOLM_04400	277.742668863664	-0.13348349290257	0.181198249263604	-0.736670985757598	0.4613224552031	0.534909131947208
IODOLM_01997	363.892428370742	-0.132854545094106	0.180509482497597	-0.735997595560525	0.46173216106579	0.535242367370569
IODOLM_01958	20.1596066072668	0.441745606855775	0.601128795182728	0.734860167065356	0.462424659578487	0.535761268285798
IODOLM_02421	7.42377460278704	0.525049732216676	0.714372247414793	0.734980584865597	0.462351318414615	0.535761268285798
IODOLM_00493	531.990267106166	-0.112351154837871	0.153072580975334	-0.733973087289714	0.462965140672678	0.536245488508109
IODOLM_02773	164.233569899204	-0.128577394999304	0.175344990022325	-0.733282399359877	0.463386207647437	0.536591173502298
IODOLM_01593	49.0739879417499	0.208643194074311	0.285506840013581	0.73078177063774	0.464912459909894	0.538216117609972
IODOLM_01785	591.032882722013	-0.0948269962870311	0.13009676855349	-0.728895862221533	0.466065366072259	0.539408104187306
IODOLM_01683	134.019892329535	0.180126735061257	0.247363486826556	0.728186432735548	0.466499469857447	0.539767763113746
IODOLM_00738	210.502563283622	-0.139938721943585	0.19238525240106	-0.727387989448686	0.466988309967688	0.54019054835279
IODOLM_00037	167.516920197524	-0.124724304262404	0.172074366439817	-0.724827915063256	0.468557608074959	0.54157635840888
IODOLM_01934	795.840589334327	0.0940009890121771	0.129655825729326	0.725003974818819	0.46844959194788	0.54157635840888
IODOLM_02838	57.099128174813	0.202443072927712	0.27924240210637	0.724972537840429	0.46846887814215	0.54157635840888
IODOLM_00989	1210.46247814741	-0.0926027720092687	0.127837605897649	-0.724378177759444	0.468833593346115	0.541609240887698
IODOLM_02985	49.1158593718161	0.199650841981872	0.275571938488401	0.724496271561685	0.468761115333342	0.541609240887698
IODOLM_00863	2.18351879274983	0.803773077233804	1.11260107557328	0.722427017985447	0.470031980799327	0.54242087235703
IODOLM_03600	5656.42169014712	-0.0987540802065873	0.136583264428032	-0.723032068534449	0.469660182444523	0.54242087235703
IODOLM_03641	35.5502137833566	0.242733242856504	0.335946728888206	0.72253491992559	0.46996566407452	0.54242087235703
IODOLM_03659	185.109116165801	0.128698199469832	0.178095761835843	0.722634823777881	0.469904267598173	0.54242087235703
IODOLM_00440	491.631736060143	0.147878578297002	0.20526246096166	0.720436545504656	0.471256255635724	0.543563867375539
IODOLM_04137	23.3137801711369	0.284572187830785	0.395012671733952	0.72041280747178	0.471270866732814	0.543563867375539
IODOLM_01257	3.35811371518162	0.667583331377573	0.927297855043854	0.719923299451611	0.471572221583459	0.543635672259605
IODOLM_03640	31.0173212564973	0.262913690331687	0.365204520486337	0.719908094186701	0.471581584071632	0.543635672259605
IODOLM_02016	12.2165600355626	0.391883919398773	0.544598272599523	0.719583478530329	0.471781487328425	0.543722883473581
IODOLM_02482	14.5090283365765	0.357652999184496	0.499254504698056	0.716374105429054	0.473760379718177	0.545859773998616
IODOLM_02562	11.5380244836239	-0.437625672506151	0.61224104320851	-0.714793098830372	0.474736900138316	0.546840925244872
IODOLM_00676	87.0148906629698	-0.176534824911701	0.247935912373663	-0.712017969569678	0.47645364862705	0.548673991155782
IODOLM_02720	9.35038748112054	0.649518844682396	0.91250458251947	0.711797899018811	0.476589933912202	0.548686543225414
IODOLM_00043	1.47646583713531	0.916727982114428	1.28874854739539	0.711331922714612	0.476878574165715	0.54873011847204
IODOLM_01157	996.391600284318	-0.0872065114618884	0.122586716560981	-0.711386306023682	0.476844882515427	0.54873011847204
IODOLM_01571	676.487493304959	-0.222045637755443	0.312488264472646	-0.710572725443518	0.477349049571317	0.549127087519475
IODOLM_01273	2.1602253427891	-0.788295738342057	1.11087248401015	-0.709618565306776	0.477940703705491	0.549663211410047
IODOLM_02066	425.382560531758	0.104768780258991	0.147928252114927	0.708240506874879	0.478795915301053	0.550502082332477
IODOLM_02464	91.7993519027795	0.155075249219006	0.219144072851107	0.707640627471447	0.479168456397321	0.550785701390774
IODOLM_03951	15.0476435654213	0.35589300897999	0.50328688367218	0.707137460812119	0.479481058285464	0.55100029176922
IODOLM_01172	145.200215988065	0.159869494067448	0.226147244063844	0.70692656339564	0.479612115417532	0.551006200332665
IODOLM_01989	93.5948714384818	0.153572555192273	0.217579436287087	0.705822929836258	0.480298260593073	0.551649655736296
IODOLM_04186	256.795467437781	0.112764543247049	0.160808772388889	0.70123377954995	0.48315713223265	0.554787617593827
IODOLM_00198	2220.15392475367	-0.0782574671864785	0.111941017591133	-0.699095549339344	0.48449231976287	0.55606324767588
IODOLM_02133	9.23326570690142	0.450808891630785	0.644890002925373	0.699047728427809	0.484522203699298	0.55606324767588
IODOLM_00804	203.160695460205	-0.117146136862748	0.167841498953078	-0.697956927181026	0.485204131415984	0.556157048759122
IODOLM_02243	10.5902949189965	0.399368834497945	0.572243198257091	0.69790053549666	0.485239399488649	0.556157048759122
IODOLM_02437	1.4400317073049	-0.996897945283049	1.42736393058206	-0.698418899289773	0.484915260485716	0.556157048759122
IODOLM_03091	222.481002317924	0.112496233529319	0.161123181268006	0.698200176064035	0.485052016396308	0.556157048759122
IODOLM_04378	357.198890918907	0.108673009683575	0.155619172686254	0.698326612381319	0.484972959996143	0.556157048759122
IODOLM_03054	1990.19624075999	-0.112236600628678	0.161263089105699	-0.695984439161481	0.486438574837141	0.557385494497861
IODOLM_02963	381.698755397795	0.121153687644782	0.174339745094297	0.694928672628563	0.487100002792352	0.557851246328011
IODOLM_04067	259.416623272544	0.110653902621481	0.159220897018208	0.694970978645016	0.487073489125611	0.557851246328011
IODOLM_02597	2113.58702337805	0.0870360693916425	0.125394620341252	0.694097315776229	0.487621181822557	0.558302012468736
IODOLM_02768	8.36522964259457	-0.470603287795021	0.678484192942696	-0.693609803573961	0.487926943993769	0.558505965711937
IODOLM_01554	60.5809553340254	0.236079005393528	0.340886764822537	0.692543770411353	0.48859590824331	0.559125443115252
IODOLM_04258	638.053158116353	-0.0998469500218052	0.144308724942744	-0.691898220716872	0.489001248104368	0.559442996524108
IODOLM_02811	821.660223361629	0.143836672085954	0.208538249937346	0.689737600316337	0.490359215820629	0.560849955157103
IODOLM_02949	102.230325729247	-0.154995618165506	0.225654501294957	-0.686871377597334	0.492163785158968	0.562766847101031
IODOLM_01053	32.7917668793749	0.246142047872873	0.358740653521318	0.686128113601839	0.492632323987508	0.563155446648206
IODOLM_04038	47.3609880288694	-0.281913872368093	0.411462297516086	-0.685151164687383	0.493248536647615	0.56371261331156
IODOLM_01307	5.60029503697415	0.545368248278127	0.799874943911821	0.681816892039374	0.495354741650015	0.565971892809521
IODOLM_04084	0.548082988862556	1.5324261878797	2.25880416353583	0.678423660013495	0.497503111750293	0.568278156361076
IODOLM_03170	161.845438087854	0.133429962099089	0.197180337277503	0.676689998310052	0.498602663629777	0.569385505230664
IODOLM_01040	528.905386488212	0.113900337178098	0.168567436356554	0.67569596856878	0.499233696072875	0.569908729448111
IODOLM_01566	60.355576905929	0.169780484076748	0.251376764922276	0.67540245467493	0.499420106390613	0.569908729448111
IODOLM_03252	2227.84869540523	-0.126314050509476	0.187034127907334	-0.675352952548092	0.499451548773653	0.569908729448111
IODOLM_03421	28.9222121523275	-0.25543147945745	0.379010772316563	-0.673942531755021	0.500347850574758	0.570782636630641
IODOLM_04388	1002.33047393809	0.0998301124314354	0.148379641711748	0.672801950993872	0.501073296388425	0.571461231429697
IODOLM_04336	11.4282196027197	-0.378606474394862	0.563261269379753	-0.672168485526748	0.501476441244144	0.571771992413855
IODOLM_04149	3.51851782962637	0.612053401645055	0.911644684687812	0.67137275292144	0.501983098097639	0.572200582775532
IODOLM_03655	59.9260801446486	0.251513311536845	0.375874105694524	0.66914242754794	0.503404627586519	0.57367152352047
IODOLM_03385	18.0377452435676	-0.343185913075538	0.514028494468291	-0.667639861931249	0.504363506277215	0.57461460647464
IODOLM_03430	50.9480997990932	0.18460125712859	0.277238574766947	0.665857041300152	0.505502481076876	0.575762326182303
IODOLM_03869	13.2806184823478	0.354894961122419	0.533380288370583	0.665369472513848	0.505814205493846	0.575967463762964
IODOLM_03435	14.3180019358401	0.377693074147677	0.570812541375835	0.661676201502721	0.508178759846711	0.578509431084602
IODOLM_03856	1499.2434576467	-0.0850743393414921	0.128706504996269	-0.660994868471939	0.50861560444003	0.578856146951774
IODOLM_03742	6.60865822270289	-0.490928251240048	0.747403574893245	-0.656844933221211	0.511280628952101	0.581737917913259
IODOLM_02690	578.536277660795	0.101856130529466	0.15527654361002	0.655965982764787	0.511846011794542	0.582229827817239
IODOLM_02015	11.4288729686584	0.376320030057481	0.576116491873545	0.653201280237056	0.513626525006908	0.584103345486026
IODOLM_03965	8860.22864174216	0.0982666231290362	0.150633016047404	0.652357801148399	0.514170380283882	0.584418073797992
IODOLM_04004	10.4813672839035	-0.38283050704373	0.586813039768509	-0.652389229787314	0.51415011047382	0.584418073797992
IODOLM_02624	127.753309077861	-0.129713080348612	0.199362805787441	-0.650638316592065	0.515279989932386	0.585527197077154
IODOLM_02451	982.604871677471	0.0925678705380988	0.143142035263693	0.646685443361011	0.517835546073507	0.588278387751212
IODOLM_02123	44.0774793787918	-0.232673947458213	0.36020003173971	-0.645957598433387	0.518306815939731	0.588660946418963
IODOLM_02436	2.54684249177812	-2.5456387261552	3.9483920986729	-0.644727945588488	0.519103503141742	0.589412799623316
IODOLM_03082	519.179543505246	0.111110344613871	0.172454353713395	0.644288428916831	0.519388417572027	0.589583324330788
IODOLM_02216	145.015738020314	-0.143584759341352	0.224641958927754	-0.639171595665837	0.522711308094339	0.593201422256439
IODOLM_00214	2909.6968690785	0.166134009883909	0.26053578800036	0.637662914408058	0.523693131542741	0.593956046757393
IODOLM_01735	376.155439931923	0.179801533521795	0.282030914916303	0.637524200406024	0.523783451653743	0.593956046757393
IODOLM_03911	1.19858894199047	0.954753276541794	1.49752742050306	0.637553118206722	0.523764621900786	0.593956046757393
IODOLM_03053	38.4762931247417	0.210238717057563	0.33057845989833	0.635972220096319	0.524794528735982	0.594948408743175
IODOLM_00200	711.879013761244	-0.0939581970061494	0.147936137498137	-0.635126741816768	0.525345757298289	0.595419071208835
IODOLM_01969	27.4312047378224	-0.234219178039982	0.369350539608008	-0.634137906739106	0.52599082617105	0.59599581960759
IODOLM_01996	1191.38672097405	0.0885827521683768	0.139956004259124	0.632932846556327	0.526777496970829	0.596578241911063
IODOLM_03554	158.903583952846	-0.12104658956215	0.191202774306858	-0.633079671573621	0.526681616559077	0.596578241911063
IODOLM_01030	55.4569235559105	-0.20614054251038	0.326127985059868	-0.632084800918077	0.527331466329722	0.597051098747442
IODOLM_01449	72.0576000936492	0.17817922717904	0.282118176970353	0.631576558066888	0.527663608474425	0.597272620456307
IODOLM_01835	58.5216654934027	0.207103949782137	0.328691973945371	0.630085204990609	0.528638839003145	0.598221763506016
IODOLM_01279	28.9644035943309	-0.227821432663094	0.361934444933415	-0.629454963052789	0.529051244562257	0.598533672751923
IODOLM_02525	149.555401205307	0.193854103589845	0.308268003674382	0.628849252206563	0.529447752147585	0.598827439492849
IODOLM_02962	362.919420808314	0.11839437022786	0.188626578923594	0.627665363510716	0.530223179882953	0.599549518131215
IODOLM_01982	123.566532821864	-0.144746249087352	0.230806967033445	-0.627131195161788	0.530573240170271	0.599790363984786
IODOLM_03429	77.9893015454082	-0.173837430628539	0.278265376165171	-0.624718148640074	0.53215605961966	0.601424307049492
IODOLM_02072	135.887042817541	-0.123573483832193	0.198253675794319	-0.623309925211151	0.5330808767742	0.602313947008494
IODOLM_03574	585.135143492317	-0.106029452564152	0.172897487912994	-0.613250393883738	0.53971078817517	0.609647498465292
IODOLM_04156	8.75313836373168	0.400392851241135	0.655188564689609	0.611110866122669	0.54112618664916	0.611088565877864
IODOLM_03653	43.0877999927062	-0.216873339948828	0.355724842783987	-0.609665994231739	0.542083085330521	0.612011243912889
IODOLM_02378	6512.5682095997	-0.177112853681605	0.290632124157083	-0.609405633308029	0.542255604874409	0.612048111150481
IODOLM_03936	396.865679008237	0.114015009343168	0.187219347252201	0.608991597377915	0.542530008449403	0.612199927017686
IODOLM_03113	56.0873687535152	0.176500543832172	0.289966698593868	0.608692462576129	0.542728304010435	0.612265805194551
IODOLM_01625	18.7290927208583	0.282065400978957	0.464060213808361	0.607820693491814	0.543306403032424	0.612760005069559
IODOLM_00890	207.908563342459	0.104661378123102	0.172256565859592	0.607590065440013	0.543459391413724	0.612774619125601
IODOLM_01777	36.2652763045746	0.187575511099718	0.309183790891471	0.606679640478177	0.544063536115817	0.61329779341649
IODOLM_02104	553.057030170296	-0.0841739580462444	0.138826069528213	-0.606326739151381	0.54429780606392	0.613403862821456
IODOLM_03578	482.982812213678	0.0886979402586132	0.146494537216094	0.605469268302986	0.54486723820181	0.613887495976086
IODOLM_01033	118.95324980741	0.12432764715389	0.20612416215581	0.603168720510844	0.546396453992566	0.615451964651601
IODOLM_02616	373.365943141115	0.0959074401276112	0.159747346014918	0.60036953677249	0.548259985317776	0.617392098752081
IODOLM_03432	8.29563014969167	0.391450122009263	0.652823485432363	0.599626286039644	0.548755324791819	0.61779091877772
IODOLM_01689	137.549920928481	-0.114866121045887	0.192109995866969	-0.597918502509517	0.549894313451305	0.618913970077909
IODOLM_03805	373.430196142768	0.0936708924897243	0.156735296661633	0.597637510406764	0.550081829781801	0.618965823380087
IODOLM_00128	202.621053801586	0.122922395940708	0.206196305767423	0.596142571435579	0.551079986593559	0.619929568466174
IODOLM_01677	965.594841906553	-0.114517360134978	0.192857958150385	-0.593791208997872	0.552651769554934	0.621536303341674
IODOLM_04370	32.5939162781732	-0.249551293864392	0.420416527747862	-0.593581073515874	0.552792342917229	0.621536303341674
IODOLM_02997	26.0303201999002	0.21795844444693	0.367599707098154	0.59292333546047	0.55323246022792	0.621871370654348
IODOLM_02425	1264.93003298535	0.108820268860581	0.183770764367133	0.59215223507033	0.553748651144584	0.622291755883077
IODOLM_00280	85.0850236269226	0.140354133030292	0.237521816017528	0.590910491438539	0.554580396020515	0.623066447493138
IODOLM_00419	144.599726549211	0.131400949447542	0.222728510677181	0.589960167416521	0.555217354636227	0.623461930687228
IODOLM_02416	13.5521777820235	0.354348981044255	0.600498256903471	0.590091606379493	0.55512923583154	0.623461930687228
IODOLM_00630	12.4742618833627	-0.327957902073923	0.557125105581651	-0.588661144127633	0.55608860817326	0.624280079365363
IODOLM_01800	35750.7114155347	-0.0739813923582383	0.125814793274839	-0.588018232455605	0.556520054962849	0.624604196080386
IODOLM_01235	336.697007017663	0.110894719916851	0.188813898806981	0.587322864564198	0.556986887846626	0.624967851594061
IODOLM_02438	1.13766316377699	0.859177764754603	1.46648726704535	0.585874684398492	0.557959730657336	0.625898944208281
IODOLM_02111	1139.76675702837	0.0995082268958491	0.170257226667201	0.584458168641241	0.558912101178808	0.626806600399402
IODOLM_03185	17.5601262422285	-0.264382394486628	0.452995732733836	-0.583631092706055	0.559468536574809	0.627269873443854
IODOLM_01306	70.9655509199219	0.155964216580281	0.267737845654841	0.5825258517294	0.560212533595201	0.627943147288064
IODOLM_03817	266.364693404335	-0.1012518189352	0.174131525977771	-0.581467476188804	0.560925432100023	0.628581226855237
IODOLM_03431	9.08817018681404	-0.374750703621065	0.646538699288164	-0.579626098226855	0.562166789491352	0.629811026834141
IODOLM_02353	18.4483676041437	-0.32309989618264	0.558226145852327	-0.578797497364291	0.562725819998195	0.630275963222959
IODOLM_02306	11.9674693198684	-0.29332777139884	0.507608150188069	-0.577862611721586	0.563356879409089	0.630821316349584
IODOLM_00589	2.49362909738094	0.593582233831742	1.02823970620751	0.577280015786468	0.563750311389128	0.631079552670098
IODOLM_03853	598.211028739929	-0.0877481564087605	0.152051744253552	-0.577094046763693	0.56387592571757	0.631079552670098
IODOLM_02715	249.834420198379	0.113659758658769	0.197691179118428	0.574935913507202	0.565334640123507	0.632550341391068
IODOLM_00891	334.982790033658	-0.0900719100269173	0.156897834148186	-0.574080008917437	0.565913660597286	0.633036344267312
IODOLM_03822	72.8431718016992	-0.133826332527059	0.233695352411819	-0.572652948147762	0.566879701555606	0.633954912856461
IODOLM_03958	25.4175947504309	-0.269501553088063	0.470855924148652	-0.572365216759978	0.567074575455837	0.634010818138667
IODOLM_01978	520.36553082968	-0.101837602518915	0.178051411093321	-0.571956166444192	0.567351671142047	0.634158598446385
IODOLM_01916	1289.25876635882	-0.0713313915861567	0.125155815037755	-0.56994069004815	0.568717925665975	0.635523402123164
IODOLM_00339	196.443878543477	0.115934069588523	0.203514431112735	0.569660190457464	0.568908195765671	0.635563801395079
IODOLM_01312	36.1156346870318	-0.185427286633076	0.32561997146883	-0.569459194399646	0.569044555271005	0.635563801395079
IODOLM_02439	6.81192246291864	0.387327436577746	0.681008121155415	0.568755973013357	0.569521756693542	0.635934474940276
IODOLM_02314	508.462219063365	-0.10145466506137	0.178948818814984	-0.56694794485492	0.570749548734515	0.637142863587305
IODOLM_01719	689.246263746575	0.0821139115051495	0.145085916336451	0.565967487255823	0.571415882602794	0.63756142332224
IODOLM_03770	44.3146106672407	-0.200108360499338	0.353480307703849	-0.566108934891478	0.571319729801989	0.63756142332224
IODOLM_03032	8.94088225333412	0.371323201222772	0.657058377289862	0.56512969632067	0.571985551101973	0.638034354224378
IODOLM_03217	80.5982094356253	0.224516460266494	0.397997119556782	0.564115791884425	0.572675331395684	0.638640991383158
IODOLM_01267	1617.1985361111	-0.060746611910329	0.108114242947215	-0.561874275343974	0.574201681700705	0.640180015063003
IODOLM_01456	1106.06351238654	-0.0956105568413669	0.170296540457563	-0.561435696723344	0.574500554950691	0.640187020235351
IODOLM_01889	1119.18974944102	-0.0782560647764889	0.139337803295698	-0.561628380278228	0.574369239984116	0.640187020235351
IODOLM_00036	108.841399367636	0.114709822280209	0.205396053913053	0.558481139704697	0.57651587983064	0.641983591131676
IODOLM_00269	84.7074667895532	-0.143276404777709	0.256571457465892	-0.55842690450771	0.576552905198237	0.641983591131676
IODOLM_01221	1707.58253496135	0.0963263637854228	0.172478312584248	0.558483918019384	0.576513983156696	0.641983591131676
IODOLM_00342	122.821167609707	-0.129488955957399	0.232239425387338	-0.557566639434418	0.577140342190978	0.642474214558057
IODOLM_02571	50.0838685490404	0.156163489996314	0.281046418985263	0.555650168253887	0.578450028503292	0.643768393878537
IODOLM_00331	691.818053969939	-0.073660695833369	0.132687723793801	-0.555143262144123	0.578796673670171	0.643990400198492
IODOLM_00247	53.5013806382072	0.210219294173041	0.379947423399753	0.553285221128775	0.58006811930726	0.645240999005737
IODOLM_00521	83.6014637794525	0.184853089052034	0.334446786869606	0.552713006401539	0.580459945731403	0.645512763029382
IODOLM_03066	114.206207745038	-0.175127825136322	0.317117068718729	-0.552249760140329	0.580777246333472	0.645701532000832
IODOLM_02561	63.377418841324	-0.170008516661814	0.308004398916335	-0.551967820134913	0.580970400930384	0.645752216020158
IODOLM_03494	1.26840519342917	0.85894353094752	1.55845513145895	0.551150632192675	0.581530418941476	0.646210541718613
IODOLM_01195	29.0318363179136	-0.198145528821492	0.360953254053415	-0.548950664930616	0.583039307201602	0.647722774387969
IODOLM_02709	1.8370184716162	0.669155522456505	1.22795049941736	0.544936886929895	0.585796925501807	0.650621153806068
IODOLM_01258	25.2953245730549	-0.245707210091476	0.451247310226626	-0.544506758318574	0.586092798993482	0.650784594873249
IODOLM_00978	81.0974498484086	0.130811376333185	0.241006099427721	0.542772056988606	0.58728675469183	0.651944910840043
IODOLM_02896	7.62846852790226	-0.35576191951766	0.656085519711633	-0.542249308709064	0.587646771156628	0.652179120106874
IODOLM_04291	749.005466623465	-0.100213317999976	0.185165881752534	-0.54120833196424	0.588363995215815	0.652809544387527
IODOLM_00670	307.539488573629	0.0825089916912486	0.153077275402223	0.539002222729988	0.589885320853616	0.65433160052102
IODOLM_04146	11.6125384652409	0.312547451239275	0.580157400583293	0.538728715560705	0.590074056715773	0.654375081649321
IODOLM_02563	21.4730561861529	-0.245700851920964	0.456328676357184	-0.538429567658038	0.590280518020319	0.65443819276841
IODOLM_00077	7664.00219729438	-0.056577613357563	0.105608508941275	-0.535729686222761	0.59214538369759	0.65633946278132
IODOLM_03052	5.49482430808509	0.404179136511527	0.767944185092506	0.526313167489952	0.598670635714097	0.663404077458821
IODOLM_00933	75.9890254004085	0.160151476174008	0.305287411380904	0.524592466651657	0.599866524781866	0.664560990492518
IODOLM_02255	392.687943318966	0.105042700154327	0.200458767133291	0.524011504492997	0.600270538153072	0.664840261948328
IODOLM_01965	38.5136087235914	-0.175451011222463	0.335116430791615	-0.523552398812588	0.600589896973206	0.665025655150493
IODOLM_02725	1.48673480960431	0.849388536527928	1.62417852718149	0.522965008041272	0.600998604214844	0.665309863912006
IODOLM_01086	127.927576462735	-0.114249659760235	0.218556530191772	-0.522746493367126	0.6011506790519	0.665309906811106
IODOLM_02249	476.697966028201	0.0921011416704289	0.176387010965652	0.522153763852622	0.601563275392932	0.66542995276023
IODOLM_02284	33.7320518727858	0.208325752026346	0.398936811086741	0.522202379516814	0.601529429438913	0.66542995276023
IODOLM_00490	0.763308208883975	1.11952777422145	2.1544912207973	0.519625126997337	0.603324881425051	0.667208664232448
IODOLM_01046	10.7068250782771	-0.276253398221235	0.532045635692252	-0.519228764769019	0.60360122225021	0.667208664232448
IODOLM_01206	13.0850369427711	0.323077739356772	0.622273389467527	0.51918938657047	0.603628679546678	0.667208664232448
IODOLM_03597	467.497394429335	0.0717551615329353	0.138426138537916	0.518364250356381	0.604204152605543	0.667676103990367
IODOLM_00734	0.449387717026437	1.23564296357188	2.38745188263665	0.51755722180556	0.604767235025712	0.668129618902428
IODOLM_01841	139.083078757299	-0.13226832265491	0.256079508721463	-0.516512716364113	0.60549635976319	0.66876629740629
IODOLM_02666	57.5935671094262	0.196534235475188	0.381194714966612	0.515574397437282	0.606151695737909	0.669321176015415
IODOLM_00230	40.1042060405215	-0.184146982416082	0.358651840414807	-0.513442178919541	0.60764204741063	0.670628398352817
IODOLM_01591	32.4635123442141	0.182895592781962	0.356114238839055	0.513586857347259	0.607540870193305	0.670628398352817
IODOLM_03109	6.04245149881006	0.380113704146229	0.742082895112093	0.512225395100654	0.608493271822989	0.671398526852597
IODOLM_00204	31.4493762512117	-0.244150382132021	0.477793663594698	-0.510995437434534	0.609354251604675	0.672045410217436
IODOLM_03384	9.67855489949937	0.321996616672881	0.630193135561643	0.510949101954133	0.609386697381807	0.672045410217436
IODOLM_00835	2724.14763960777	-0.111652857576748	0.219293888709903	-0.509147146022159	0.610649087327563	0.673267927978185
IODOLM_01757	126.930080287557	0.138415046898382	0.273106842644135	0.506816473576023	0.612283596484272	0.674900004588205
IODOLM_01443	336.894608366148	0.100979450282964	0.201262463676398	0.501730170834662	0.615857338539159	0.67866827334358
IODOLM_00265	378.179308616582	0.108055220955689	0.215491042100435	0.501437182271955	0.616063477214899	0.67872451568288
IODOLM_04091	408.4575965744	0.0787124753144923	0.158160960391814	0.497673225551344	0.618714382574805	0.681473480530417
IODOLM_02073	22.8278629523946	-0.203125536834526	0.409165538384891	-0.496438526167985	0.61958504918147	0.682127614644623
IODOLM_02671	601.657613633958	-0.0650692396973837	0.131085195045498	-0.496388929923011	0.619620033869373	0.682127614644623
IODOLM_01215	10.1317380677113	0.289786354600361	0.584811922898496	0.495520599450327	0.620232684861906	0.682630339274572
IODOLM_03823	2.80053328312409	0.641166349779835	1.2959524402696	0.494745277570876	0.620779936421625	0.683060850334682
IODOLM_01825	20.4326511581925	0.195649585272388	0.396962554484375	0.492866601804602	0.622106847219408	0.684348809309233
IODOLM_02125	11.7086903386125	0.277527932440786	0.564007366976019	0.492064374848115	0.622673835738166	0.684800378283542
IODOLM_02020	6.97463321028336	-0.380873230297655	0.775211561586189	-0.491315208868062	0.623203524591561	0.68521070945042
IODOLM_00943	1641.32737147231	-0.10631303855125	0.216782214950189	-0.490414024857522	0.623840954326732	0.685739265544782
IODOLM_02866	112.593151808889	0.100513593935451	0.205126207792544	0.490008541654055	0.624127854561692	0.685882343435952
IODOLM_04159	513.970319579939	0.135564118044554	0.277119474027275	0.489190153526386	0.624707079891971	0.686346518103757
IODOLM_00481	94.3385373869997	-0.103879092706422	0.212879796350312	-0.48797065051434	0.625570629963928	0.686950332929021
IODOLM_03147	486.717857077627	0.0729703659018246	0.149523564573326	0.488019170155887	0.625536262585006	0.686950332929021
IODOLM_00254	126.297461564422	0.130849140928917	0.268490996118323	0.487350201014757	0.626010177778529	0.687260546402118
IODOLM_02168	17.8774867816896	0.233698257537503	0.480327349466272	0.486539560566731	0.626584663693418	0.687718707881213
IODOLM_02933	15.568845048605	0.247114522672255	0.509543679410215	0.484972206815095	0.627696060789106	0.688765787866883
IODOLM_01755	41.7981992759045	-0.170168705586463	0.351387608501597	-0.48427634176431	0.628189763747377	0.6891347220252
IODOLM_01635	0.320211816164559	-1.3217990063241	2.73396214101196	-0.483473778402375	0.628759373736761	0.689586721672197
IODOLM_00065	664.024930092959	0.0784105233478368	0.162609395200893	0.48220167875888	0.629662684406906	0.690231439620395
IODOLM_02585	24.347762491274	0.182724089204286	0.378792047571607	0.482386286554084	0.629531561060983	0.690231439620395
IODOLM_02653	5258.29920497413	0.0899419730573647	0.186847006000043	0.481366948193667	0.630255723048102	0.690708500891183
IODOLM_03632	22.0407739756776	-0.268173742967199	0.557527283181768	-0.481005595702421	0.630512521730511	0.690816924159418
IODOLM_00501	16.4838944627867	0.208487351656973	0.434249996201091	0.480109046588057	0.631149855843503	0.691342119942721
IODOLM_02006	12.259354166735	0.26220872413511	0.546595872823178	0.47971222830644	0.631432031558385	0.691478120645519
IODOLM_02076	2.57811228775017	0.552676776340667	1.15321644011251	0.479248090052154	0.631762146366913	0.691666538028925
IODOLM_03228	9199.26816935944	0.0535472018533735	0.111846221745842	0.47875736003898	0.632111254230632	0.691875649953288
IODOLM_02019	26.5643916262214	0.212381766924825	0.446375718936293	0.475791486667168	0.634222935575926	0.69401339486878
IODOLM_02466	24.1266984569659	-0.185398622458856	0.390876187183998	-0.474315470058509	0.635274961389894	0.694817103484673
IODOLM_03806	315.236343042092	0.0876237178234572	0.184720101599182	0.474359406826167	0.635243634960019	0.694817103484673
IODOLM_02190	31.0160416875706	-0.277429537716076	0.58624185210261	-0.47323393360786	0.636046290639057	0.695486898509874
IODOLM_04061	6.0212893169226	0.344418835846772	0.728468156806809	0.472798752599576	0.636356764112614	0.695487595096191
IODOLM_04280	5.86756709710496	0.358647965410018	0.758581740473953	0.472787501035734	0.636364792222383	0.695487595096191
IODOLM_04094	2.26659565965078	0.511863314894208	1.08812024316428	0.470410616942201	0.638061680338394	0.697168018267368
IODOLM_04154	1.85838649590851	0.546706630959129	1.17128785475403	0.46675685122163	0.640673850081917	0.69984742085833
IODOLM_03381	7.43858215630494	0.308070881197266	0.670021163419099	0.459792761806492	0.645664979141229	0.705123521018722
IODOLM_00479	7.98258126198491	-0.423164017645134	0.921039314796028	-0.459441861869759	0.645916892624681	0.70522263526088
IODOLM_01299	14.0002364489041	0.271854716445248	0.592336494191122	0.45895317798456	0.646267789819127	0.70542974513557
IODOLM_00063	727.374036400812	0.0729968419465918	0.159633113466513	0.457278821175812	0.647470650375794	0.706566475322811
IODOLM_03537	21.2686108682015	0.174852336471621	0.384304276158894	0.454984103271667	0.649120675371246	0.708190494994907
IODOLM_01247	506.862859774544	-0.061667057732856	0.135690909859835	-0.454467125296428	0.649492648351867	0.708419698202335
IODOLM_03604	355.569171601145	-0.0758751213122631	0.167364036878739	-0.453353795279431	0.650294001770821	0.709117007662376
IODOLM_01238	962.326579140358	-0.0820897962031076	0.181392506695102	-0.452553403107717	0.650870358601632	0.709568681923453
IODOLM_01186	510.802413710592	0.0660277338856944	0.146457920576389	0.45083074801172	0.652111538482999	0.710744730361545
IODOLM_03941	1.7362849837488	-0.536745288340493	1.19270512661379	-0.450023460420907	0.65269352443656	0.711201908101192
IODOLM_03411	3894.11444159622	-0.0601826372652655	0.133979569574104	-0.449192645241171	0.653292692592732	0.711677575998456
IODOLM_01278	33.6460104881381	0.149137305439785	0.3323604670104	0.448721554585848	0.653632533623203	0.711870574199885
IODOLM_02183	21.2477487631307	0.228027970611775	0.508874143346706	0.448102882791619	0.654078947630268	0.712179516006483
IODOLM_02783	44.3226971507832	-0.136405144974857	0.305168785515711	-0.446982625514413	0.654887604751494	0.712882626465805
IODOLM_01277	6.56038878051794	0.344708790011786	0.7721725100893	0.446414221573261	0.655298061773102	0.713152031414846
IODOLM_00380	12086.3691701557	-0.0541898688413893	0.122177281653479	-0.443534739912476	0.65737899721664	0.71523880950274
IODOLM_04200	65.5431030908319	0.130656319333939	0.294749257714289	0.443279553431781	0.657563543127348	0.715261761055251
IODOLM_03875	382.557300007372	-0.0672222327992719	0.151733329284723	-0.443028786860212	0.657744912983164	0.715281247319664
IODOLM_02300	47.8065516551979	0.130697381360828	0.295606082507274	0.442133599729336	0.658392531843863	0.715807632136334
IODOLM_00446	13.3472836933662	0.245335139806861	0.555726951255429	0.441467053654011	0.658874907960932	0.71586184886691
IODOLM_03990	1336.14520466521	-0.0784096568778286	0.17764395768454	-0.441386568391301	0.658933164359213	0.71586184886691
IODOLM_04338	154.855900741713	0.104179262503627	0.235861774187668	0.441696255624425	0.658709019598199	0.71586184886691
IODOLM_00756	57.9159914066994	0.146546365518913	0.333254445617525	0.439743167558832	0.660123133801788	0.716675175212324
IODOLM_01633	18.984958106434	-0.240035099498855	0.545938631674912	-0.439674142059594	0.660173133290877	0.716675175212324
IODOLM_01946	1.78102376852667	-0.574923726608581	1.30707654359554	-0.439854673718698	0.660042366117674	0.716675175212324
IODOLM_00059	10.8280585599033	0.274307424490601	0.625621754919683	0.438455700003298	0.661055976760337	0.717455593825207
IODOLM_02494	291.715250634258	-0.0776684015838834	0.177247401364651	-0.438192046743164	0.661247073457406	0.717485046726906
IODOLM_03955	14.5425318448351	0.202244065459092	0.463505452660479	0.436335892702511	0.662593043896042	0.718767268242211
IODOLM_03712	969.474027360275	0.0567010863045432	0.130143995513002	0.435679618418342	0.663069195390392	0.719105526401079
IODOLM_02921	6.07800378034475	0.307920666280185	0.708733222576513	0.434466251152693	0.663949897116817	0.719882247220811
IODOLM_02900	1749.62619981257	0.10821839488154	0.249448000571029	0.433831478439631	0.664410821046553	0.719944327841362
IODOLM_03652	77.1922767315404	-0.132339393507636	0.305037707372208	-0.4338460141459	0.664400264895353	0.719944327841362
IODOLM_04380	2093.8375358515	0.0831498322692721	0.191718600141717	0.433707695590352	0.664500717584841	0.719944327841362
IODOLM_00219	4.03725736646407	0.362374475923115	0.837851606570504	0.432504363638314	0.665374881406151	0.720712990354782
IODOLM_01740	677.267756969503	-0.0687265588333523	0.159532093787635	-0.43080083262017	0.666613194112939	0.72169701569476
IODOLM_02834	23.7912611536296	0.165502379370636	0.384136496085571	0.430842632910799	0.66658279819695	0.72169701569476
IODOLM_00368	332.984292441185	0.0919753113446403	0.214351363077981	0.429086664175677	0.667860156901116	0.72286817872849
IODOLM_03851	296.01991634463	0.0732243483654844	0.171045715119079	0.428098115842931	0.668579688492073	0.72346803087075
IODOLM_02230	2100.95718626055	-0.115836625763806	0.271700064396546	-0.426340074747801	0.669860060464851	0.724674320048007
IODOLM_03513	7292.95809856461	-0.0530075647421687	0.124513201524807	-0.425718430600374	0.670313030506869	0.724985126420676
IODOLM_03771	103.261089813587	-0.0913103763641726	0.215694046510224	-0.4233328542976	0.672052426937238	0.726686785341575
IODOLM_01004	5197.54408071101	0.0800358449909988	0.189232222556815	0.422950404056945	0.672331446745929	0.726705401082161
IODOLM_02053	0.828281252968349	-0.757735249773624	1.79195472431216	-0.4228540149442	0.672401775361442	0.726705401082161
IODOLM_04042	698.062630284027	-0.0596495568596986	0.141438884792982	-0.421733789452632	0.673219338235729	0.727409339288778
IODOLM_00611	13.2196788863721	-0.205131923587094	0.488768447778435	-0.419691419361182	0.6747108942793	0.728661123733024
IODOLM_02274	6.56389006063814	-0.289969660934056	0.690714158965067	-0.419811375183813	0.674623254363028	0.728661123733024
IODOLM_02242	18.5337180015628	0.171607910213415	0.412346557147327	0.416173985786672	0.677282694106034	0.73125809755934
IODOLM_02965	1596.99877695202	0.0725169213267501	0.174855591136011	0.414724635658592	0.678343495631499	0.732222776734938
IODOLM_00628	91.5178460104107	-0.102093543186351	0.247259272101825	-0.412900767354471	0.679679318848666	0.733483772942482
IODOLM_03447	21.9616755732127	-0.168894996781311	0.414051501589426	-0.40790818565558	0.683341082916484	0.737253594389185
IODOLM_03035	96.7100016518305	0.114695215736572	0.28144232004498	0.407526542981315	0.683621303384992	0.737374124627243
IODOLM_00487	0.827899316138101	-0.665271642656046	1.63356746914624	-0.407250790200749	0.683823801509256	0.737410782504806
IODOLM_03359	19878.86363781	0.0520420325132268	0.128420259634808	0.405247837539185	0.685295344756128	0.738720332391122
IODOLM_04079	0.620275279834896	0.788423656147486	1.94606024614994	0.40513835977447	0.685375811130703	0.738720332391122
IODOLM_03751	46.0562296907379	-0.123409387624839	0.304825666686575	-0.404852350414868	0.685586045417835	0.738764967926236
IODOLM_00907	290.74176293672	0.0730864277477884	0.181451987767451	0.402786591908026	0.687105225683576	0.740219711371573
IODOLM_03286	1827.23667764151	-0.0536357382692286	0.133306562903249	-0.40234881990136	0.687427330337161	0.740384444389716
IODOLM_01843	55.005558008472	0.11064370348397	0.275267836335359	0.401949261333869	0.687721367767345	0.740518874347909
IODOLM_00029	61.5848574674387	-0.105362822146893	0.262822282548296	-0.400889989712083	0.68850112025976	0.740811630749129
IODOLM_03360	26960.4406803099	0.0526701363794716	0.131341962759357	0.401015298332133	0.688408860618454	0.740811630749129
IODOLM_04307	11.8202440556674	0.223951461959641	0.558049584715502	0.401311044920522	0.688191132816768	0.740811630749129
IODOLM_02124	26.0660900634544	0.165823849826769	0.414403433565009	0.400150762266199	0.689045477646057	0.741215095914244
IODOLM_04246	12.2018089539774	-0.259824489890458	0.652172368576354	-0.398398494645881	0.690336467377043	0.742421327412618
IODOLM_03127	18.0853149477379	-0.184722205373677	0.465860335467262	-0.396518422604918	0.691722619991221	0.743729283803829
IODOLM_03799	1054.44940373365	-0.0463174601664374	0.116985222627934	-0.395925734259171	0.692159815888822	0.744016544910215
IODOLM_01467	7.62182733458793	0.257740798734078	0.655568518542613	0.393156155983601	0.694204150085593	0.745384480493577
IODOLM_02131	19.7555795549219	0.217417285132447	0.552272584333607	0.393677490608719	0.693819162014498	0.745384480493577
IODOLM_02567	30.9821142939969	-0.152347232611374	0.387180422300051	-0.393478657072465	0.693965984572507	0.745384480493577
IODOLM_03741	42.0798073554816	0.122388888075129	0.311384131621362	0.393047929057451	0.694284081922262	0.745384480493577
IODOLM_03811	962.810256185504	-0.0508741182537488	0.129274691161007	-0.393535020635917	0.693924363452006	0.745384480493577
IODOLM_03325	15.1564125617688	0.203952025219311	0.519800679333811	0.392365830457746	0.694787929353273	0.745742452501821
IODOLM_00333	802.845690607052	0.0871759119953835	0.222720060138746	0.391414729059772	0.695490706823829	0.746130750934316
IODOLM_03299	95.1759132444363	0.0897367122896088	0.229215465654631	0.391495015544977	0.695431372290172	0.746130750934316
IODOLM_03971	5345.01779571698	-0.0508627479922989	0.130564302471637	-0.389560906231225	0.696861264964706	0.747417866540577
IODOLM_00749	1261.47578640743	0.0456162793477356	0.117271886929789	0.388978812757112	0.697291819574095	0.747696398543553
IODOLM_04059	11655.9053967903	0.0980547285099484	0.252299702704535	0.388643852762598	0.697539622213992	0.747778879668895
IODOLM_00624	485.033761731506	0.0881166821988272	0.22731032732878	0.387649268884189	0.698275603118211	0.748201282871032
IODOLM_02522	24.0438269154842	0.162033952714144	0.417907846360589	0.387726514649678	0.698218431945657	0.748201282871032
IODOLM_01926	504.761339735177	-0.0532283839051908	0.137427890531547	-0.387318641793254	0.698520326339384	0.74828028104312
IODOLM_00678	1051.5889736416	0.0641513273953291	0.166986256922395	0.384171299948012	0.700851488542152	0.750593762569862
IODOLM_04166	49.5459055700696	-0.106569509310936	0.279520432162356	-0.381258387755486	0.70301152770818	0.752722888488132
IODOLM_03287	3528.2716130001	-0.0719249077335067	0.189170331113917	-0.380212411269684	0.703787746982614	0.753369662621311
IODOLM_03374	42.1444120766122	0.169070546570676	0.445878713850157	0.379185059342156	0.704550445535221	0.75400165068773
IODOLM_02322	75.8319046481635	-0.100771596820222	0.268201996587319	-0.375730226107446	0.707117464457192	0.756450597266822
IODOLM_02538	5.35472990451897	-0.375933933030025	1.00078232693237	-0.375640059694447	0.707184504894554	0.756450597266822
IODOLM_00231	299.464075986787	0.0612866123552614	0.16368584900311	0.374416070347638	0.708094788612047	0.757054188850798
IODOLM_01974	27.6795496331171	-0.171439139689547	0.457830590639279	-0.374459774411673	0.708062278607807	0.757054188850798
IODOLM_04292	38.3178019091794	-0.115165248134192	0.308489608711075	-0.373319699860791	0.708910516192994	0.757741186824753
IODOLM_00909	1330.70204585369	-0.0654867027244775	0.175641512695671	-0.372842967015118	0.709265321802466	0.757935298707593
IODOLM_00947	62.3019583647695	0.103952954871962	0.280651988452581	0.370398070026594	0.711085911609433	0.759695300098359
IODOLM_02118	37.0581948135163	-0.154631086115344	0.418018296074656	-0.369914636673528	0.711446095330909	0.75970915401856
IODOLM_03740	8.14004685094672	0.250665212562494	0.677460906161759	0.370006904136609	0.711377346156497	0.75970915401856
IODOLM_03145	68.8041295155477	-0.105855879152457	0.286343430547464	-0.369681535735146	0.711619791028686	0.759709247509522
IODOLM_02013	0.772003396949141	0.752996746213883	2.04297762583538	0.368578067959008	0.712442245578059	0.760401772353558
IODOLM_01372	776.881274547753	0.0697573207695798	0.189611351414358	0.367896332414926	0.71295053505927	0.760758727485825
IODOLM_02122	19.17432110313	0.154294991972094	0.422872293653344	0.364873732064792	0.715205663266199	0.762979030339563
IODOLM_01204	375.259000332296	-0.0596257402577649	0.163584228098353	-0.364495654323813	0.715487918294492	0.763094109299707
IODOLM_01761	165.864222671676	0.0839431541088394	0.231282873466829	0.362945828415949	0.71664535147603	0.764142314341888
IODOLM_03782	13.9879516892607	0.179339348573581	0.494660522860374	0.3625503558209	0.716940800716025	0.764271119106778
IODOLM_01201	2605.92704123924	-0.0692334318900333	0.192952982223708	-0.358809856640435	0.719737338493247	0.766985931154433
IODOLM_04001	4.42011226146458	-0.289492054088167	0.807114617338671	-0.358675270982849	0.719838029993432	0.766985931154433
IODOLM_00565	93.6115898769289	-0.0765974722807262	0.213943716779161	-0.358026276414523	0.720323649466956	0.767316526306572
IODOLM_00084	200.771626137837	-0.0609866652896738	0.170692839406177	-0.357288949564845	0.720875501759272	0.767530704549532
IODOLM_02891	30.0144657999063	0.138922146194638	0.388673698834764	0.357426156210528	0.720772798424398	0.767530704549532
IODOLM_00949	91541.7176058902	0.0626101574193432	0.175599027549242	0.356551845947928	0.721427332305443	0.767931405051962
IODOLM_03445	12.0162255853353	-0.196205018571379	0.553206640379869	-0.354668589004374	0.722837885409146	0.769245765211679
IODOLM_02070	123.447920403534	-0.0814736863488073	0.230304054824299	-0.353765748549084	0.723514444350805	0.769778557860229
IODOLM_03413	718.832236242032	-0.044846310095601	0.127653861676141	-0.3513118170242	0.725354430554087	0.771548611595694
IODOLM_00672	95.8716350907553	-0.0765345260649119	0.22017654737234	-0.347605260316326	0.728136655211796	0.774319806368607
IODOLM_03842	1496.10406679105	-0.0446065624314551	0.129301085239962	-0.344982119435987	0.730107813126962	0.776227354286585
IODOLM_03552	681.409878824086	-0.0903788455342011	0.26252557404399	-0.344266823768783	0.730645631869244	0.77661046515905
IODOLM_00687	396.877500826222	-0.0579615889428079	0.169005229188889	-0.342957370141648	0.731630530968311	0.77727972894327
IODOLM_03004	7300.07743403032	0.0372416019314056	0.108575130750721	0.343003058563282	0.731596159189529	0.77727972894327
IODOLM_00324	29.2873882845025	-0.135377959312605	0.397291745349899	-0.340752006295466	0.733290283741314	0.778853951857279
IODOLM_03320	4.12822716630037	0.286474363389957	0.846763736216896	0.338316759607401	0.735124495244838	0.780612664690951
IODOLM_00778	837.996962926926	-0.061822652461601	0.183347285071517	-0.337188807772562	0.735974573882823	0.781136244315118
IODOLM_03507	94.3732337518108	0.0903235359457452	0.267685362135445	0.337424262668658	0.735797097034742	0.781136244315118
IODOLM_00867	1072.46038251003	-0.0546530326398327	0.162199405715299	-0.336949647865928	0.736154857850626	0.78113813238466
IODOLM_02560	9.58565626197955	0.224376243912069	0.66734583404749	0.33622183950893	0.736703585050333	0.781530881983092
IODOLM_01479	206.879959889746	0.0689624122250172	0.205835043895256	0.335037275091555	0.737596968069114	0.782288980191576
IODOLM_03625	68.2868648181131	0.0852277937994312	0.258064445461932	0.330257791408943	0.741205182868612	0.785925340497467
IODOLM_01511	10.1317945972366	0.188377145650452	0.571518182009446	0.329608316201108	0.74169593804741	0.786255190139405
IODOLM_03202	79.3274151730903	0.0881019700088936	0.270138206582012	0.326136651026246	0.744320968173898	0.788846828948651
IODOLM_01027	96.2689659799247	-0.0707153338191084	0.218869584282435	-0.323093471625804	0.746624454242445	0.791096516165845
IODOLM_00582	189.458727817942	-0.0800258678239755	0.248864961105726	-0.321563419247187	0.747783460212965	0.791719664928726
IODOLM_01003	817.111135656014	-0.0528939280131598	0.164555529753902	-0.321435129480392	0.747880664932337	0.791719664928726
IODOLM_01819	75.0980873181333	0.0854362470032072	0.265813490028463	0.321414263038565	0.747896475743296	0.791719664928726
IODOLM_01885	38.7171980274115	0.119693267429557	0.372733409918051	0.321122990975971	0.748117187952533	0.791719664928726
IODOLM_04132	20.2825640519435	0.165226737617625	0.514185982241583	0.321336526712226	0.747955378638468	0.791719664928726
IODOLM_01281	1.20985545474933	0.513240198665252	1.60416151968893	0.319942968563898	0.74901156425831	0.792474517696896
IODOLM_02315	3.97892210367893	0.264277575258589	0.830914572607073	0.318056252677569	0.750442267112154	0.793796316384527
IODOLM_02939	159.306946995796	-0.0575714248136602	0.181721753766688	-0.31681085847089	0.75138712444805	0.794603686946512
IODOLM_04172	113.808846712207	0.0624717537773952	0.197534760745213	0.316257014925962	0.751807435066765	0.794856085008978
IODOLM_04136	48.329715581157	-0.08887795570398	0.284010292408089	-0.312939207063218	0.754326849560846	0.797327124076875
IODOLM_00228	222.877772566793	0.0531061159654241	0.170425340702522	0.311609269763005	0.755337488535797	0.798026497580185
IODOLM_03638	9.54334208475688	0.195976223722881	0.628958353376934	0.311588553790036	0.755353234226948	0.798026497580185
IODOLM_03986	422.322898594466	-0.0498814733615228	0.160617556023815	-0.310560530220787	0.756134736685094	0.798659330855412
IODOLM_02520	4.34000784682223	-0.256076005454791	0.827257580911467	-0.309548091626611	0.756904635363963	0.799279605297467
IODOLM_02120	32.7904931065013	0.104912533316014	0.344093612328716	0.304895323705662	0.760445877445073	0.80282537025323
IODOLM_04098	909.503185864059	-0.0549973347886978	0.182432969428713	-0.301465984799357	0.763059184399672	0.805390012284844
IODOLM_00428	267.581560222186	-0.0654922879040257	0.217753572245971	-0.300763322633563	0.763594978436118	0.805761182936208
IODOLM_01550	0.747794901495747	-0.537212916290668	1.79730141329833	-0.298899735078269	0.765016549248287	0.807066639226254
IODOLM_02456	32.3580875948152	-0.115501320362697	0.388457504002093	-0.297333219651422	0.766212122186259	0.808133103564008
IODOLM_02868	37.1222763861323	-0.100691513149027	0.339357158848355	-0.296712506347987	0.766686008120792	0.808438065430503
IODOLM_01628	407.929992364606	0.0852933279831	0.289168820132915	0.294960320908372	0.768024191183154	0.80965402568477
IODOLM_03262	1644.48236306027	-0.0386154185223669	0.131471200223266	-0.293717699821633	0.768973628080689	0.810264530816541
IODOLM_04109	191.260143637644	-0.0648734217337174	0.220789303579615	-0.293825020877085	0.76889161467639	0.810264530816541
IODOLM_03129	4510.34531335091	-0.036128809568518	0.125478778715965	-0.287927647513207	0.77340212300751	0.814734638969876
IODOLM_03737	63.816993188233	0.0735732975473417	0.256305744951042	0.287052861657063	0.774071844816323	0.815243897212089
IODOLM_02916	0.599093907212785	0.631379568330855	2.21882109904823	0.284556320742437	0.775984079245117	0.817061196048276
IODOLM_02406	483.707067384788	0.0486398341093177	0.171739399776406	0.283218843041513	0.777009084794588	0.81794365048379
IODOLM_02765	225.418613382454	-0.0459734707391055	0.162659584866766	-0.282636100275076	0.777455804134393	0.818217075250626
IODOLM_00516	192.408288984681	0.0674485923989254	0.240173937480139	0.280832271422052	0.778839050247906	0.819278770164624
IODOLM_02495	31.4856758042036	0.101586138075633	0.361571894569733	0.280956953793434	0.778743416360356	0.819278770164624
IODOLM_04134	0.580316398348819	0.619312444458428	2.21964578247455	0.279014088350617	0.780234013004497	0.820548916344071
IODOLM_01776	30.0059050642798	-0.101614381515708	0.366869454323324	-0.276976947298955	0.78179780730724	0.821995964626737
IODOLM_04049	0.0504423298497804	-1.12110901705916	4.05267733329078	-0.276634166714875	0.782061026871913	0.822075199037111
IODOLM_02164	104.107494329902	0.0625150178466981	0.226511951617424	0.27598993077542	0.782555800074937	0.822397738023036
IODOLM_01799	14494.9694264041	0.0363472477665581	0.132075380722093	0.275200779795882	0.7831619879007	0.822837181045249
IODOLM_04125	90.6467721003307	-0.0785165416494897	0.286809171123769	-0.273758824872468	0.784269968152531	0.8238034999125
IODOLM_04143	110.328086616198	-0.0582267664442496	0.215378888763724	-0.270345746412155	0.786894274554121	0.826361733969002
IODOLM_03634	1.48489187873309	-0.337475423871222	1.25578488933441	-0.268736649674205	0.788132346525556	0.827463327350248
IODOLM_00468	26.3517627926939	0.103629527466167	0.389098869808808	0.26633212149161	0.789983436798813	0.828973379914814
IODOLM_01101	596.667316026236	-0.0550201751119924	0.20693282389855	-0.265884232744856	0.790328368602514	0.828973379914814
IODOLM_01674	481.556378288248	0.0455030456023014	0.170807542794251	0.266399509400547	0.789931543021645	0.828973379914814
IODOLM_02457	3.29744848714806	0.253177598698836	0.951597760911911	0.266055269461981	0.790196643532784	0.828973379914814
IODOLM_00201	43.0771839738595	-0.102230374527517	0.385767349126386	-0.265005254485714	0.791005413998454	0.829484709239692
IODOLM_01275	28.9222058386811	-0.0938689503957579	0.356427764536552	-0.263360376871346	0.792272827543763	0.830216928479767
IODOLM_02370	26.830220534477	0.099525505247084	0.377204240087736	0.263850441405258	0.791895164712617	0.830216928479767
IODOLM_02910	115.802494897378	0.06113318144284	0.23210593134848	0.26338483074375	0.792253981280347	0.830216928479767
IODOLM_00391	197.74276220117	-0.0454690829339867	0.173080979948639	-0.262704099245795	0.792778656995526	0.830548097441327
IODOLM_00078	115.035383600587	-0.0526765346175107	0.201219448434156	-0.261786497415769	0.793486049638491	0.830734478714502
IODOLM_00569	92.6459206251008	-0.0588629870930212	0.224895721305061	-0.261734579704059	0.793526078845205	0.830734478714502
IODOLM_00920	1224.69621749286	-0.0887740787863853	0.338672386346662	-0.262123758432189	0.793226030416657	0.830734478714502
IODOLM_00508	308.113244208544	0.04988514442903	0.191357012837672	0.260691488068679	0.794330430688286	0.831314229649994
IODOLM_02848	133.320798750135	0.0510861801531271	0.196090306873893	0.260523740145815	0.794459805392202	0.831314229649994
IODOLM_00876	312.98839212548	-0.0467827800743437	0.180482414280361	-0.259209631369799	0.795473500251401	0.832175959144187
IODOLM_03231	41.356488425654	-0.0790639646859996	0.310697296617162	-0.254472650862558	0.799130430249612	0.835801807545961
IODOLM_03579	751.279875285864	0.0370195604667024	0.147875127618416	0.250343388120207	0.80232180556203	0.838939120941325
IODOLM_00932	298.983308838463	0.0422514432393524	0.169397421348978	0.249421997707448	0.803034371021918	0.839483613853778
IODOLM_02625	172.343017704411	-0.0486771292032149	0.19566168815549	-0.248782118063561	0.803529324025585	0.839800411257693
IODOLM_00482	130.80812974547	0.0701651482124759	0.282503388324629	0.248369227104094	0.80384874095738	0.83986990109651
IODOLM_02443	4.02805885491833	0.230606018087724	0.93097453427583	0.247703894787093	0.804363518166241	0.83986990109651
IODOLM_02867	199.383169465983	-0.0482554591610946	0.19443498341297	-0.248183008602945	0.803992812334651	0.83986990109651
IODOLM_03870	846.453445438833	0.0352708085998802	0.142262478420367	0.247927696687946	0.804190349927458	0.83986990109651
IODOLM_02283	6.81321175242564	0.17867701068914	0.723831738011198	0.246848820390321	0.805025226118695	0.840360302837646
IODOLM_00735	64.8705026595485	-0.0702402410823768	0.288782486020696	-0.243228881537307	0.807828094316269	0.843085080068685
IODOLM_02983	40.2840914195408	0.0959465526502544	0.397537355020211	0.241352294164598	0.809282083652211	0.84440114403006
IODOLM_02192	6.08825791476812	0.195013138647598	0.810809754635592	0.240516517632727	0.809929859807266	0.844596435707917
IODOLM_02767	6.76066500085077	-0.172273971872627	0.716721914125923	-0.240363756817347	0.810048272547104	0.844596435707917
IODOLM_03834	110.874236287772	-0.049134224782604	0.204079187877757	-0.240760585601876	0.809740679240755	0.844596435707917
IODOLM_02604	1250.32310097548	-0.0413543048070629	0.173608943058958	-0.238203770372699	0.811723052944046	0.845939528383697
IODOLM_02805	59.160235607623	0.0612324961675485	0.256884316102037	0.238366036107967	0.811597207548853	0.845939528383697
IODOLM_01152	18.4471770985373	0.129052943779398	0.561074877115732	0.230010198358567	0.818083845017629	0.852288586889284
IODOLM_03532	34.5982871806088	0.0954415229176812	0.415225819885812	0.229854499279279	0.818204833985805	0.852288586889284
IODOLM_03184	15.6485494155634	0.101882509512073	0.452580244042961	0.225114796443482	0.821889970489895	0.855923491400233
IODOLM_03050	10.3505931369353	-0.128514345695894	0.57438474240791	-0.223742617460801	0.822957582539641	0.856831401663923
IODOLM_02954	3.97461877952416	-0.254487905167861	1.14608607895373	-0.222049556173116	0.824275305878505	0.857999224197035
IODOLM_00750	99.3279251529685	0.0514387911034773	0.23315912314247	0.220616677615681	0.825390914148573	0.858956157030715
IODOLM_02599	229.778328527774	0.0365952811163161	0.166601695409683	0.219657315169129	0.826138050281411	0.859529269622314
IODOLM_02146	16.3944212235248	-0.1177307478877	0.537683073727632	-0.218959371496484	0.82668169663742	0.85989044556343
IODOLM_03953	3.51786674632873	0.193134627064387	0.88456657372562	0.218338147518894	0.827165653938241	0.860189377764673
IODOLM_04271	1030.09783655919	0.0325551987413353	0.149374568074388	0.217943383274742	0.827473224546387	0.860304782754809
IODOLM_00178	537.459408178375	-0.0375967174805698	0.174033171595724	-0.21603190435388	0.828962878623595	0.86131185203211
IODOLM_00221	0.739118904165238	-0.403356121829124	1.86788415973548	-0.215942792665603	0.829032340210066	0.86131185203211
IODOLM_03829	2495.71514343234	-0.0393958153049	0.182236617656725	-0.21617946937047	0.828847856247792	0.86131185203211
IODOLM_00437	432.826323415142	0.0379219661576503	0.178908646777317	0.2119627354001	0.832136106581101	0.864331260953928
IODOLM_02202	140.168129437993	0.0443579434604292	0.209761344222284	0.211468627000326	0.832521610669605	0.864526475626528
IODOLM_02843	0.42109647586412	-0.518393519980844	2.45467149026024	-0.211186516011511	0.832741732142569	0.864549897949201
IODOLM_00174	318.799355550329	0.0458980058926631	0.218174796720984	0.210372630489307	0.833376852377128	0.864798934314041
IODOLM_00999	396.848823378244	0.0497477558666177	0.236283728459956	0.210542453307565	0.833244321174964	0.864798934314041
IODOLM_02022	10.8347232247531	-0.118907905730061	0.575246042870553	-0.206707907344647	0.83623798160655	0.867356579168111
IODOLM_02447	150.622940025818	0.050197609945486	0.242817855674133	0.20672948373637	0.836221130066016	0.867356579168111
IODOLM_02924	0.696951444081063	-0.383787096186923	1.86166832566218	-0.206152240383857	0.836671993123603	0.86760109997841
IODOLM_01859	29.90319220975	-0.0731392297503384	0.356148845987923	-0.205361411595922	0.837289766806124	0.868036015054158
IODOLM_02132	6.38435246577096	0.160150438083515	0.788885396142073	0.203008496375655	0.839128391341932	0.869530154040326
IODOLM_04247	22.4776269401255	-0.0923953234121756	0.455004981471544	-0.203064421653928	0.839084679754369	0.869530154040326
IODOLM_01617	1864.11641981628	0.0277242998090094	0.137011470182481	0.202350210329722	0.839642949572095	0.869857373893818
IODOLM_01611	306.153517081014	0.0434585178588025	0.21557919041158	0.201589577249234	0.840237594098503	0.870061455696888
IODOLM_02794	193.170462934122	0.0330557339169502	0.163912874460651	0.201666489137713	0.840177462096661	0.870061455696888
IODOLM_01214	560.320325804093	-0.0282992920815702	0.140978456686507	-0.200734869331838	0.840905892840151	0.87054747742335
IODOLM_00747	13.734699327068	0.100815493280727	0.505386150074279	0.199482105447308	0.841885639843255	0.871355619667475
IODOLM_03921	31.7791314456494	-0.0781131354858911	0.393573223535258	-0.198471671381103	0.842676046834402	0.871967458251914
IODOLM_01074	160.835096506275	-0.0378255931803235	0.191635664165259	-0.197382848047032	0.843527950866353	0.872230225186947
IODOLM_02837	29.4019076420765	-0.0840058605184782	0.424961053703147	-0.197678963251912	0.843296249808098	0.872230225186947
IODOLM_03996	13.7956352918337	0.117193776138771	0.593434946317397	0.19748377958869	0.843448973510871	0.872230225186947
IODOLM_00862	77.9305149895623	0.0531828576069101	0.27069601059233	0.196467090484772	0.844244588665677	0.872765017718167
IODOLM_02769	4.58078707543912	-0.193065097870656	0.999212630055504	-0.193217231311349	0.846788844373002	0.875188470235299
IODOLM_03474	40.166665937295	-0.0573972126249511	0.298145427424751	-0.192514146940716	0.847339487512842	0.87555079040288
IODOLM_00122	3052.92394743393	-0.0253999382050448	0.132712921620627	-0.191390091446054	0.848219982460892	0.876253692929382
IODOLM_03624	26.7585950102548	0.0731597704617633	0.384248500159901	0.190397022841517	0.848998030432541	0.876850455787774
IODOLM_03227	24501.9071826214	-0.0194626089340235	0.103278492318133	-0.188447841338271	0.850525599471468	0.878220864390548
IODOLM_04212	54.810247001134	0.0488395213630444	0.260166312165609	0.187724232843626	0.851092832917566	0.878599253797422
IODOLM_02651	2093.6577300556	0.0256230980043764	0.13834921649823	0.185205949501739	0.853067502793677	0.880430045336116
IODOLM_00972	28.0970962307231	0.0802136836968306	0.437634641719681	0.183289155039537	0.854571143280679	0.881773950246699
IODOLM_02920	7.67265605596162	-0.123099959898983	0.684757816494557	-0.179771529340346	0.8573319357386	0.884414085523836
IODOLM_00409	86.260035548936	-0.041622212250959	0.234113232289207	-0.177786671193116	0.858890515433149	0.885813079315451
IODOLM_01780	12.246851730277	-0.0991652398858976	0.563554736611213	-0.175963812285922	0.860322372406239	0.886871778951638
IODOLM_03639	15.4816065148152	0.0914821027608974	0.51956059153938	0.17607590770087	0.860234308075451	0.886871778951638
IODOLM_00061	735.616886444148	0.0405872065514919	0.231403048316943	0.175396162006912	0.86076835611706	0.887122545070243
IODOLM_03605	134.029001671645	-0.0321579091585927	0.185585958524326	-0.17327770599831	0.862433146648014	0.888629020421876
IODOLM_04303	83.024350269079	-0.0384334933787876	0.223526998734662	-0.171941168612075	0.863483780652416	0.889502124325559
IODOLM_02021	22.6208646689009	-0.0658803361168729	0.384385766891364	-0.171391195490056	0.863916177330864	0.88973810120025
IODOLM_02923	4.45143062545818	0.134769396752853	0.81019168270017	0.166342607102186	0.867887337466105	0.893617644412158
IODOLM_01728	218.004256383809	0.0304223890659045	0.183917222725838	0.165413486649125	0.868618539088102	0.894078696228076
IODOLM_02564	13.0601498456859	-0.0883920196247274	0.53488448850929	-0.165254408238821	0.868743742313021	0.894078696228076
IODOLM_00798	543.147981012254	0.024962499754719	0.15329544228797	0.162839151524324	0.870645081207478	0.895824800226646
IODOLM_02945	27.0008860305795	0.0628870823703184	0.386914329895094	0.162534901168869	0.870884646502315	0.895860651879203
IODOLM_00571	1084.48291772631	0.0256537836384499	0.159383781842507	0.160956047986108	0.872128017822232	0.896928838070525
IODOLM_00623	182.822470773337	0.0443191268035361	0.276130087465768	0.160500897277376	0.872486514864633	0.897086698554425
IODOLM_04006	1616.25882493517	0.0333696852281043	0.209939291037393	0.158949213666539	0.873708886634208	0.898132508318368
IODOLM_03148	33.0273962480882	0.0497005367032058	0.314789940214357	0.157884768075378	0.874547600830802	0.898783537161952
IODOLM_00795	20.244639003199	0.0733775804968477	0.47136156972467	0.155671537965449	0.876291933033059	0.900364756739297
IODOLM_03998	25.6355809060402	0.056280746382965	0.362677970471956	0.155181044797748	0.876678591319114	0.900550590519353
IODOLM_00912	29.116439647761	-0.0661877924118327	0.437318434818344	-0.151349193498614	0.879700265389921	0.903442469219971
IODOLM_00502	18.8460678151413	0.0811975286950733	0.544519586240641	0.1491177374457	0.881460729914097	0.904978497505039
IODOLM_02326	13.8736631089755	-0.0862916150824264	0.579413859041187	-0.148929152687548	0.881609537217546	0.904978497505039
IODOLM_00840	249.619383705567	0.0270046771700567	0.186597393671538	0.144721620375858	0.884930668275952	0.908174625791643
IODOLM_03530	24.7697552297911	-0.0539077700032791	0.374320023075016	-0.144015192028548	0.885488473190857	0.908534011414581
IODOLM_01477	231.208785269858	-0.0248836894246569	0.174368331976886	-0.142707618651508	0.886521099494958	0.909190532393132
IODOLM_02527	45.4233009274969	-0.0467955419775294	0.327978287089486	-0.14267878033268	0.886543876078952	0.909190532393132
IODOLM_04151	4.86990110605592	-0.110164074902858	0.775175489439446	-0.142115013185622	0.886989159732454	0.909434058807221
IODOLM_01533	89.4190627336014	0.0301072759871838	0.215600238528349	0.139643982737176	0.888941287871352	0.911222083795979
IODOLM_02568	33.6940304772804	0.0570986309715398	0.409794771386522	0.139334698630607	0.889185671758902	0.911259133399755
IODOLM_00855	1394.02932100653	-0.0882261995267516	0.63952663482579	-0.137955473192739	0.890275608222627	0.912162505638543
IODOLM_02419	28.4590667539098	0.0539299240739263	0.402514795616484	0.133982463902546	0.893416441176803	0.915166279632418
IODOLM_03942	57.6325997188014	0.043884522591014	0.329384729972299	0.133231806449269	0.89401005716033	0.915560030454857
IODOLM_02531	11.2016396962794	0.0962039863517505	0.724854339388283	0.132721818887004	0.894413386544299	0.915758769189951
IODOLM_00914	209.396457325221	0.0254098738546085	0.196065857748435	0.129598667235633	0.896883957746573	0.918073496865264
IODOLM_03203	60.7278976043921	0.0345911298769148	0.271468414068257	0.127422300659322	0.898606166729452	0.919621278205819
IODOLM_03024	803.167654477352	-0.0170318677008246	0.139263218977375	-0.122299827807309	0.902661568365439	0.923555534993491
IODOLM_01984	52.2829720682474	-0.0318899609433163	0.261593527829947	-0.121906536479935	0.902973038879469	0.923658255758896
IODOLM_01119	34.5051773176072	-0.038676547925634	0.323964687406392	-0.119385073216689	0.904970286562328	0.925484920307724
IODOLM_03313	29.2443714151224	0.0426379649324367	0.362294241486263	0.117688773516025	0.906314262394739	0.926642806597986
IODOLM_04302	250.624910534737	-0.0184371501875577	0.157416484855232	-0.117123376274813	0.906762285635111	0.926884317201412
IODOLM_03549	697.808038933822	0.0169551815143732	0.145213319523466	0.116760511845701	0.907049836631654	0.92696172001404
IODOLM_00478	10.1069350184856	-0.0674807986696646	0.582099541687233	-0.115926562103226	0.907710744104305	0.927420550128517
IODOLM_00543	359.201673288327	-0.0271940974931277	0.23655954876077	-0.114956667932389	0.908479468251399	0.927989298101803
IODOLM_03424	1.25648759737268	0.161609295159122	1.41365606916497	0.114320094317271	0.908984053962691	0.928288032704956
IODOLM_02784	37.4455665836858	0.0381344890421052	0.3344808319374	0.114010984788636	0.909229085624461	0.92832162358671
IODOLM_02503	25.7216399013681	0.0421352283862654	0.374716701303566	0.112445557509674	0.910470134679767	0.929371893948836
IODOLM_01290	24.6334300362411	-0.0530381108929663	0.475939767772592	-0.111438703979677	0.911268469844837	0.929753048272559
IODOLM_02706	49.5220178880204	0.0336960205133201	0.302101665192994	0.111538678516697	0.911189195916141	0.929753048272559
IODOLM_01631	7.62886624345207	-0.071305886502728	0.664714037185009	-0.107273026465186	0.914572382804128	0.932906467867335
IODOLM_01598	232.005211139938	0.0184293533775833	0.176033541202883	0.104692283366288	0.916619985294178	0.934777221078379
IODOLM_01470	9.7558127404295	-0.0647877067171137	0.625675093740824	-0.103548482855146	0.917527672511287	0.935484877658293
IODOLM_02483	37.557115343357	0.0362771173690515	0.352242933857017	0.102988914417165	0.917971769180664	0.935719651044627
IODOLM_00688	650.382547833798	0.012739386994484	0.126053677717764	0.101063191690508	0.919500297173938	0.93684128065964
IODOLM_01551	0.477242350785817	0.216463697102758	2.1369441792946	0.101295906182356	0.919315565873376	0.93684128065964
IODOLM_03489	630.391255411287	0.0125819097733926	0.126294784474279	0.0996233520312552	0.920643353811649	0.937787550344454
IODOLM_02514	93.8605573597949	0.0232632921155956	0.234764572577082	0.0990920046420438	0.921065220215723	0.937998930338376
IODOLM_02766	412.083319001126	-0.0152224073014932	0.159310704504506	-0.095551691575519	0.923876634101799	0.940643124902157
IODOLM_01766	323.44129170272	0.0161830679321715	0.169909160616305	0.0952454115685776	0.924119900696759	0.940671943579674
IODOLM_02493	7301.5083861184	-0.0127275315351259	0.136059010543338	-0.0935442017717152	0.925471235681278	0.941828401707272
IODOLM_03143	60.9404817443245	-0.0260656364316553	0.28171130878339	-0.0925260563525955	0.926280090037681	0.942432381772819
IODOLM_01034	19.551897052159	0.0387868650420489	0.420731742720753	0.0921890627772111	0.926547827678616	0.942485656420647
IODOLM_00001	22.9899167983919	0.0424366755571248	0.464717023416845	0.0913172391342756	0.92724052037045	0.942971070681173
IODOLM_01662	13.408594820425	0.0470279264018959	0.521927990276117	0.0901042428803571	0.928204377606199	0.94373196013121
IODOLM_03572	1191.6037617186	-0.0291632891793348	0.331124250286257	-0.0880735529159317	0.92981821639251	0.945153197429413
IODOLM_04264	218.176699830332	-0.0170039556354964	0.196511765817098	-0.0865289442837877	0.931045948141523	0.946181390865607
IODOLM_03416	112.070385142265	-0.0198557894762669	0.230397359505238	-0.0861806294955194	0.931322828834636	0.946243022749098
IODOLM_02307	77.6359983370808	0.0218020870956394	0.256281405560355	0.0850708893529342	0.932205033320218	0.946919504598253
IODOLM_03985	702.999996169694	0.0165900656375265	0.203153275088519	0.0816628017948405	0.934914859389767	0.949451711461968
IODOLM_02414	633.694109432743	0.0155002270899304	0.192196178920652	0.0806479461609359	0.935721934837984	0.95005085541787
IODOLM_00343	402.197808528231	0.0115546963705464	0.156246705045149	0.0739516162418116	0.941048884429781	0.955237744900191
IODOLM_02134	21.1940694931343	0.0347996289194367	0.473250409222241	0.073533225204449	0.941381805740896	0.955354077440204
IODOLM_00148	2029.96403945617	0.00824906862753462	0.113452617652226	0.0727093724079693	0.942037390189651	0.955354720618751
IODOLM_01722	81.2397167174718	-0.018003987361448	0.245828556127332	-0.073237981970339	0.941616742286588	0.955354720618751
IODOLM_03191	14.1840592570723	-0.033629235620459	0.460923190582334	-0.0729606066858376	0.941837465237146	0.955354720618751
IODOLM_01073	143.862344936883	0.0139956254490745	0.194487878600804	0.0719614278779876	0.942632604327627	0.955515468273731
IODOLM_03198	25.4824461967697	-0.0303718198927665	0.420825183290875	-0.0721720588469951	0.94246498098101	0.955515468273731
IODOLM_02726	7.38006365386469	-0.0453420310902572	0.658632881830638	-0.0688426471575959	0.945114871068973	0.957809790596996
IODOLM_00504	10.7064578774878	0.0390663111505109	0.575634716470721	0.0678664959438699	0.945891909601555	0.958375317531004
IODOLM_02870	123.283718700053	0.014365038467686	0.213976164595627	0.0671338253717798	0.946475165874471	0.958612149342331
IODOLM_03446	9.6633410341442	-0.0428161547422459	0.638832409076723	-0.0670225150350876	0.94656377909237	0.958612149342331
IODOLM_00042	17.1199424255137	0.042843178685421	0.643821147173678	0.0665451560165412	0.946943808054051	0.958745950947529
IODOLM_03461	1203.39521148643	0.0388499052159123	0.585917023567624	0.0663061553995426	0.947134082711647	0.958745950947529
IODOLM_00608	12.6861571265047	-0.0366161965708885	0.56101575268835	-0.0652676799099243	0.947960875152136	0.959280384689931
IODOLM_01017	20.8074183454814	-0.0263056733661204	0.404128496039882	-0.0650923496459512	0.948100471614248	0.959280384689931
IODOLM_00142	90.4167151755761	0.0151692895235496	0.235132987148707	0.0645136597271909	0.948561230880087	0.959524721759422
IODOLM_01768	381.723370843503	-0.0107786018707698	0.168126458692263	-0.0641100868632397	0.94888257021513	0.959577164397589
IODOLM_04041	889.505841073599	-0.0131338311408657	0.205544477014543	-0.0638977574665577	0.949051637914252	0.959577164397589
IODOLM_00407	55.9055586861	0.0171918197188021	0.276580135592185	0.0621585483064164	0.950436572283973	0.960755472468161
IODOLM_03692	426.136754640567	-0.00848219393563253	0.137407779493406	-0.0617300852026327	0.950777781122443	0.960878422677092
IODOLM_02417	16.8722232830285	-0.039399053608653	0.670228675453266	-0.0587844940863027	0.953123759027962	0.963026915148086
IODOLM_01111	5.52960557072957	0.0412119583112446	0.743981697126852	0.0553937798072172	0.955824751225543	0.96553303586403
IODOLM_01009	132.839014351693	0.013494124073931	0.248078624948218	0.0543945455871001	0.956620824414122	0.966114176698869
IODOLM_03114	20.1149869264982	0.0286832955877731	0.530933150606617	0.0540243071185159	0.956915798237599	0.966189093928873
IODOLM_00743	66.2591907496756	0.0129731653941703	0.246724613278773	0.0525815613682286	0.958065308540949	0.966916196285364
IODOLM_01112	5.44053631117085	-0.0411206432031048	0.782269395697628	-0.0525658340071369	0.958077839829373	0.966916196285364
IODOLM_02798	2.34826620308344	0.0519845464984054	1.07715790354941	0.0482608411701829	0.961508362387206	0.970154621583217
IODOLM_00246	2014.69346688816	-0.00781259004559338	0.192361669249302	-0.0406140686763754	0.967603568229412	0.975874952160297
IODOLM_03957	23.217463643666	-0.0179302991611094	0.441755000147685	-0.0405887859902324	0.967623724274115	0.975874952160297
IODOLM_01529	265.351217088787	0.00700321767420955	0.173822849449599	0.0402893963387718	0.967862407412313	0.975890759178867
IODOLM_02528	43.8483849111854	-0.0119035476805371	0.31839770267147	-0.0373857838189852	0.970177407616241	0.977999616615681
IODOLM_02285	2.23190371583368	-0.0383585419733442	1.07559790108562	-0.0356625295890113	0.971551448590088	0.97870836533845
IODOLM_02583	0.995413299123063	0.0541916747675624	1.51552859640682	0.0357576062213844	0.971475636766424	0.97870836533845
IODOLM_03702	521.604011052584	0.00559282467030384	0.154477983383758	0.0362046716806886	0.971119160970779	0.97870836533845
IODOLM_01675	466.553942352842	0.00756134112900573	0.220101603894357	0.0343538665562609	0.972594970891964	0.978858231974065
IODOLM_01704	407.401736430326	-0.00483088299839254	0.137808851105177	-0.0350549544506802	0.972035920457155	0.978858231974065
IODOLM_02025	3.49746843810177	0.030658226541912	0.889162914315582	0.0344798754517452	0.972494489868368	0.978858231974065
IODOLM_02135	4.43029782085762	0.0381541469640909	1.10755035354123	0.0344491307705322	0.972519006010348	0.978858231974065
IODOLM_00390	737.716616605912	0.00617687966938995	0.187529173251318	0.0329382333548284	0.973723843518168	0.979769036384342
IODOLM_02980	11.6797575287188	-0.0187885655594425	0.590173035392458	-0.0318356895905085	0.974603084875033	0.980428298715665
IODOLM_02113	1507.51537853496	0.00525254141227727	0.169553820370549	0.0309786084489171	0.97528659946873	0.980890406636443
IODOLM_02922	3.47465675155043	0.044037470641267	1.45742560879024	0.0302159303196415	0.97589484377456	0.981276616810082
IODOLM_01298	4.18224891837851	0.0261404465986269	0.874916478066433	0.0298776480429278	0.976164632167799	0.981322405321913
IODOLM_00351	1945.74510680665	0.00558816025292737	0.191389617728424	0.0291978233681244	0.976706817195635	0.981641945808015
IODOLM_00689	168.869389332703	-0.00883432817765992	0.308738308189223	-0.0286142922446975	0.977172213189365	0.981884180233446
IODOLM_00712	2524.75204901931	0.00286154123357574	0.109782720678568	0.026065497519906	0.979205096697314	0.983368951274269
IODOLM_00980	24.6457882864993	-0.0108311224560823	0.41307474081381	-0.0262207329229176	0.979081279085661	0.983368951274269
IODOLM_02112	682.141451348327	-0.00451549549672537	0.174233095446401	-0.0259164051763889	0.979324015003031	0.983368951274269
IODOLM_00707	572.835726776238	-0.00283931393456418	0.145920890514338	-0.0194578988968354	0.984475822491766	0.988315255614583
IODOLM_01949	2641.2318652	-0.0021593797475625	0.120629214099081	-0.0179009683822433	0.985717856481253	0.989289022422518
IODOLM_03379	21.4235213639803	0.00854337602021938	0.483353316660038	0.017675219607996	0.985897949448035	0.989289022422518
IODOLM_02776	92.4070276244089	-0.00341146627242592	0.214357441702182	-0.0159148487933796	0.987302323878852	0.990471107128349
IODOLM_00264	197.419636374221	0.00227277115038973	0.163117739272096	0.0139333168822217	0.988883181278296	0.991829658783824
IODOLM_03382	7.39162005688799	-0.00934145526735762	0.718067853340233	-0.0130091539732687	0.989620489664526	0.992341719241972
IODOLM_01049	3.37340830307671	-0.00967669538788686	0.985287707538381	-0.00982118757176306	0.992163952039892	0.994664250659007
IODOLM_00232	255.080327850851	-0.00126057365620059	0.198456513200185	-0.00635188856174771	0.994931960264265	0.997210778313427
IODOLM_00062	190.336416396705	0.00149503874813015	0.255561573682949	0.00585001386000584	0.995332390883635	0.997383682735697
IODOLM_02221	25.638722678187	-0.00209849793043626	0.433907416012775	-0.00483628039760095	0.996141221581599	0.997508921199331
IODOLM_02465	23.1913218558354	0.00208641647353788	0.411961193342139	0.00506459469303723	0.995959055362828	0.997508921199331
IODOLM_03590	173.194738858883	-0.00202226182651791	0.380615806872675	-0.00531313148325026	0.995760754365211	0.997508921199331
IODOLM_00149	6611.64866661306	0.000428832383510844	0.0950965758687435	0.00450944084572232	0.996401998965608	0.997541786198467
IODOLM_02121	25.0102748861044	0.00162646851894012	0.400767330917257	0.00405838598474966	0.996761885369885	0.997560796818075
IODOLM_04147	14.8176715446155	0.00211049772909652	0.539187161782873	0.00391422103248519	0.996876911445485	0.997560796818075
IODOLM_01047	10.4729672075775	-0.0010939745043147	0.547188819022804	-0.00199926326394676	0.998404819771387	0.998861337750249
IODOLM_01781	47.7484435680002	-0.000610306509485426	0.386597496207975	-0.00157866130916974	0.998740411037862	0.998968694560385
IODOLM_02532	2.48030517785615	-0.000766726287377162	1.02762263594577	-0.000746116580695504	0.999404685154938	0.999404685154938
IODOLM_00180	132465.581357093	-8.44786222075391	2.29802116082298	-3.67614640142326	NA	NA
IODOLM_02668	88169.8928981492	-7.47476367737518	2.04349957043754	-3.65782493204769	NA	NA
IODOLM_02669	174465.952490895	-8.64283444477557	2.27686886610634	-3.79592982864912	NA	NA
IODOLM_03330	174528.724403366	-8.6445209685562	2.29502270233159	-3.76663854338954	NA	NA
IODOLM_03819	164756.98976112	-8.7058701475424	2.29114971134367	-3.79978231210248	NA	NA
IODOLM_03903	165759.827033507	-8.70275815147269	2.30157730161115	-3.78121479794773	NA	NA
IODOLM_04019	164477.290388664	-8.69887202738571	2.30424067000209	-3.7751577518063	NA	NA
IODOLM_04020	85281.5329621414	-7.51466495441052	2.04199251163933	-3.68006489327312	NA	NA
IODOLM_04054	104608.599683119	-8.48922790054434	2.26473100474464	-3.74844866024234	NA	NA
