# Program:featureCounts v2.1.1; Command:"featureCounts" "-T" "8" "-p" "-s" "2" "-t" "CDS" "-g" "locus_tag" "--countReadPairs" "-a" "results/00_REFERENCE/bakta/reference_filtered.gff3" "-o" "results/04_COUNTS/counts.tsv" "results/02_MAPPING/CTRL_D1_R1/CTRL_D1_R1.sorted.bam" "results/02_MAPPING/CTRL_D1_R2/CTRL_D1_R2.sorted.bam" "results/02_MAPPING/CTRL_D1_R3/CTRL_D1_R3.sorted.bam" "results/02_MAPPING/PU239_D1_R1/PU239_D1_R1.sorted.bam" "results/02_MAPPING/PU239_D1_R2/PU239_D1_R2.sorted.bam" "results/02_MAPPING/PU239_D1_R3/PU239_D1_R3.sorted.bam" 
Geneid	Chr	Start	End	Strand	Length	results/02_MAPPING/CTRL_D1_R1/CTRL_D1_R1.sorted.bam	results/02_MAPPING/CTRL_D1_R2/CTRL_D1_R2.sorted.bam	results/02_MAPPING/CTRL_D1_R3/CTRL_D1_R3.sorted.bam	results/02_MAPPING/PU239_D1_R1/PU239_D1_R1.sorted.bam	results/02_MAPPING/PU239_D1_R2/PU239_D1_R2.sorted.bam	results/02_MAPPING/PU239_D1_R3/PU239_D1_R3.sorted.bam
IODOLM_00001	contig_1	3	98	+	96	3	41	14	30	31	61
IODOLM_00002	contig_1	190	255	+	66	62	2726	945	975	858	2377
IODOLM_00003	contig_1	337	2799	+	2463	224	8690	5624	3165	2875	6621
IODOLM_00004	contig_1	2801	3733	+	933	110	3541	2180	1262	1084	2573
IODOLM_00005	contig_1	3734	5020	+	1287	132	4411	2856	1650	1454	3253
IODOLM_00006	contig_1	5234	5530	+	297	2	99	57	119	96	282
IODOLM_00007	contig_1	5683	6459	-	777	16	569	300	330	282	642
IODOLM_00008	contig_1	6529	7959	-	1431	4	126	62	185	178	501
IODOLM_00009	contig_1	8238	9191	+	954	408	8948	5781	10786	10341	21689
IODOLM_00010	contig_1	9306	9893	+	588	34	990	542	601	566	1358
IODOLM_00011	contig_1	9928	10494	-	567	26	677	350	999	941	2104
IODOLM_00012	contig_1	10643	11356	-	714	1	53	22	42	52	93
IODOLM_00013	contig_1	11382	11786	-	405	0	1	2	5	5	24
IODOLM_00014	contig_1	12163	14079	+	1917	244	6522	3993	77960	87929	197443
IODOLM_00015	contig_1	14168	15298	+	1131	59	1500	868	7552	8525	20167
IODOLM_00016	contig_1	15445	16557	+	1113	21	661	382	1456	1443	3350
IODOLM_00017	contig_1	16580	16720	+	141	0	18	7	121	115	310
IODOLM_00018	contig_1	16751	16903	-	153	22	400	227	128	88	236
IODOLM_00019	contig_1	17489	18655	+	1167	144	3475	1926	3382	3237	7265
IODOLM_00020	contig_1	18721	19620	+	900	23	645	335	1070	940	2473
IODOLM_00021	contig_1	19811	20188	-	378	12	181	114	178	193	420
IODOLM_00022	contig_1	20233	20508	-	276	7	152	105	296	269	624
IODOLM_00023	contig_1	20815	21078	-	264	390	10752	5552	6804	6364	16057
IODOLM_00024	contig_1	21407	22348	+	942	344	8410	5175	3034	2906	6417
IODOLM_00025	contig_1	22391	25207	+	2817	1358	46209	30658	14901	14776	32764
IODOLM_00026	contig_1	25207	25701	+	495	124	3802	2565	2269	2174	4831
IODOLM_00027	contig_1	25826	26275	+	450	133	4052	2533	1520	1460	3450
IODOLM_00028	contig_1	26277	27227	+	951	316	5994	3877	2034	2029	4865
IODOLM_00029	contig_1	27293	28207	+	915	4	104	85	87	85	205
IODOLM_00030	contig_1	28374	29195	+	822	63	1644	767	654	612	1567
IODOLM_00031	contig_1	29651	30799	+	1149	21	482	307	1247	1132	2163
IODOLM_00032	contig_1	30817	34038	+	3222	40	987	659	3176	2698	5632
IODOLM_00033	contig_1	34300	34695	+	396	2	75	45	240	221	522
IODOLM_00034	contig_1	34781	35371	-	591	2	23	15	62	52	177
IODOLM_00035	contig_1	35377	36162	-	786	0	4	11	19	29	70
IODOLM_00036	contig_1	36271	37824	-	1554	7	185	126	172	149	399
IODOLM_00037	contig_1	37898	39115	-	1218	13	321	191	249	213	526
IODOLM_00038	contig_1	39244	40386	-	1143	29	549	295	383	345	839
IODOLM_00039	contig_1	40417	41931	-	1515	1	34	22	54	40	110
IODOLM_00040	contig_1	42403	43173	+	771	0	7	3	12	6	24
IODOLM_00041	contig_1	43188	44129	+	942	0	14	13	18	15	52
IODOLM_00042	contig_1	44180	45466	+	1287	3	23	8	18	26	32
IODOLM_00043	contig_1	45463	45750	+	288	0	2	1	4	3	7
IODOLM_00044	contig_1	45807	47138	+	1332	2	54	14	14	15	29
IODOLM_00045	contig_1	47246	47776	+	531	3	74	37	160	144	321
IODOLM_00046	contig_1	47769	49631	+	1863	15	431	237	561	440	1115
IODOLM_00047	contig_1	49712	50302	+	591	72	1718	913	809	733	1740
IODOLM_00048	contig_1	50380	51222	-	843	53	2137	1301	1157	1180	2583
IODOLM_00049	contig_1	51229	51606	-	378	88	1984	1228	1353	1266	3006
IODOLM_00050	contig_1	51609	52430	-	822	175	4097	2541	2865	2651	5880
IODOLM_00051	contig_1	52427	53416	-	990	86	2085	1482	1583	1459	3389
IODOLM_00052	contig_1	53416	54702	-	1287	343	9771	6535	6239	6105	13797
IODOLM_00053	contig_1	54755	57109	-	2355	504	17185	11092	9734	8738	19511
IODOLM_00054	contig_1	57364	58179	+	816	20	790	430	485	441	1014
IODOLM_00055	contig_1	58474	59124	+	651	6	284	170	428	439	1091
IODOLM_00056	contig_1	59121	59279	+	159	1	56	29	87	92	193
IODOLM_00057	contig_1	59687	60346	-	660	6	171	67	67	59	163
IODOLM_00058	contig_1	60358	62349	-	1992	10	124	89	83	86	202
IODOLM_00059	contig_1	62450	63136	+	687	1	16	10	26	8	34
IODOLM_00060	contig_1	63738	64196	+	459	64	951	604	621	533	1404
IODOLM_00061	contig_1	64198	65139	+	942	75	1007	697	1097	1028	2362
IODOLM_00062	contig_1	65136	65501	+	366	19	243	221	282	248	587
IODOLM_00063	contig_1	65517	67283	+	1767	47	1263	856	1081	948	2829
IODOLM_00064	contig_1	67270	68757	+	1488	72	1407	942	948	904	2104
IODOLM_00065	contig_1	68754	70112	+	1359	42	1085	826	1091	995	2080
IODOLM_00066	contig_1	70106	71188	+	1083	34	810	598	865	871	1848
IODOLM_00067	contig_1	71191	72507	+	1317	38	858	552	1136	1083	2504
IODOLM_00068	contig_1	72507	73751	+	1245	45	734	529	915	825	2068
IODOLM_00069	contig_1	73748	74815	+	1068	50	849	607	1027	885	2243
IODOLM_00070	contig_1	74869	76344	+	1476	81	1515	1034	1738	1619	3837
IODOLM_00071	contig_1	76337	77257	+	921	102	2116	1313	1653	1657	3605
IODOLM_00072	contig_1	77259	78089	+	831	113	1977	1227	1479	1279	3510
IODOLM_00073	contig_1	78086	79348	+	1263	247	4424	2488	2284	2261	5367
IODOLM_00074	contig_1	79409	80560	+	1152	540	10680	6280	7045	6388	13414
IODOLM_00075	contig_1	80661	81578	+	918	1907	58011	30743	26163	24814	54543
IODOLM_00076	contig_1	81734	82321	+	588	96	2067	1321	2025	1703	4442
IODOLM_00077	contig_1	82383	85088	+	2706	539	14086	9089	11771	10708	23620
IODOLM_00078	contig_1	85148	85537	+	390	7	227	135	182	169	352
IODOLM_00079	contig_1	85753	85950	-	198	7	494	307	205	168	468
IODOLM_00080	contig_1	85960	86703	-	744	42	1265	789	458	430	1067
IODOLM_00081	contig_1	86703	87323	-	621	40	772	479	291	270	719
IODOLM_00082	contig_1	87548	88591	+	1044	75	2069	1327	1136	1099	2205
IODOLM_00083	contig_1	88626	89828	-	1203	20	313	197	158	154	400
IODOLM_00084	contig_1	89818	91203	-	1386	15	363	234	317	270	606
IODOLM_00085	contig_1	91213	91653	-	441	1	26	14	17	11	34
IODOLM_00086	contig_1	91856	92749	-	894	41	2385	1388	860	751	1875
IODOLM_00087	contig_1	92837	93388	+	552	61	889	469	346	332	802
IODOLM_00088	contig_1	93385	94239	+	855	74	1365	775	406	405	833
IODOLM_00089	contig_1	94282	95652	-	1371	37	863	464	1278	1110	2392
IODOLM_00090	contig_1	96196	96960	+	765	79	2828	1657	5282	4733	12705
IODOLM_00091	contig_1	97121	99784	+	2664	1799	60523	43843	110655	108161	245433
IODOLM_00092	contig_1	99799	101691	+	1893	1078	29174	21747	57641	53773	127758
IODOLM_00093	contig_1	102016	103440	+	1425	547	16230	11131	37970	36420	78735
IODOLM_00094	contig_1	103511	105364	-	1854	5	130	85	64	62	148
IODOLM_00095	contig_1	105719	108316	+	2598	321	14983	8267	17142	17544	39674
IODOLM_00096	contig_1	108492	108854	+	363	69	1889	984	688	667	1384
IODOLM_00097	contig_1	108892	109686	-	795	55	1777	1234	4811	4013	8651
IODOLM_00098	contig_1	109702	110568	-	867	86	2141	1499	8413	6694	15161
IODOLM_00099	contig_1	110674	110982	-	309	27	557	363	645	559	1256
IODOLM_00100	contig_1	111187	112737	+	1551	55	1567	772	824	748	1903
IODOLM_00101	contig_1	112939	115329	-	2391	83	3234	1796	9101	9182	18200
IODOLM_00102	contig_1	115535	116071	+	537	178	6649	3685	1753	1659	3155
IODOLM_00103	contig_1	116112	116774	-	663	189	4399	2286	2459	2488	4679
IODOLM_00104	contig_1	116883	117809	+	927	182	4478	2828	1841	1730	3803
IODOLM_00105	contig_1	117806	118576	+	771	141	3951	2388	1158	1185	2324
IODOLM_00106	contig_1	118681	119121	+	441	32	747	446	214	214	448
IODOLM_00107	contig_1	119185	120414	+	1230	14	407	209	411	347	933
IODOLM_00108	contig_1	120418	120798	-	381	82	6278	3460	1874	1838	4282
IODOLM_00109	contig_1	121072	121974	+	903	38	484	236	175	141	404
IODOLM_00110	contig_1	122048	122899	-	852	168	6502	3844	2135	2044	4075
IODOLM_00111	contig_1	122911	123705	-	795	49	3206	1899	1530	1251	2962
IODOLM_00112	contig_1	123819	125057	-	1239	2	39	29	171	184	554
IODOLM_00113	contig_1	125107	125703	-	597	0	20	5	50	58	141
IODOLM_00114	contig_1	125730	126335	-	606	0	10	10	67	48	142
IODOLM_00115	contig_1	126347	126916	-	570	0	13	4	57	50	178
IODOLM_00116	contig_1	126933	129530	-	2598	2	32	24	78	64	212
IODOLM_00117	contig_1	129565	130305	-	741	0	4	2	8	8	15
IODOLM_00118	contig_1	130403	130987	-	585	0	6	1	13	14	36
IODOLM_00119	contig_1	131357	131836	-	480	1	192	111	218	248	524
IODOLM_00120	contig_1	131833	133197	-	1365	119	4009	2629	3868	3426	7757
IODOLM_00121	contig_1	133290	134216	-	927	15	416	262	447	416	982
IODOLM_00122	contig_1	134253	134708	-	456	241	5754	3067	4823	4268	9260
IODOLM_00123	contig_1	134886	135590	-	705	173	3436	1756	1184	1133	2526
IODOLM_00124	contig_1	135605	136135	-	531	10	229	138	119	96	238
IODOLM_00125	contig_1	136209	138638	+	2430	159	3315	2066	1065	988	2447
IODOLM_00126	contig_1	138834	141368	+	2535	229	6264	3901	2490	2379	5395
IODOLM_00127	contig_1	141588	143831	+	2244	339	8853	5071	5632	4549	11495
IODOLM_00128	contig_1	143882	144679	+	798	19	317	194	303	270	683
IODOLM_00129	contig_1	144679	145569	+	891	19	362	220	232	206	508
IODOLM_00130	contig_1	145566	147548	+	1983	29	593	369	403	392	1020
IODOLM_00131	contig_1	147706	148986	-	1281	115	3632	2111	2399	2283	4937
IODOLM_00132	contig_1	149211	150632	+	1422	42	911	527	1662	1455	4103
IODOLM_00133	contig_1	150656	150721	+	66	0	5	1	28	12	53
IODOLM_00134	contig_1	150714	151058	+	345	108	6497	3684	1736	1891	4268
IODOLM_00135	contig_1	151105	151728	-	624	40	698	393	199	176	337
IODOLM_00136	contig_1	151766	152566	-	801	30	1075	755	260	231	476
IODOLM_00137	contig_1	152559	153257	-	699	80	3193	1922	1533	1472	2941
IODOLM_00138	contig_1	153341	154858	+	1518	38	621	358	829	789	1781
IODOLM_00139	contig_1	154988	156412	+	1425	110	2405	1236	2391	2130	5028
IODOLM_00140	contig_1	156567	157724	+	1158	42	512	248	101	103	214
IODOLM_00141	contig_1	157813	158199	-	387	96	2525	1314	1681	1452	3324
IODOLM_00142	contig_1	158361	159104	-	744	4	187	108	158	129	304
IODOLM_00143	contig_1	159227	160051	-	825	470	9363	5150	3694	3696	7674
IODOLM_00144	contig_1	160082	162754	-	2673	66	3120	2017	1099	1116	2425
IODOLM_00145	contig_1	162816	163610	-	795	177	3966	2242	1988	1910	4549
IODOLM_00146	contig_1	163978	164703	+	726	2150	43113	27040	71014	63805	122617
IODOLM_00147	contig_1	164961	165812	+	852	711	20259	12974	28569	26853	49677
IODOLM_00148	contig_1	165959	166684	+	726	149	3664	2228	3055	2963	6447
IODOLM_00149	contig_1	166976	167533	+	558	458	12683	7205	10047	9178	22041
IODOLM_00150	contig_1	167625	168821	+	1197	76	2421	1547	1490	1384	3314
IODOLM_00151	contig_1	169010	169768	+	759	328	6826	4463	3505	3255	6736
IODOLM_00152	contig_1	169768	169920	+	153	20	229	159	70	84	166
IODOLM_00153	contig_1	169889	170638	+	750	247	4625	3102	2018	2086	4344
IODOLM_00154	contig_1	170650	172002	+	1353	618	11610	7227	5225	4817	11532
IODOLM_00155	contig_1	172032	174464	+	2433	1116	26114	18041	17072	16669	36380
IODOLM_00156	contig_1	174586	175071	+	486	285	11289	6778	10494	10020	20403
IODOLM_00157	contig_1	175075	176100	+	1026	396	15798	9618	9884	9576	21565
IODOLM_00158	contig_1	176205	176660	+	456	336	5553	3111	3747	3439	7456
IODOLM_00159	contig_1	176664	177452	+	789	355	7822	4200	4519	4165	9433
IODOLM_00160	contig_1	177452	178600	+	1149	149	3751	2371	2437	2229	5000
IODOLM_00161	contig_1	178597	179193	+	597	59	1236	861	950	904	2081
IODOLM_00162	contig_1	179230	182712	+	3483	601	12431	8112	6280	5977	13769
IODOLM_00163	contig_1	182725	183684	+	960	255	7596	4677	4602	4531	9124
IODOLM_00164	contig_1	183783	185924	+	2142	37	812	477	1294	1110	2697
IODOLM_00165	contig_1	185981	186370	+	390	18	355	196	358	304	721
IODOLM_00166	contig_1	186435	187733	+	1299	115	1480	804	787	688	1750
IODOLM_00167	contig_1	187782	188042	-	261	22	619	375	585	571	1286
IODOLM_00168	contig_1	188029	188229	-	201	31	896	404	754	718	2040
IODOLM_00169	contig_1	188395	188940	+	546	16	520	330	527	441	1042
IODOLM_00170	contig_1	188937	189359	+	423	10	295	156	295	241	668
IODOLM_00171	contig_1	189373	190083	+	711	49	916	483	940	745	1974
IODOLM_00172	contig_1	190283	191107	-	825	15	218	118	147	142	336
IODOLM_00173	contig_1	191161	192879	-	1719	523	16518	9594	5888	5950	12410
IODOLM_00174	contig_1	192991	193698	-	708	12	634	429	497	462	1186
IODOLM_00175	contig_1	193695	194099	-	405	9	590	380	686	596	1541
IODOLM_00176	contig_1	194217	195032	-	816	90	3476	2047	2245	1885	4129
IODOLM_00177	contig_1	195072	195725	-	654	17	1100	631	722	586	1443
IODOLM_00178	contig_1	195718	196749	-	1032	27	1186	628	867	760	1737
IODOLM_00179	contig_1	196937	197512	+	576	82	1763	874	437	445	961
IODOLM_00180	contig_1	199062	199316	+	255	54952	1657	2011	3069	115	583
IODOLM_00181	contig_1	203271	204074	+	804	5	156	82	201	158	327
IODOLM_00182	contig_1	204071	204985	-	915	55	1075	552	381	332	803
IODOLM_00183	contig_1	205247	206026	+	780	288	7866	4102	3401	3204	7724
IODOLM_00184	contig_1	206030	206653	+	624	81	1936	1093	938	906	2159
IODOLM_00185	contig_1	206701	207921	-	1221	1923	34725	18932	5295	4873	10034
IODOLM_00186	contig_1	208131	208886	-	756	37	836	524	1212	1176	2474
IODOLM_00187	contig_1	208920	209642	+	723	15	458	249	320	275	642
IODOLM_00188	contig_1	209639	210106	-	468	76	1480	796	445	370	825
IODOLM_00189	contig_1	210162	210902	+	741	35	1068	569	716	699	1565
IODOLM_00190	contig_1	211439	212224	+	786	0	20	7	29	36	80
IODOLM_00191	contig_1	212361	212840	-	480	0	2	4	9	27	41
IODOLM_00192	contig_1	212850	213188	-	339	0	2	3	16	25	50
IODOLM_00193	contig_1	213523	214293	-	771	59	1432	691	737	706	1622
IODOLM_00194	contig_1	214474	214920	+	447	14	307	194	600	498	1363
IODOLM_00195	contig_1	214963	217407	-	2445	30	1221	805	1290	1389	2808
IODOLM_00196	contig_1	217647	218225	+	579	124	4257	2422	1148	1095	2353
IODOLM_00197	contig_1	218431	219198	+	768	121	2578	1477	778	690	1655
IODOLM_00198	contig_1	219169	219909	-	741	159	4145	2608	3197	3172	6962
IODOLM_00199	contig_1	220065	220343	-	279	14	351	212	344	314	819
IODOLM_00200	contig_1	220346	220606	-	261	44	1487	833	975	980	2492
IODOLM_00201	contig_1	220939	221565	+	627	6	68	33	52	50	120
IODOLM_00202	contig_1	221741	222238	+	498	3	110	67	66	82	160
IODOLM_00203	contig_1	222462	224201	-	1740	1	63	38	78	65	170
IODOLM_00204	contig_1	224296	224931	+	636	5	38	29	27	36	89
IODOLM_00205	contig_1	225002	226057	+	1056	18	396	199	224	177	577
IODOLM_00206	contig_1	226109	226402	+	294	1	49	23	397	453	1165
IODOLM_00207	contig_1	226405	226803	+	399	1	18	14	129	106	324
IODOLM_00208	contig_1	226891	227265	+	375	0	20	10	78	75	267
IODOLM_00209	contig_1	227571	227837	+	267	0	6	1	24	15	73
IODOLM_00210	contig_1	227806	228306	+	501	2	19	11	34	40	96
IODOLM_00211	contig_1	228363	229820	-	1458	390	18944	11259	7516	7132	13415
IODOLM_00212	contig_1	230081	230539	+	459	14	698	385	1168	1067	2352
IODOLM_00213	contig_1	230631	231875	+	1245	89	2274	1221	951	853	1890
IODOLM_00214	contig_1	231933	232334	+	402	107	6653	3425	4148	4721	10523
IODOLM_00215	contig_1	232373	233428	-	1056	0	10	6	22	15	67
IODOLM_00216	contig_1	233716	234819	+	1104	281	7505	4903	2164	2102	4975
IODOLM_00217	contig_1	234831	236084	+	1254	335	9164	5757	2227	2303	5367
IODOLM_00218	contig_1	236436	236540	-	105	4	19	6	6	3	21
IODOLM_00219	contig_1	236656	236997	-	342	0	9	4	8	8	16
IODOLM_00220	contig_1	237018	237335	-	318	0	1	0	6	1	4
IODOLM_00221	contig_1	237354	237575	-	222	0	0	2	2	1	2
IODOLM_00222	contig_1	237584	238060	-	477	0	3	5	8	6	18
IODOLM_00223	contig_1	238076	238534	-	459	0	1	3	7	5	9
IODOLM_00224	contig_1	238632	238871	-	240	0	4	1	9	5	9
IODOLM_00225	contig_1	238948	239415	-	468	32	1265	676	561	465	1042
IODOLM_00226	contig_1	239438	240295	-	858	6	111	64	74	71	172
IODOLM_00227	contig_1	240512	241333	-	822	2	18	11	73	80	162
IODOLM_00228	contig_1	241425	242288	-	864	15	424	237	374	285	769
IODOLM_00229	contig_1	242617	243510	-	894	6	89	36	88	108	231
IODOLM_00230	contig_1	243606	243974	+	369	5	58	43	52	43	113
IODOLM_00231	contig_1	243931	245082	+	1152	24	503	321	483	395	974
IODOLM_00232	contig_1	245344	245583	+	240	23	398	281	340	368	819
IODOLM_00233	contig_1	246175	247320	+	1146	25	541	341	661	639	1590
IODOLM_00234	contig_1	247429	248409	-	981	41	1166	616	815	663	1741
IODOLM_00235	contig_1	248487	248576	+	90	0	2	2	7	2	16
IODOLM_00236	contig_1	248629	250056	+	1428	23	462	248	927	777	1843
IODOLM_00237	contig_1	250043	250975	+	933	59	1043	565	708	653	1470
IODOLM_00238	contig_1	251084	252130	-	1047	12	323	192	356	331	879
IODOLM_00239	contig_1	252142	252504	-	363	8	114	59	176	163	421
IODOLM_00240	contig_1	252506	252883	-	378	13	176	103	222	172	438
IODOLM_00241	contig_1	252928	253203	-	276	9	214	109	245	192	513
IODOLM_00242	contig_1	253352	253690	-	339	5	239	132	151	140	257
IODOLM_00243	contig_1	253713	254063	-	351	9	245	123	353	321	643
IODOLM_00244	contig_1	254157	255299	-	1143	12	236	114	368	276	671
IODOLM_00245	contig_1	255606	256514	+	909	153	4848	2940	2347	2473	5061
IODOLM_00246	contig_1	256529	258496	+	1968	187	3320	1862	3091	2526	6993
IODOLM_00247	contig_1	258723	260105	+	1383	0	117	72	103	82	223
IODOLM_00248	contig_1	260117	261727	+	1611	4	203	163	125	137	310
IODOLM_00249	contig_1	261732	261965	-	234	1	4	2	18	9	29
IODOLM_00250	contig_1	262073	262594	+	522	4	282	164	136	127	307
IODOLM_00251	contig_1	263077	263442	+	366	4	240	111	126	120	297
IODOLM_00252	contig_1	263439	263936	-	498	3	240	133	416	363	1150
IODOLM_00253	contig_1	264075	265079	-	1005	45	830	458	1007	808	2290
IODOLM_00254	contig_1	265423	265800	-	378	13	211	101	161	172	458
IODOLM_00255	contig_1	265845	266120	-	276	10	157	83	222	190	473
IODOLM_00256	contig_1	266274	267005	+	732	27	671	334	312	276	630
IODOLM_00257	contig_1	267096	267722	-	627	1	125	57	124	104	279
IODOLM_00258	contig_1	267994	268692	-	699	3	72	43	211	210	430
IODOLM_00259	contig_1	268719	269573	-	855	1	66	28	78	68	143
IODOLM_00260	contig_1	269692	269916	-	225	0	18	11	7	4	13
IODOLM_00261	contig_1	269913	270353	-	441	7	385	235	4906	4422	8298
IODOLM_00262	contig_1	270470	271795	-	1326	19	477	301	1190	1112	2459
IODOLM_00263	contig_1	272155	272565	-	411	3	55	38	130	118	297
IODOLM_00264	contig_1	272544	273500	-	957	13	372	224	304	285	641
IODOLM_00265	contig_1	273510	275708	-	2199	14	803	458	668	565	1270
IODOLM_00266	contig_1	275705	276661	-	957	2	171	97	262	202	510
IODOLM_00267	contig_1	276658	277347	-	690	1	117	80	268	207	591
IODOLM_00268	contig_1	277765	278379	+	615	8	404	215	2386	2743	6056
IODOLM_00269	contig_1	279269	279979	-	711	7	138	110	124	92	290
IODOLM_00270	contig_1	279948	281591	-	1644	8	221	149	161	133	374
IODOLM_00271	contig_1	281581	284106	-	2526	9	150	63	149	114	310
IODOLM_00272	contig_1	284132	284800	-	669	0	6	7	56	32	79
IODOLM_00273	contig_1	284858	285445	-	588	2	23	14	152	129	305
IODOLM_00274	contig_1	285520	286062	-	543	2	4	5	33	42	65
IODOLM_00275	contig_1	287148	287288	-	141	0	31	20	112	194	462
IODOLM_00276	contig_1	287288	287554	-	267	3	83	39	798	926	3099
IODOLM_00277	contig_1	287915	288016	-	102	0	3	3	13	36	19
IODOLM_00278	contig_1	289131	290018	+	888	0	5	3	4	9	19
IODOLM_00279	contig_1	290065	290364	+	300	0	100	47	106	87	193
IODOLM_00280	contig_1	290361	291227	+	867	6	152	87	112	137	308
IODOLM_00281	contig_1	291224	291910	-	687	2	83	66	225	223	458
IODOLM_00282	contig_1	292500	293093	-	594	1	46	39	87	85	169
IODOLM_00283	contig_1	293450	294775	-	1326	6	121	56	206	152	411
IODOLM_00284	contig_1	295001	295855	+	855	1	16	10	75	85	199
IODOLM_00285	contig_1	296382	297101	+	720	3	40	12	143	149	323
IODOLM_00286	contig_1	297112	298539	+	1428	8	205	107	234	259	513
IODOLM_00287	contig_1	298532	299227	+	696	5	91	64	101	103	259
IODOLM_00288	contig_1	299470	300138	-	669	0	11	9	157	156	280
IODOLM_00289	contig_1	300351	302021	-	1671	15	444	318	5574	5561	12200
IODOLM_00290	contig_1	302035	303507	-	1473	21	932	535	6517	6648	15288
IODOLM_00291	contig_1	303521	304108	-	588	26	421	290	3499	3431	8170
IODOLM_00292	contig_1	304237	306270	+	2034	32	1075	620	6820	7215	14444
IODOLM_00293	contig_1	307145	308233	+	1089	5	159	84	482	437	1127
IODOLM_00294	contig_1	308275	309207	-	933	5	116	67	80	56	133
IODOLM_00295	contig_1	309299	309796	-	498	2	11	8	4	4	5
IODOLM_00296	contig_1	310054	310659	+	606	9	187	105	260	214	539
IODOLM_00297	contig_1	310699	311562	+	864	1	35	21	57	53	126
IODOLM_00298	contig_1	311552	313099	+	1548	0	46	23	98	98	199
IODOLM_00299	contig_1	313099	315225	+	2127	8	175	92	112	111	260
IODOLM_00300	contig_1	315327	315866	+	540	46	1222	652	214	187	488
IODOLM_00301	contig_1	316090	316923	-	834	11	281	141	464	381	914
IODOLM_00302	contig_1	317017	318126	-	1110	17	785	453	1154	970	2146
IODOLM_00303	contig_1	318161	318436	-	276	5	187	87	311	242	552
IODOLM_00304	contig_1	318624	319397	-	774	4	142	80	168	126	348
IODOLM_00305	contig_1	319399	319842	-	444	0	4	1	23	21	64
IODOLM_00306	contig_1	319906	320271	+	366	52	949	545	493	451	969
IODOLM_00307	contig_1	320229	321134	+	906	75	1529	880	832	697	1619
IODOLM_00308	contig_1	321294	322490	-	1197	3	24	14	75	63	229
IODOLM_00309	contig_1	322614	323171	-	558	0	3	0	4	4	12
IODOLM_00310	contig_1	323787	324749	+	963	26	451	175	559	291	983
IODOLM_00311	contig_1	324762	325529	+	768	9	209	85	405	208	630
IODOLM_00312	contig_1	325526	326353	+	828	5	157	34	298	161	460
IODOLM_00313	contig_1	326350	327201	+	852	12	215	86	409	218	681
IODOLM_00314	contig_1	327308	328282	-	975	51	2553	1566	1405	1248	2806
IODOLM_00315	contig_1	328806	330266	+	1461	1	62	32	156	137	350
IODOLM_00316	contig_1	330294	331160	-	867	2	170	108	174	163	403
IODOLM_00317	contig_1	331157	331456	-	300	6	165	99	161	138	332
IODOLM_00318	contig_1	331576	332973	+	1398	12	280	160	343	322	889
IODOLM_00319	contig_1	333061	333684	+	624	0	2	1	7	5	23
IODOLM_00320	contig_1	333685	334842	-	1158	42	974	527	452	470	973
IODOLM_00321	contig_1	334888	334989	-	102	0	9	4	10	12	31
IODOLM_00322	contig_1	335194	336414	+	1221	32	662	407	435	401	1013
IODOLM_00323	contig_1	336427	337521	+	1095	41	1000	600	519	412	1057
IODOLM_00324	contig_1	337580	337888	-	309	2	48	42	41	28	121
IODOLM_00325	contig_1	338148	338360	+	213	16	435	228	130	162	300
IODOLM_00326	contig_1	338384	339478	-	1095	105	2843	1752	1287	1258	2763
IODOLM_00327	contig_1	339941	340201	+	261	8	235	133	281	229	692
IODOLM_00328	contig_1	340302	341717	+	1416	7	373	245	592	504	1362
IODOLM_00329	contig_1	341836	342156	+	321	12	649	298	1191	995	2405
IODOLM_00330	contig_1	342258	343373	+	1116	19	1136	430	151	118	357
IODOLM_00331	contig_1	343390	344199	-	810	45	1397	794	1102	930	2165
IODOLM_00332	contig_1	344319	344777	+	459	29	603	343	434	387	958
IODOLM_00333	contig_1	344960	345484	+	525	79	1153	726	1300	1144	2447
IODOLM_00334	contig_1	345534	345725	+	192	45	1554	794	1164	889	2205
IODOLM_00335	contig_1	345983	346660	+	678	15	359	183	650	623	1326
IODOLM_00336	contig_1	346732	347016	+	285	30	684	372	1550	1488	3051
IODOLM_00337	contig_1	347183	347302	-	120	0	3	3	20	13	42
IODOLM_00338	contig_1	347663	348640	-	978	27	1037	592	648	555	1006
IODOLM_00339	contig_1	348699	349607	+	909	17	308	203	273	266	719
IODOLM_00340	contig_1	349852	351120	-	1269	41	854	429	292	260	631
IODOLM_00341	contig_1	351162	354308	-	3147	70	2015	1340	527	472	1138
IODOLM_00342	contig_1	354305	355507	-	1203	5	254	172	200	171	400
IODOLM_00343	contig_1	355697	356386	+	690	27	745	459	560	556	1483
IODOLM_00344	contig_1	356444	357739	+	1296	35	746	442	434	398	1165
IODOLM_00345	contig_1	358146	359465	+	1320	85	5354	3110	3022	2804	5974
IODOLM_00346	contig_1	359541	360914	+	1374	98	3509	2340	1309	1172	2457
IODOLM_00347	contig_1	361070	362887	+	1818	56	1375	830	494	452	987
IODOLM_00348	contig_1	362892	363473	-	582	8	278	156	424	363	958
IODOLM_00349	contig_1	363566	364636	+	1071	51	1193	879	1510	1275	3357
IODOLM_00350	contig_1	364692	365819	+	1128	211	4363	2769	7260	6014	14140
IODOLM_00351	contig_1	365842	366174	+	333	182	3111	1809	3020	2684	6168
IODOLM_00352	contig_1	366235	368049	+	1815	538	10738	6828	6499	6107	13319
IODOLM_00353	contig_1	368060	369031	+	972	336	7853	4711	4723	4553	9476
IODOLM_00354	contig_1	369160	369507	+	348	113	2227	1238	373	378	819
IODOLM_00355	contig_1	369684	370568	-	885	13	747	510	1081	993	1871
IODOLM_00356	contig_1	370867	371406	-	540	7	153	79	103	101	225
IODOLM_00357	contig_1	371557	372006	+	450	49	1959	1154	583	615	1318
IODOLM_00358	contig_1	372010	373113	+	1104	95	3913	2625	1306	1209	3059
IODOLM_00359	contig_1	373202	373672	+	471	83	2177	1401	2207	2003	5106
IODOLM_00360	contig_1	373692	374111	+	420	76	2569	1664	2817	2758	5795
IODOLM_00361	contig_1	374189	375166	+	978	51	1373	959	1030	928	2090
IODOLM_00362	contig_1	375144	375662	+	519	177	3687	2094	1380	1239	2434
IODOLM_00363	contig_1	375716	376690	-	975	122	2898	1615	2019	1734	3945
IODOLM_00364	contig_1	376870	378732	-	1863	242	6629	4256	1810	1807	3812
IODOLM_00365	contig_1	378757	379656	-	900	102	3274	2186	1297	1263	2680
IODOLM_00366	contig_1	379656	379898	-	243	17	1178	699	642	603	1241
IODOLM_00367	contig_1	380104	381552	+	1449	130	3783	2655	1976	1880	3769
IODOLM_00368	contig_1	381606	382196	-	591	33	526	294	495	438	1123
IODOLM_00369	contig_1	382159	383070	-	912	25	780	485	733	707	1684
IODOLM_00370	contig_1	383238	383729	+	492	96	2397	1175	1723	1575	3509
IODOLM_00371	contig_1	383857	385221	-	1365	17	518	302	503	498	1053
IODOLM_00372	contig_1	385370	386260	-	891	89	2604	1445	5493	5717	11563
IODOLM_00373	contig_1	386272	386601	-	330	33	879	525	2210	2293	4149
IODOLM_00374	contig_1	386601	387215	-	615	33	1159	665	2984	3005	6115
IODOLM_00375	contig_1	387205	389196	-	1992	133	4565	2534	12490	12524	24959
IODOLM_00376	contig_1	389218	390165	-	948	105	3402	1778	7818	8077	16622
IODOLM_00377	contig_1	390625	392100	-	1476	59	1784	1108	728	653	1559
IODOLM_00378	contig_1	392144	392722	-	579	31	548	354	739	627	1409
IODOLM_00379	contig_1	393030	393344	+	315	496	11479	5115	4636	4098	8995
IODOLM_00380	contig_1	393688	394986	+	1299	844	22676	14123	19312	17301	34746
IODOLM_00381	contig_1	395232	395855	+	624	121	4637	2712	8410	8283	20265
IODOLM_00382	contig_1	395981	397255	+	1275	659	18023	9945	21969	22065	50160
IODOLM_00383	contig_1	397443	399797	+	2355	383	9555	5918	20279	21529	52328
IODOLM_00384	contig_1	400006	400278	+	273	48	1363	724	1566	1679	3564
IODOLM_00385	contig_1	400470	402341	+	1872	514	11531	6827	3750	3596	7615
IODOLM_00386	contig_1	402492	402863	+	372	5	130	72	72	64	151
IODOLM_00387	contig_1	402957	403355	+	399	5	118	75	285	243	672
IODOLM_00388	contig_1	403407	404102	-	696	70	1433	738	519	553	1178
IODOLM_00389	contig_1	404167	405867	-	1701	3	85	58	92	94	162
IODOLM_00390	contig_1	405967	406785	+	819	34	1621	886	1094	1074	2605
IODOLM_00391	contig_1	406938	407396	+	459	13	360	242	294	292	620
IODOLM_00392	contig_1	407426	409198	+	1773	47	1858	1028	628	549	1419
IODOLM_00393	contig_1	409191	410972	+	1782	77	2036	1389	727	622	1682
IODOLM_00394	contig_1	411153	411491	+	339	4	39	17	75	51	171
IODOLM_00395	contig_1	411521	412807	+	1287	49	841	460	682	478	1564
IODOLM_00396	contig_1	412856	413716	-	861	15	572	301	716	638	1559
IODOLM_00397	contig_1	413934	414506	+	573	18	1063	556	8644	7391	16626
IODOLM_00398	contig_1	414537	414848	-	312	12	1032	577	360	366	881
IODOLM_00399	contig_1	415227	415580	+	354	226	7161	3769	492	465	1045
IODOLM_00400	contig_1	415622	417172	-	1551	20	488	280	516	452	1234
IODOLM_00401	contig_1	417336	417806	-	471	16	523	324	506	514	1084
IODOLM_00402	contig_1	417922	418473	-	552	7	425	213	659	564	1351
IODOLM_00403	contig_1	418645	418863	-	219	8	502	299	2012	2024	4075
IODOLM_00404	contig_1	418889	419263	-	375	30	1127	561	2784	2515	6270
IODOLM_00405	contig_1	419809	422958	-	3150	391	9634	6045	12826	11935	25393
IODOLM_00406	contig_1	422981	424174	-	1194	225	4623	2890	3686	3496	8089
IODOLM_00407	contig_1	424316	424963	+	648	5	99	56	71	76	196
IODOLM_00408	contig_1	425091	428453	+	3363	361	9504	6070	2099	2086	4535
IODOLM_00409	contig_1	428665	428826	-	162	4	167	114	137	122	301
IODOLM_00410	contig_1	428840	429367	-	528	33	582	366	397	371	833
IODOLM_00411	contig_1	429437	429814	+	378	38	1220	633	515	568	1319
IODOLM_00412	contig_1	429967	430518	+	552	82	2318	1348	1484	1359	3399
IODOLM_00413	contig_1	430647	432578	+	1932	592	12892	7377	3743	3585	8774
IODOLM_00414	contig_1	432631	432960	+	330	186	6333	3808	3076	2854	5893
IODOLM_00415	contig_1	432960	433565	+	606	185	5179	3007	2639	2407	4810
IODOLM_00416	contig_1	433675	435549	+	1875	69	2407	1662	12698	13638	34254
IODOLM_00417	contig_1	435730	436374	+	645	319	6959	3983	7484	6828	15444
IODOLM_00418	contig_1	436610	437572	+	963	34	784	412	711	580	1582
IODOLM_00419	contig_1	437569	438528	-	960	13	260	123	207	195	515
IODOLM_00420	contig_1	438680	439984	+	1305	141	3115	1868	1093	1067	2345
IODOLM_00421	contig_1	440117	441793	-	1677	119	3018	1730	1998	1764	4282
IODOLM_00422	contig_1	442031	443251	-	1221	27	1105	760	466	498	1079
IODOLM_00423	contig_1	443469	445121	+	1653	81	1626	979	1195	1114	2416
IODOLM_00424	contig_1	445158	445637	-	480	4	158	106	432	333	826
IODOLM_00425	contig_1	445841	446635	-	795	13	376	221	616	511	1223
IODOLM_00426	contig_1	446719	447114	+	396	90	5174	2849	797	732	1552
IODOLM_00427	contig_1	447430	449934	-	2505	265	9620	5079	2067	1903	4155
IODOLM_00428	contig_1	450196	451128	+	933	12	548	358	473	382	775
IODOLM_00429	contig_1	451131	452423	+	1293	9	493	301	677	430	1209
IODOLM_00430	contig_1	452548	452955	+	408	33	958	507	881	757	2201
IODOLM_00431	contig_1	452956	453414	-	459	12	285	179	409	372	960
IODOLM_00432	contig_1	453411	454328	-	918	35	913	528	1174	1019	2459
IODOLM_00433	contig_1	454474	455151	+	678	18	235	164	286	242	611
IODOLM_00434	contig_1	455138	455917	+	780	15	330	192	204	179	481
IODOLM_00435	contig_1	455980	456834	-	855	68	2622	1625	4778	4870	11732
IODOLM_00436	contig_1	456895	457665	-	771	42	1500	981	1046	863	2142
IODOLM_00437	contig_1	457694	458287	-	594	20	865	540	717	622	1474
IODOLM_00438	contig_1	458288	458974	+	687	80	2063	1223	599	569	1458
IODOLM_00439	contig_1	458971	461385	+	2415	163	4836	2796	735	707	1581
IODOLM_00440	contig_1	461816	466096	+	4281	46	779	424	714	676	1780
IODOLM_00441	contig_1	466136	466504	+	369	5	44	35	165	196	417
IODOLM_00442	contig_1	466504	467214	+	711	0	29	13	24	20	71
IODOLM_00443	contig_1	467195	467455	+	261	0	2	0	7	7	14
IODOLM_00444	contig_1	468200	468571	-	372	5	99	51	204	179	347
IODOLM_00445	contig_1	468687	469781	-	1095	29	495	296	238	228	538
IODOLM_00446	contig_1	469850	470776	-	927	0	19	23	26	20	59
IODOLM_00447	contig_1	471006	471488	+	483	8	87	44	54	27	94
IODOLM_00448	contig_1	471566	472381	+	816	493	16411	8545	3476	3676	8230
IODOLM_00449	contig_1	472471	474252	+	1782	3	151	90	126	130	293
IODOLM_00450	contig_1	474265	475041	+	777	1	16	6	41	32	79
IODOLM_00451	contig_1	475141	476019	+	879	0	17	4	31	42	85
IODOLM_00452	contig_1	476188	477642	+	1455	0	7	5	16	28	69
IODOLM_00453	contig_1	477702	479063	+	1362	8	255	142	152	146	332
IODOLM_00454	contig_1	479120	480421	+	1302	3	142	84	157	143	310
IODOLM_00455	contig_1	480443	481588	+	1146	5	124	62	100	100	256
IODOLM_00456	contig_1	481816	482601	-	786	11	304	172	384	401	892
IODOLM_00457	contig_1	482612	483847	-	1236	4	147	105	242	221	509
IODOLM_00458	contig_1	483869	484918	-	1050	0	4	7	19	11	29
IODOLM_00459	contig_1	485235	486902	+	1668	0	21	8	17	25	39
IODOLM_00460	contig_1	486912	488171	+	1260	6	78	63	62	57	140
IODOLM_00461	contig_1	488182	488997	+	816	2	62	55	35	38	94
IODOLM_00462	contig_1	488994	489887	+	894	4	112	65	33	43	97
IODOLM_00463	contig_1	490082	491149	-	1068	70	1468	1207	3050	2810	5348
IODOLM_00464	contig_1	491146	491655	-	510	19	496	432	1430	1284	3134
IODOLM_00465	contig_1	491773	492495	-	723	56	1095	658	494	481	1155
IODOLM_00466	contig_1	492498	492992	-	495	242	5446	2739	2619	2461	5056
IODOLM_00467	contig_1	493166	494551	+	1386	102	2810	1502	1102	1040	2430
IODOLM_00468	contig_1	494587	495108	-	522	1	60	27	37	40	114
IODOLM_00469	contig_1	495216	495428	-	213	8	282	142	162	155	368
IODOLM_00470	contig_1	495430	496296	-	867	89	2218	1483	1580	1478	3289
IODOLM_00471	contig_1	496767	497309	+	543	0	15	5	82	57	150
IODOLM_00472	contig_1	497529	498221	+	693	0	1	1	10	9	28
IODOLM_00473	contig_1	498252	500855	+	2604	10	100	51	125	105	367
IODOLM_00474	contig_1	500897	501874	+	978	0	3	6	12	13	40
IODOLM_00475	contig_1	501885	502400	+	516	0	9	5	6	18	39
IODOLM_00476	contig_1	502403	503035	-	633	0	11	12	27	31	92
IODOLM_00477	contig_1	503370	504533	-	1164	36	1238	642	725	680	1668
IODOLM_00478	contig_1	504653	504916	-	264	0	25	14	16	19	35
IODOLM_00479	contig_1	505239	505334	+	96	2	8	3	4	7	15
IODOLM_00480	contig_1	505397	505696	+	300	3	96	58	111	80	236
IODOLM_00481	contig_1	505693	506559	+	867	6	183	116	130	136	314
IODOLM_00482	contig_1	506870	507202	+	333	15	200	107	172	167	442
IODOLM_00483	contig_1	507457	508983	+	1527	0	22	18	33	31	94
IODOLM_00484	contig_1	509448	509999	+	552	2	87	47	98	61	158
IODOLM_00485	contig_1	510009	510806	+	798	17	436	281	972	919	2136
IODOLM_00486	contig_1	511021	511476	+	456	0	4	3	9	6	29
IODOLM_00487	contig_1	511476	511646	+	171	0	1	2	2	1	2
IODOLM_00488	contig_1	511639	511929	+	291	0	0	1	3	2	9
IODOLM_00489	contig_1	511926	512288	+	363	0	1	0	4	1	15
IODOLM_00490	contig_1	512288	512425	+	138	0	1	0	0	1	11
IODOLM_00491	contig_1	512511	512894	+	384	2	34	15	37	27	89
IODOLM_00492	contig_1	513036	513254	+	219	1	37	19	60	51	124
IODOLM_00493	contig_1	513292	514272	-	981	32	1150	615	851	695	1682
IODOLM_00494	contig_1	514313	515380	-	1068	2	52	28	68	106	126
IODOLM_00495	contig_1	515953	516168	+	216	1	4	4	24	16	47
IODOLM_00496	contig_1	516168	516665	+	498	1	22	6	41	24	93
IODOLM_00497	contig_1	516662	517123	+	462	0	10	12	18	12	53
IODOLM_00498	contig_1	517155	517448	-	294	0	18	20	138	124	315
IODOLM_00499	contig_1	517739	518149	-	411	0	8	2	14	12	52
IODOLM_00500	contig_1	518435	518641	+	207	0	27	12	58	51	169
IODOLM_00501	contig_1	519389	519934	+	546	1	31	16	30	22	60
IODOLM_00502	contig_1	519909	520652	+	744	3	25	12	22	21	54
IODOLM_00503	contig_1	520707	521138	-	432	6	89	50	85	77	254
IODOLM_00504	contig_1	521430	521615	+	186	0	26	14	22	14	44
IODOLM_00505	contig_1	522236	522985	+	750	7	158	116	371	433	1302
IODOLM_00506	contig_1	523235	524188	-	954	49	878	460	2377	2231	4758
IODOLM_00507	contig_1	524702	525463	-	762	3	38	28	35	47	124
IODOLM_00508	contig_1	525646	526536	-	891	16	553	398	445	442	1179
IODOLM_00509	contig_1	526537	529509	-	2973	118	3686	2614	2584	2524	6842
IODOLM_00510	contig_1	529496	531733	-	2238	69	1780	1107	1490	1501	4116
IODOLM_00511	contig_1	531883	533325	-	1443	18	601	380	350	234	524
IODOLM_00512	contig_1	533315	533998	-	684	17	543	343	365	245	621
IODOLM_00513	contig_1	534155	535528	+	1374	2	11	6	576	57	76
IODOLM_00514	contig_1	535686	536018	+	333	0	7	1	220	48	71
IODOLM_00515	contig_1	536034	537257	+	1224	1	35	23	251	77	185
IODOLM_00516	contig_1	537269	540412	+	3144	13	359	205	397	228	555
IODOLM_00517	contig_1	540514	541890	+	1377	16	937	635	875	801	1646
IODOLM_00518	contig_1	541971	543218	-	1248	62	1809	1095	961	979	2039
IODOLM_00519	contig_1	543326	543979	-	654	33	980	634	1141	1103	2299
IODOLM_00520	contig_1	544073	544441	-	369	7	179	101	176	163	425
IODOLM_00521	contig_1	544506	544754	-	249	1	197	99	134	133	363
IODOLM_00522	contig_1	544820	545938	-	1119	22	1289	722	1441	1199	2798
IODOLM_00523	contig_1	546292	546543	+	252	2	37	24	13	23	36
IODOLM_00524	contig_1	546620	547732	+	1113	21	640	370	979	1031	2406
IODOLM_00525	contig_1	547755	547895	+	141	0	29	16	41	42	104
IODOLM_00526	contig_1	548809	551049	-	2241	209	4560	2851	12162	11335	28132
IODOLM_00527	contig_1	551292	552494	+	1203	71	2991	1687	946	867	1990
IODOLM_00528	contig_1	552497	552715	+	219	11	360	197	165	134	303
IODOLM_00529	contig_1	552712	556593	+	3882	382	11826	7423	4526	4423	9922
IODOLM_00530	contig_1	556809	557942	+	1134	0	6	4	17	13	28
IODOLM_00531	contig_1	557939	558754	-	816	4	123	92	450	441	1006
IODOLM_00532	contig_1	558751	559743	-	993	1	120	66	501	416	1135
IODOLM_00533	contig_1	559740	560744	-	1005	6	579	274	806	730	2032
IODOLM_00534	contig_1	560855	562105	+	1251	57	1650	1030	1519	1332	3192
IODOLM_00535	contig_1	562109	563065	-	957	80	1712	939	775	742	1872
IODOLM_00536	contig_1	563440	564615	+	1176	14	784	617	3412	2902	6773
IODOLM_00537	contig_1	564625	566235	+	1611	40	1362	967	3325	3031	7537
IODOLM_00538	contig_1	566249	567106	+	858	38	863	600	2731	2527	5807
IODOLM_00539	contig_1	567106	567852	+	747	18	609	385	2101	1710	3852
IODOLM_00540	contig_1	567855	568268	+	414	11	319	215	1047	822	2460
IODOLM_00541	contig_1	568449	570554	+	2106	86	1658	936	3593	3136	7211
IODOLM_00542	contig_1	570737	570934	+	198	17	308	166	359	289	728
IODOLM_00543	contig_1	570944	572032	-	1089	37	626	299	594	437	1050
IODOLM_00544	contig_1	572141	573301	+	1161	19	589	312	246	176	531
IODOLM_00545	contig_1	573302	573931	-	630	2	28	19	50	39	94
IODOLM_00546	contig_1	573904	575124	-	1221	1	16	9	30	26	62
IODOLM_00547	contig_1	575271	576173	-	903	0	10	6	39	33	72
IODOLM_00548	contig_1	576382	577128	-	747	8	266	180	603	491	1138
IODOLM_00549	contig_1	577500	578063	+	564	414	15000	8175	14391	12726	24825
IODOLM_00550	contig_1	578278	579873	+	1596	309	7410	3598	3726	3245	7920
IODOLM_00551	contig_1	579994	580422	-	429	5	500	342	1761	1650	4174
IODOLM_00552	contig_1	580643	581881	+	1239	13	592	312	569	471	1198
IODOLM_00553	contig_1	581885	581974	-	90	0	4	2	9	7	12
IODOLM_00554	contig_1	582112	582522	-	411	14	621	388	845	829	1666
IODOLM_00555	contig_1	582752	583558	-	807	52	1404	873	502	495	1070
IODOLM_00556	contig_1	583672	585135	-	1464	3	182	74	70	86	178
IODOLM_00557	contig_1	585186	586064	-	879	2	4	1	11	9	23
IODOLM_00558	contig_1	586039	586590	-	552	1	5	4	18	7	26
IODOLM_00559	contig_1	586594	588126	-	1533	0	37	16	86	67	117
IODOLM_00560	contig_1	588137	589045	-	909	0	8	0	31	24	70
IODOLM_00561	contig_1	589042	589338	-	297	0	1	0	10	8	11
IODOLM_00562	contig_1	589353	590411	-	1059	0	0	1	24	11	50
IODOLM_00563	contig_1	590790	592448	+	1659	22	581	293	462	428	1122
IODOLM_00564	contig_1	592417	593097	+	681	9	271	146	296	281	676
IODOLM_00565	contig_1	593138	594523	-	1386	6	177	115	151	119	308
IODOLM_00566	contig_1	595112	595672	+	561	10	171	119	77	51	147
IODOLM_00567	contig_1	595847	596056	+	210	4043	135304	56661	25949	27624	49526
IODOLM_00568	contig_1	596110	596493	-	384	21	618	350	339	290	690
IODOLM_00569	contig_1	596586	596813	+	228	5	200	105	148	122	325
IODOLM_00570	contig_1	596810	597373	+	564	17	463	295	260	242	616
IODOLM_00571	contig_1	597502	597705	+	204	58	2281	1243	1608	1671	3587
IODOLM_00572	contig_1	597806	598771	-	966	248	8050	4852	4942	4972	10907
IODOLM_00573	contig_1	598980	599933	-	954	1	31	24	86	65	180
IODOLM_00574	contig_1	600192	600833	-	642	21	952	604	947	896	2197
IODOLM_00575	contig_1	600934	601197	-	264	56	3206	1732	4629	5131	11883
IODOLM_00576	contig_1	601307	602590	-	1284	54	2375	1558	2661	2643	5630
IODOLM_00577	contig_1	602657	603745	-	1089	161	5439	3471	2914	2687	6290
IODOLM_00578	contig_1	603756	604868	-	1113	87	2711	1940	1148	1087	2291
IODOLM_00579	contig_1	604871	606772	-	1902	162	4162	2699	1362	1189	2812
IODOLM_00580	contig_1	606803	607270	-	468	21	823	544	621	507	1174
IODOLM_00581	contig_1	607274	607591	-	318	39	1161	711	1096	991	2048
IODOLM_00582	contig_1	607851	608462	-	612	6	401	275	296	288	623
IODOLM_00583	contig_1	608486	609127	-	642	27	1320	881	823	681	1588
IODOLM_00584	contig_1	609129	610160	-	1032	92	2674	1752	1262	1089	2658
IODOLM_00585	contig_1	610160	610741	-	582	211	5191	3105	2743	2596	5667
IODOLM_00586	contig_1	610756	613338	-	2583	944	25578	15731	10414	9730	21402
IODOLM_00587	contig_1	613573	614055	+	483	61	1264	602	1793	1440	3553
IODOLM_00588	contig_1	614125	615102	-	978	2	56	25	49	46	108
IODOLM_00589	contig_1	615266	615973	+	708	0	5	2	5	5	12
IODOLM_00590	contig_1	615970	617397	+	1428	0	11	5	15	20	57
IODOLM_00591	contig_1	617407	617961	-	555	0	5	2	16	21	62
IODOLM_00592	contig_1	618063	618770	+	708	0	15	8	40	19	66
IODOLM_00593	contig_1	618767	620218	+	1452	9	328	178	147	141	351
IODOLM_00594	contig_1	620278	621948	-	1671	3	101	48	57	60	144
IODOLM_00595	contig_1	622032	622967	-	936	16	386	265	180	211	263
IODOLM_00596	contig_1	623085	623810	-	726	17	344	245	497	466	1109
IODOLM_00597	contig_1	623810	624484	-	675	1	190	94	310	314	736
IODOLM_00598	contig_1	624484	625224	-	741	4	195	115	437	392	895
IODOLM_00599	contig_1	625394	626302	-	909	65	2027	1257	2409	2243	4944
IODOLM_00600	contig_1	626552	627532	-	981	29	1240	695	883	761	1673
IODOLM_00601	contig_1	627573	628640	-	1068	1	51	39	77	103	171
IODOLM_00602	contig_1	629213	629428	+	216	0	10	4	16	16	45
IODOLM_00603	contig_1	629428	629925	+	498	1	25	10	30	27	78
IODOLM_00604	contig_1	629922	630383	+	462	0	13	14	35	27	54
IODOLM_00605	contig_1	630415	630708	-	294	1	27	21	156	123	308
IODOLM_00606	contig_1	630999	631409	-	411	0	6	1	14	10	32
IODOLM_00607	contig_1	631695	631901	+	207	2	20	13	65	53	152
IODOLM_00608	contig_1	632649	633194	+	546	0	23	23	22	16	57
IODOLM_00609	contig_1	633169	633912	+	744	0	24	6	18	22	48
IODOLM_00610	contig_1	633967	634398	-	432	3	91	40	85	76	230
IODOLM_00611	contig_1	634690	634875	+	186	1	23	18	15	19	43
IODOLM_00612	contig_1	635496	636245	+	750	4	186	107	372	424	1222
IODOLM_00613	contig_1	636495	637448	-	954	53	935	454	2398	2046	4856
IODOLM_00614	contig_1	637962	638723	-	762	1	40	17	39	44	122
IODOLM_00615	contig_1	638906	639796	-	891	15	495	385	428	465	1219
IODOLM_00616	contig_1	639797	642769	-	2973	128	3647	2646	2600	2587	6869
IODOLM_00617	contig_1	642756	644993	-	2238	56	1826	1160	1603	1473	4203
IODOLM_00618	contig_1	645143	646585	-	1443	21	567	381	313	227	516
IODOLM_00619	contig_1	646575	647258	-	684	30	573	333	338	299	626
IODOLM_00620	contig_1	647415	648788	+	1374	0	18	10	561	45	49
IODOLM_00621	contig_1	648946	649278	+	333	0	15	6	207	51	91
IODOLM_00622	contig_1	649294	650517	+	1224	2	32	22	251	53	159
IODOLM_00623	contig_1	650529	653672	+	3144	9	358	225	403	207	534
IODOLM_00624	contig_1	653774	655150	+	1377	18	961	652	845	742	1540
IODOLM_00625	contig_1	655231	656478	-	1248	59	1775	1077	868	916	2036
IODOLM_00626	contig_1	656586	657239	-	654	22	990	566	1136	1153	2222
IODOLM_00627	contig_1	657333	657701	-	369	7	177	96	204	188	406
IODOLM_00628	contig_1	657766	658014	-	249	4	208	111	137	122	342
IODOLM_00629	contig_1	658080	659198	-	1119	17	1316	690	1412	1125	2688
IODOLM_00630	contig_1	659552	659803	+	252	0	30	22	15	23	42
IODOLM_00631	contig_1	659880	660992	+	1113	16	570	344	1062	993	2458
IODOLM_00632	contig_1	661015	661155	+	141	0	31	20	41	46	99
IODOLM_00633	contig_1	662069	664309	-	2241	230	4437	2915	12453	11274	27843
IODOLM_00634	contig_1	664552	665754	+	1203	83	3169	1731	1012	875	2046
IODOLM_00635	contig_1	665757	665975	+	219	17	300	197	176	137	330
IODOLM_00636	contig_1	665972	669853	+	3882	320	11900	7513	4605	4253	9870
IODOLM_00637	contig_1	670069	671202	+	1134	0	4	3	13	18	29
IODOLM_00638	contig_1	671199	672014	-	816	3	151	100	462	429	1059
IODOLM_00639	contig_1	672011	673003	-	993	2	126	71	497	399	1044
IODOLM_00640	contig_1	673000	674004	-	1005	12	615	311	832	737	2015
IODOLM_00641	contig_1	674115	675365	+	1251	65	1653	973	1472	1312	3295
IODOLM_00642	contig_1	675369	676325	-	957	99	1765	967	831	754	1805
IODOLM_00643	contig_1	676700	677875	+	1176	24	822	644	3355	2915	6997
IODOLM_00644	contig_1	677885	679495	+	1611	41	1401	966	3465	3134	7582
IODOLM_00645	contig_1	679509	680366	+	858	28	820	629	2832	2523	5804
IODOLM_00646	contig_1	680366	681112	+	747	25	515	374	2005	1764	3672
IODOLM_00647	contig_1	681115	681528	+	414	15	337	248	1044	837	2526
IODOLM_00648	contig_1	681709	683814	+	2106	85	1715	985	3592	3138	7322
IODOLM_00649	contig_1	683997	684194	+	198	23	319	161	331	304	756
IODOLM_00650	contig_1	684204	685292	-	1089	36	665	323	502	436	1061
IODOLM_00651	contig_1	685401	686561	+	1161	28	575	319	290	206	544
IODOLM_00652	contig_1	686562	687191	-	630	0	28	19	52	48	110
IODOLM_00653	contig_1	687164	688384	-	1221	0	17	9	27	27	72
IODOLM_00654	contig_1	688531	689433	-	903	0	9	7	25	31	76
IODOLM_00655	contig_1	689642	690388	-	747	3	289	201	558	497	1153
IODOLM_00656	contig_1	690760	691323	+	564	397	14943	8304	14133	12537	25340
IODOLM_00657	contig_1	691538	693133	+	1596	280	7244	3579	3760	3297	7809
IODOLM_00658	contig_1	693254	693682	-	429	9	534	303	1785	1654	4230
IODOLM_00659	contig_1	693903	695141	+	1239	17	568	323	619	467	1192
IODOLM_00660	contig_1	695145	695234	-	90	0	2	0	8	5	14
IODOLM_00661	contig_1	695372	695782	-	411	11	647	384	884	848	1659
IODOLM_00662	contig_1	696012	696818	-	807	43	1436	826	526	484	1060
IODOLM_00663	contig_1	696932	698395	-	1464	1	151	93	65	79	147
IODOLM_00664	contig_1	698446	699324	-	879	0	5	3	9	8	28
IODOLM_00665	contig_1	699299	699850	-	552	0	4	4	19	9	24
IODOLM_00666	contig_1	699854	701386	-	1533	0	31	15	66	49	115
IODOLM_00667	contig_1	701397	702305	-	909	0	1	1	45	23	60
IODOLM_00668	contig_1	702302	702598	-	297	0	0	0	6	9	18
IODOLM_00669	contig_1	702613	703671	-	1059	0	0	2	23	8	50
IODOLM_00670	contig_1	704050	705708	+	1659	20	575	331	459	434	1127
IODOLM_00671	contig_1	705677	706357	+	681	10	263	167	267	271	670
IODOLM_00672	contig_1	706398	707783	-	1386	5	205	113	142	139	329
IODOLM_00673	contig_1	708372	708932	+	561	8	135	98	86	53	147
IODOLM_00674	contig_1	709107	709316	+	210	4149	135612	56613	25481	27832	48924
IODOLM_00675	contig_1	709370	709753	-	384	17	678	330	321	284	722
IODOLM_00676	contig_1	709846	710073	+	228	4	192	113	127	137	261
IODOLM_00677	contig_1	710070	710633	+	564	12	498	280	242	232	608
IODOLM_00678	contig_1	710762	710965	+	204	53	2213	1203	1577	1615	3611
IODOLM_00679	contig_1	711066	712031	-	966	246	8199	4793	4995	4887	10998
IODOLM_00680	contig_1	712240	713193	-	954	1	30	24	68	52	167
IODOLM_00681	contig_1	713452	714093	-	642	30	910	635	883	911	2188
IODOLM_00682	contig_1	714194	714457	-	264	38	3320	1709	4629	5093	11570
IODOLM_00683	contig_1	714567	715850	-	1284	66	2437	1553	2836	2584	5726
IODOLM_00684	contig_1	715917	717005	-	1089	178	5584	3561	2913	2667	6277
IODOLM_00685	contig_1	717016	718128	-	1113	87	2723	1841	1145	1120	2344
IODOLM_00686	contig_1	718131	720032	-	1902	136	4174	2671	1311	1221	2699
IODOLM_00687	contig_1	720063	720530	-	468	21	827	483	631	583	1229
IODOLM_00688	contig_1	720534	720851	-	318	48	1186	707	990	924	2088
IODOLM_00689	contig_1	721111	721722	-	612	3	390	244	241	261	652
IODOLM_00690	contig_1	721746	722387	-	642	33	1322	868	752	707	1659
IODOLM_00691	contig_1	722389	723420	-	1032	79	2652	1713	1263	1127	2664
IODOLM_00692	contig_1	723420	724001	-	582	189	5064	3119	2813	2639	5560
IODOLM_00693	contig_1	724016	726598	-	2583	859	25533	15738	10194	9641	21330
IODOLM_00694	contig_1	726833	727315	+	483	61	1237	642	1781	1490	3507
IODOLM_00695	contig_1	727385	728362	-	978	0	59	32	46	40	159
IODOLM_00696	contig_1	728526	729233	+	708	0	3	4	8	6	12
IODOLM_00697	contig_1	729230	730657	+	1428	0	15	6	21	17	42
IODOLM_00698	contig_1	730667	731221	-	555	0	1	3	15	18	56
IODOLM_00699	contig_1	731323	732030	+	708	1	12	13	17	28	68
IODOLM_00700	contig_1	732027	733478	+	1452	17	346	167	142	153	318
IODOLM_00701	contig_1	733538	735208	-	1671	6	88	59	43	52	132
IODOLM_00702	contig_1	735292	736227	-	936	11	403	287	206	197	280
IODOLM_00703	contig_1	736345	737070	-	726	18	363	223	477	446	1119
IODOLM_00704	contig_1	737070	737744	-	675	4	177	106	320	289	785
IODOLM_00705	contig_1	737744	738484	-	741	6	210	139	402	407	895
IODOLM_00706	contig_1	738654	739562	-	909	54	2012	1219	2357	2228	5031
IODOLM_00707	contig_1	739812	740792	-	981	33	1163	656	937	795	1876
IODOLM_00708	contig_1	741158	742696	-	1539	119	5447	3644	3348	3340	7752
IODOLM_00709	contig_1	742721	743599	-	879	363	10715	6913	6914	6790	16559
IODOLM_00710	contig_1	743689	744156	-	468	65	2183	1319	2729	2739	6119
IODOLM_00711	contig_1	744153	745232	-	1080	168	4498	2799	7317	7401	18711
IODOLM_00712	contig_1	745346	746770	-	1425	176	4586	2883	3679	3654	8412
IODOLM_00713	contig_1	746916	748091	+	1176	146	2979	1687	660	728	1680
IODOLM_00714	contig_1	749328	750992	-	1665	1764	43700	25919	1732	1718	3415
IODOLM_00715	contig_1	751389	752141	-	753	43	2587	1501	943	866	1967
IODOLM_00716	contig_1	752189	753409	-	1221	85	2927	1735	1294	1231	2681
IODOLM_00717	contig_1	753418	754566	-	1149	43	1654	963	962	873	2002
IODOLM_00718	contig_1	754626	755426	-	801	12	834	466	886	738	1593
IODOLM_00719	contig_1	755759	757705	+	1947	24	1031	663	1334	1251	2659
IODOLM_00720	contig_1	757675	757797	-	123	0	19	11	35	30	50
IODOLM_00721	contig_1	757908	759572	+	1665	366	11286	6908	2994	3401	7141
IODOLM_00722	contig_1	760149	761555	+	1407	4	84	42	36	36	87
IODOLM_00723	contig_1	761605	761931	+	327	7	151	81	67	60	143
IODOLM_00724	contig_1	762015	762461	-	447	465	8253	4215	4796	4534	10017
IODOLM_00725	contig_1	762750	763280	-	531	96	2865	1665	1378	1179	2939
IODOLM_00726	contig_1	763420	763782	-	363	4	79	57	271	211	611
IODOLM_00727	contig_1	763853	764617	-	765	18	567	357	346	296	717
IODOLM_00728	contig_1	764802	765347	+	546	135	3691	2251	1435	1382	3389
IODOLM_00729	contig_1	765373	767013	+	1641	353	12276	7349	5233	4838	11001
IODOLM_00730	contig_1	767227	767721	+	495	3	29	19	58	55	138
IODOLM_00731	contig_1	768203	768412	-	210	0	4	0	15	13	63
IODOLM_00732	contig_1	768761	770080	-	1320	10	189	125	228	249	548
IODOLM_00733	contig_1	770077	772275	-	2199	3	69	26	58	65	154
IODOLM_00734	contig_1	772398	772655	+	258	0	0	0	1	2	2
IODOLM_00735	contig_1	772871	773548	-	678	5	120	74	110	62	232
IODOLM_00736	contig_1	773545	776229	-	2685	51	1407	893	1068	862	2616
IODOLM_00737	contig_1	776222	776794	-	573	8	122	73	131	156	417
IODOLM_00738	contig_1	776803	778851	-	2049	18	377	243	318	232	693
IODOLM_00739	contig_1	778874	780547	-	1674	2	152	115	326	247	660
IODOLM_00740	contig_1	780949	781155	+	207	308	5934	3185	3841	3747	7515
IODOLM_00741	contig_1	781398	785591	+	4194	64	1625	1053	1869	1201	3403
IODOLM_00742	contig_1	785591	785917	+	327	5	71	31	27	32	67
IODOLM_00743	contig_1	786035	787468	+	1434	4	120	81	110	84	234
IODOLM_00744	contig_1	787465	788034	+	570	1	44	20	92	87	217
IODOLM_00745	contig_1	788260	788514	+	255	2	25	14	12	10	13
IODOLM_00746	contig_1	788733	789776	+	1044	4	31	22	14	19	45
IODOLM_00747	contig_1	789907	790668	+	762	1	23	15	28	19	34
IODOLM_00748	contig_1	790816	791325	+	510	13	353	239	1828	1455	3156
IODOLM_00749	contig_1	791322	792740	+	1419	86	2431	1322	2023	1759	4160
IODOLM_00750	contig_1	792890	794371	-	1482	9	184	89	149	125	334
IODOLM_00751	contig_1	794642	795385	+	744	197	4079	2341	957	869	2034
IODOLM_00752	contig_1	795408	796064	+	657	168	3350	2088	958	922	2089
IODOLM_00753	contig_1	796058	796990	+	933	162	3888	2418	1214	1109	2547
IODOLM_00754	contig_1	796980	797714	+	735	50	1567	944	730	587	1571
IODOLM_00755	contig_1	797750	798541	+	792	19	458	227	493	470	1091
IODOLM_00756	contig_1	798538	799584	-	1047	6	75	60	104	66	171
IODOLM_00757	contig_1	799736	800797	-	1062	1	21	13	26	27	58
IODOLM_00758	contig_1	800794	801522	-	729	1	15	9	21	19	67
IODOLM_00759	contig_1	801537	803984	-	2448	0	17	13	30	33	80
IODOLM_00760	contig_1	804044	804610	-	567	0	4	3	15	13	45
IODOLM_00761	contig_1	805000	806283	-	1284	87	5527	3168	8717	11136	24853
IODOLM_00762	contig_1	806489	806596	-	108	3	151	64	445	507	1297
IODOLM_00763	contig_1	806977	807381	+	405	2	49	36	713	773	1569
IODOLM_00764	contig_1	807375	807722	+	348	0	23	23	78	117	246
IODOLM_00765	contig_1	807722	809488	+	1767	7	293	176	962	967	2454
IODOLM_00766	contig_1	809504	810220	+	717	5	183	96	830	824	1899
IODOLM_00767	contig_1	810521	813322	+	2802	64	2377	1585	4220	4343	9879
IODOLM_00768	contig_1	813337	814554	+	1218	61	2927	1958	4035	4249	9563
IODOLM_00769	contig_1	814829	815995	+	1167	71	2295	1461	3704	3917	8462
IODOLM_00770	contig_1	815995	816864	+	870	38	1752	1086	3020	2977	6634
IODOLM_00771	contig_1	816968	817690	-	723	25	599	354	155	144	304
IODOLM_00772	contig_1	817859	819775	+	1917	4	79	49	43	43	113
IODOLM_00773	contig_1	819793	822426	+	2634	37	733	462	367	414	891
IODOLM_00774	contig_1	823273	824841	+	1569	1772	62392	43229	21926	18719	43174
IODOLM_00775	contig_1	824857	825996	+	1140	1143	46828	31590	13463	11788	26612
IODOLM_00776	contig_1	826011	826124	+	114	27	1340	825	368	384	848
IODOLM_00777	contig_1	826124	826417	+	294	162	4464	2675	1225	1113	2283
IODOLM_00778	contig_1	826567	826971	+	405	78	1381	856	1226	1008	2886
IODOLM_00779	contig_1	826968	827660	+	693	144	2335	1406	1918	1789	4337
IODOLM_00780	contig_1	827664	828092	+	429	90	1519	918	967	897	2003
IODOLM_00781	contig_1	828157	829422	+	1266	327	5821	3610	3638	3318	7998
IODOLM_00782	contig_1	829555	830847	+	1293	541	16009	10043	11682	11415	25017
IODOLM_00783	contig_1	830882	831403	+	522	272	10399	6765	9619	9224	17926
IODOLM_00784	contig_1	831413	832204	+	792	390	7175	4330	5935	5601	11700
IODOLM_00785	contig_1	833900	834943	+	1044	81	1794	1027	1413	1141	3144
IODOLM_00786	contig_1	834981	835700	+	720	73	1827	1057	1435	1166	2976
IODOLM_00787	contig_1	835697	836638	-	942	15	380	192	650	476	1350
IODOLM_00788	contig_1	836752	837132	-	381	87	2454	1428	3153	2514	6107
IODOLM_00789	contig_1	837448	838500	+	1053	728	31085	17440	11915	11767	23687
IODOLM_00790	contig_1	838658	839410	-	753	679	20063	10491	8442	8141	17249
IODOLM_00791	contig_1	839612	840652	-	1041	44	1043	708	1947	1686	4075
IODOLM_00792	contig_1	840646	841596	-	951	27	677	398	752	622	1575
IODOLM_00793	contig_1	841643	842548	-	906	76	1618	946	812	700	1742
IODOLM_00794	contig_1	842506	842871	-	366	44	847	442	451	433	984
IODOLM_00795	contig_1	842960	843130	-	171	0	44	29	37	39	65
IODOLM_00796	contig_1	843134	844180	-	1047	14	377	287	287	227	496
IODOLM_00797	contig_1	844190	845206	-	1017	16	800	490	485	448	887
IODOLM_00798	contig_1	845467	846939	-	1473	36	1019	607	793	870	1678
IODOLM_00799	contig_1	847007	847795	-	789	24	562	341	591	550	1320
IODOLM_00800	contig_1	847924	848073	+	150	22	1282	638	464	427	1015
IODOLM_00801	contig_1	848240	849013	+	774	23	525	333	362	346	676
IODOLM_00802	contig_1	849013	849702	+	690	22	564	266	307	266	678
IODOLM_00803	contig_1	849705	850763	+	1059	38	835	498	456	375	959
IODOLM_00804	contig_1	850764	851582	-	819	15	402	228	313	276	597
IODOLM_00805	contig_1	851737	852732	+	996	33	1165	778	2294	1859	4199
IODOLM_00806	contig_1	852773	853726	-	954	1	42	19	48	58	125
IODOLM_00807	contig_1	853910	854962	+	1053	1	5	2	16	11	42
IODOLM_00808	contig_1	855038	856471	+	1434	0	11	8	33	32	64
IODOLM_00809	contig_1	856654	858915	+	2262	6	111	70	142	118	336
IODOLM_00810	contig_1	859149	860432	-	1284	97	3342	2042	1538	1553	3231
IODOLM_00811	contig_1	860584	861060	-	477	11	257	144	1106	995	2189
IODOLM_00812	contig_1	861119	862408	-	1290	11	259	154	2649	2330	5369
IODOLM_00813	contig_1	862495	863535	+	1041	37	544	460	4986	4735	11156
IODOLM_00814	contig_1	863532	864686	+	1155	18	406	343	4556	4361	10443
IODOLM_00815	contig_1	864673	865428	+	756	7	189	153	2470	2468	5456
IODOLM_00816	contig_1	865421	866098	+	678	6	95	78	2206	2102	4709
IODOLM_00817	contig_1	866677	868698	+	2022	268	7169	4270	5460	4908	11857
IODOLM_00818	contig_1	868890	869798	-	909	102	2366	1149	556	464	1077
IODOLM_00819	contig_1	870195	871184	+	990	256	7252	3921	3219	3120	8128
IODOLM_00820	contig_1	871206	871718	+	513	121	3709	2012	1668	1668	4380
IODOLM_00821	contig_1	871721	872206	+	486	197	3669	2056	1059	1052	3057
IODOLM_00822	contig_1	872199	872444	+	246	89	1170	618	364	383	960
IODOLM_00823	contig_1	872446	872898	+	453	167	2909	1537	929	941	2743
IODOLM_00824	contig_1	873035	873739	+	705	82	3093	1527	2615	2346	5049
IODOLM_00825	contig_1	873944	874657	+	714	1	18	11	79	83	184
IODOLM_00826	contig_1	874693	875649	-	957	6	125	78	230	206	568
IODOLM_00827	contig_1	875649	876890	-	1242	9	348	200	939	752	1876
IODOLM_00828	contig_1	876887	877648	-	762	5	234	135	704	621	1655
IODOLM_00829	contig_1	877781	878191	+	411	14	575	294	549	593	990
IODOLM_00830	contig_1	878153	879259	-	1107	4	236	161	447	403	1080
IODOLM_00831	contig_1	879270	880403	-	1134	6	256	123	569	424	1306
IODOLM_00832	contig_1	880396	882132	-	1737	11	529	322	1396	1092	3339
IODOLM_00833	contig_1	882125	883120	-	996	9	383	198	1120	809	2567
IODOLM_00834	contig_1	883123	883794	-	672	9	202	99	920	747	1994
IODOLM_00835	contig_1	884023	885387	+	1365	128	5623	3990	4292	3687	8120
IODOLM_00836	contig_1	885619	886068	-	450	11	206	94	88	92	213
IODOLM_00837	contig_1	886086	888371	+	2286	125	3462	2173	1080	949	2102
IODOLM_00838	contig_1	888399	889361	+	963	69	2302	1365	1165	1032	2491
IODOLM_00839	contig_1	889502	890587	+	1086	75	1187	689	1393	1252	3268
IODOLM_00840	contig_1	890816	891076	-	261	12	469	322	410	359	856
IODOLM_00841	contig_1	891341	891607	-	267	8	214	111	351	307	863
IODOLM_00842	contig_1	891681	892355	-	675	2	152	69	1047	894	2247
IODOLM_00843	contig_1	892400	894682	-	2283	5	373	207	3708	3133	7603
IODOLM_00844	contig_1	894947	895207	-	261	23	1145	755	93	133	291
IODOLM_00845	contig_1	895483	896409	+	927	29	1062	587	735	673	1555
IODOLM_00846	contig_1	896406	898631	-	2226	13	329	166	724	575	1560
IODOLM_00847	contig_1	898892	899614	-	723	40	1071	570	1015	883	2078
IODOLM_00848	contig_1	899611	900270	-	660	26	748	398	759	709	1612
IODOLM_00849	contig_1	900409	901155	-	747	76	1741	1078	2970	2567	5678
IODOLM_00850	contig_1	901559	902062	-	504	443	14589	7489	41468	32811	72317
IODOLM_00851	contig_1	902361	903248	-	888	15	485	281	299	241	578
IODOLM_00852	contig_1	903483	903548	+	66	28	895	467	4062	2878	6037
IODOLM_00853	contig_1	903601	904116	+	516	945	29441	15637	42385	33385	63866
IODOLM_00854	contig_1	904165	905748	-	1584	25	649	384	574	491	1326
IODOLM_00855	contig_1	906020	906148	-	129	29	4136	1859	1733	2099	4717
IODOLM_00856	contig_1	906334	906801	+	468	55	872	455	439	448	1145
IODOLM_00857	contig_1	906798	907916	+	1119	49	1064	593	421	468	1057
IODOLM_00858	contig_1	907975	908895	-	921	151	4223	2414	2821	2493	6618
IODOLM_00859	contig_1	909114	910706	+	1593	349	7356	4604	3705	3328	7588
IODOLM_00860	contig_1	910947	912212	-	1266	39	950	554	623	616	1398
IODOLM_00861	contig_1	912364	913179	-	816	48	848	509	433	386	847
IODOLM_00862	contig_1	913325	915757	-	2433	3	169	90	142	99	295
IODOLM_00863	contig_1	915763	916662	-	900	0	3	2	5	6	7
IODOLM_00864	contig_1	916793	917455	+	663	15	281	122	52	53	90
IODOLM_00865	contig_1	917531	918280	-	750	55	1949	1224	421	380	807
IODOLM_00866	contig_1	918280	919515	-	1236	67	2907	1648	625	606	1449
IODOLM_00867	contig_1	919719	920684	+	966	80	2131	1118	1407	1386	4051
IODOLM_00868	contig_1	920671	922542	+	1872	92	2071	1299	1291	1265	3824
IODOLM_00869	contig_1	922562	924100	+	1539	109	2308	1348	1130	1017	2432
IODOLM_00870	contig_1	924118	925038	+	921	36	598	362	282	205	648
IODOLM_00871	contig_1	925041	925952	+	912	13	316	190	149	139	406
IODOLM_00872	contig_1	926130	928478	+	2349	8	175	111	116	101	259
IODOLM_00873	contig_1	928486	929814	+	1329	3	62	22	120	100	295
IODOLM_00874	contig_1	929861	931186	-	1326	37	1311	867	914	877	1785
IODOLM_00875	contig_1	931399	931782	+	384	689	18582	8628	2583	2509	4794
IODOLM_00876	contig_1	931893	933008	+	1116	25	638	299	511	392	969
IODOLM_00877	contig_1	933005	933631	-	627	103	2867	1431	810	852	1686
IODOLM_00878	contig_1	933878	935080	+	1203	42	1192	603	3891	3156	8251
IODOLM_00879	contig_1	935127	935885	-	759	29	1031	530	712	555	1386
IODOLM_00880	contig_1	935943	936539	-	597	11	325	173	609	578	1323
IODOLM_00881	contig_1	936824	938056	+	1233	17	548	319	357	309	766
IODOLM_00882	contig_1	938097	938375	-	279	8	233	125	75	81	151
IODOLM_00883	contig_1	938467	939282	-	816	30	1188	790	299	304	705
IODOLM_00884	contig_1	939282	940409	-	1128	29	1167	740	256	278	537
IODOLM_00885	contig_1	940574	941110	+	537	12	259	146	53	45	104
IODOLM_00886	contig_1	941285	942970	-	1686	107	3465	2139	1449	1389	3133
IODOLM_00887	contig_1	943240	943617	+	378	39	962	628	409	358	852
IODOLM_00888	contig_1	943647	943904	-	258	8	215	93	107	108	250
IODOLM_00889	contig_1	944064	944351	+	288	8	135	58	148	119	316
IODOLM_00890	contig_1	944335	945057	+	723	15	350	230	340	274	723
IODOLM_00891	contig_1	945118	946020	+	903	27	651	354	472	424	1132
IODOLM_00892	contig_1	946108	946584	+	477	45	1666	1009	976	924	1962
IODOLM_00893	contig_1	946935	948047	+	1113	10	120	60	1252	1239	2962
IODOLM_00894	contig_1	948142	949275	+	1134	8	74	42	592	491	1211
IODOLM_00895	contig_1	949285	950238	+	954	2	51	35	178	185	492
IODOLM_00896	contig_1	950235	951080	+	846	7	226	130	278	283	709
IODOLM_00897	contig_1	951140	951628	+	489	5	84	52	170	171	430
IODOLM_00898	contig_1	951669	952796	+	1128	30	767	551	625	521	1320
IODOLM_00899	contig_1	952995	953726	-	732	7	330	158	596	484	1048
IODOLM_00900	contig_1	954017	954685	-	669	27	745	431	1172	929	2362
IODOLM_00901	contig_1	954685	955401	-	717	7	385	239	1046	878	1998
IODOLM_00902	contig_1	955408	956139	-	732	25	692	369	2001	1789	4011
IODOLM_00903	contig_1	956157	956885	-	729	16	526	296	1525	1274	3286
IODOLM_00904	contig_1	957103	957618	-	516	7	156	77	1822	1493	3734
IODOLM_00905	contig_1	957744	958067	+	324	21	523	276	667	669	1581
IODOLM_00906	contig_1	958064	958894	+	831	55	1025	559	1071	963	2328
IODOLM_00907	contig_1	958891	959904	-	1014	14	555	357	473	403	1080
IODOLM_00908	contig_1	960003	961433	-	1431	110	2304	1442	1067	861	2128
IODOLM_00909	contig_1	961444	962445	-	1002	122	2253	1328	2027	1618	4444
IODOLM_00910	contig_1	962482	964200	-	1719	45	1211	695	7388	5190	13208
IODOLM_00911	contig_1	964333	965301	-	969	2	75	45	22	29	75
IODOLM_00912	contig_1	965313	966965	-	1653	0	79	38	56	40	109
IODOLM_00913	contig_1	967109	968008	-	900	1	60	40	508	429	1007
IODOLM_00914	contig_1	968503	969198	-	696	16	397	211	270	334	688
IODOLM_00915	contig_1	969624	971282	+	1659	25	539	353	642	594	1469
IODOLM_00916	contig_1	971279	972271	-	993	35	1580	865	2969	2506	6053
IODOLM_00917	contig_1	972386	973501	+	1116	68	1463	914	812	712	1591
IODOLM_00918	contig_1	973498	975444	+	1947	69	1584	984	1007	1076	2690
IODOLM_00919	contig_1	975517	975741	-	225	255	14175	7556	3178	3727	6938
IODOLM_00920	contig_1	976064	976384	+	321	155	1584	858	1620	1592	4294
IODOLM_00921	contig_1	976415	978691	+	2277	1423	34544	18397	22183	22175	50814
IODOLM_00922	contig_1	979376	979594	-	219	36	2967	1806	5010	4183	9707
IODOLM_00923	contig_1	979879	980583	-	705	15	916	511	544	458	1057
IODOLM_00924	contig_1	980625	982346	-	1722	207	6650	4435	1083	1082	2186
IODOLM_00925	contig_1	982347	984113	-	1767	163	5099	3283	705	610	1353
IODOLM_00926	contig_1	984236	985201	-	966	68	2388	1383	1299	1350	2680
IODOLM_00927	contig_1	985746	986240	+	495	370	9492	5512	6009	5791	11891
IODOLM_00928	contig_1	986375	990364	+	3990	514	16283	10694	6616	5896	14572
IODOLM_00929	contig_1	990523	991134	+	612	98	2697	1694	1850	1681	3938
IODOLM_00930	contig_1	991145	992488	+	1344	86	2535	1573	1499	1357	3418
IODOLM_00931	contig_1	992579	993871	+	1293	854	34333	21417	12783	12194	24657
IODOLM_00932	contig_1	994110	996554	+	2445	17	525	378	480	422	1031
IODOLM_00933	contig_1	996565	997182	+	618	2	130	110	133	106	316
IODOLM_00934	contig_1	997184	998047	+	864	13	524	292	305	295	695
IODOLM_00935	contig_1	998082	998708	-	627	16	710	495	1167	894	1757
IODOLM_00936	contig_1	999022	1000170	+	1149	77	2488	1343	915	900	2337
IODOLM_00937	contig_1	1000380	1001810	+	1431	2	92	66	113	144	333
IODOLM_00938	contig_1	1001811	1002719	-	909	4	135	70	206	187	555
IODOLM_00939	contig_1	1002819	1003409	+	591	0	28	14	39	53	90
IODOLM_00940	contig_1	1003491	1004231	-	741	128	5113	2725	1740	1511	3950
IODOLM_00941	contig_1	1004423	1006705	-	2283	3059	135893	86995	87391	73332	137069
IODOLM_00942	contig_1	1006760	1007617	-	858	413	10091	6995	9378	7187	16395
IODOLM_00943	contig_1	1008023	1009783	-	1761	84	3174	2397	2609	2461	4345
IODOLM_00944	contig_1	1009913	1010605	+	693	18	292	161	456	417	995
IODOLM_00945	contig_1	1010804	1011892	+	1089	710	21253	12644	9639	9527	18285
IODOLM_00946	contig_1	1011963	1013246	+	1284	476	9803	6223	3630	3699	6818
IODOLM_00947	contig_1	1013415	1014179	+	765	2	132	73	113	94	223
IODOLM_00948	contig_1	1014352	1015035	+	684	177	8260	5310	6988	6253	15214
IODOLM_00949	contig_1	1015146	1016819	+	1674	4985	173112	116295	148181	142755	267906
IODOLM_00950	contig_1	1016979	1017263	+	285	124	4753	3224	6249	5992	13780
IODOLM_00951	contig_1	1017471	1019735	+	2265	14	539	299	371	297	885
IODOLM_00952	contig_1	1019772	1021520	+	1749	293	8884	5868	3957	3671	7967
IODOLM_00953	contig_1	1021517	1022503	+	987	131	3370	2134	1138	975	2421
IODOLM_00954	contig_1	1022540	1023772	+	1233	62	1376	853	527	451	1038
IODOLM_00955	contig_1	1023824	1024006	+	183	14	820	455	288	270	674
IODOLM_00956	contig_1	1024003	1024749	+	747	67	2891	1706	1055	1021	2311
IODOLM_00957	contig_1	1024903	1025796	+	894	152	3021	1737	1348	1180	2706
IODOLM_00958	contig_1	1025773	1026552	-	780	16	379	254	198	194	417
IODOLM_00959	contig_1	1026688	1027473	+	786	77	1893	1132	779	744	1617
IODOLM_00960	contig_1	1027470	1028792	+	1323	225	4674	2900	910	911	2213
IODOLM_00961	contig_1	1028773	1029477	+	705	100	2303	1643	691	693	1709
IODOLM_00962	contig_1	1029477	1033937	+	4461	684	17384	11986	6394	6085	13860
IODOLM_00963	contig_1	1034198	1036045	+	1848	119	3329	1828	5658	4398	11165
IODOLM_00964	contig_1	1036226	1036774	+	549	363	6723	4143	5097	5156	11305
IODOLM_00965	contig_1	1036801	1037448	+	648	384	8128	4908	4647	4610	9476
IODOLM_00966	contig_1	1037670	1038860	-	1191	261	12118	7024	6203	6293	11485
IODOLM_00967	contig_1	1039045	1040133	-	1089	727	11696	6510	4673	4055	8593
IODOLM_00968	contig_1	1040736	1042136	-	1401	1058	30455	19112	14891	14294	31373
IODOLM_00969	contig_1	1042305	1043507	-	1203	439	20399	13084	6885	6556	14909
IODOLM_00970	contig_1	1043773	1046385	+	2613	258	10640	6782	5603	5561	13011
IODOLM_00971	contig_1	1046428	1047195	-	768	14	249	139	168	87	263
IODOLM_00972	contig_1	1047192	1047983	-	792	2	61	23	65	31	72
IODOLM_00973	contig_1	1047994	1049139	-	1146	2	69	47	161	63	205
IODOLM_00974	contig_1	1049136	1050095	-	960	0	31	28	138	58	158
IODOLM_00975	contig_1	1050088	1050663	-	576	2	18	11	102	49	162
IODOLM_00976	contig_1	1051019	1051558	+	540	1	21	13	40	39	125
IODOLM_00977	contig_1	1051641	1052342	+	702	0	7	3	17	23	29
IODOLM_00978	contig_1	1052367	1054967	+	2601	4	166	84	130	135	274
IODOLM_00979	contig_1	1054958	1056028	+	1071	4	160	98	105	97	262
IODOLM_00980	contig_1	1056040	1056582	+	543	2	58	18	33	31	93
IODOLM_00981	contig_1	1056542	1057105	+	564	5	104	59	43	32	102
IODOLM_00982	contig_1	1057119	1057808	+	690	8	176	93	93	83	254
IODOLM_00983	contig_1	1057919	1058929	+	1011	9	482	310	603	621	1121
IODOLM_00984	contig_1	1059103	1059645	+	543	20	562	316	1789	1922	4869
IODOLM_00985	contig_1	1059642	1060751	-	1110	84	2378	1420	1689	1579	3358
IODOLM_00986	contig_1	1060995	1063103	+	2109	138	4154	2585	2338	2191	5212
IODOLM_00987	contig_1	1063115	1065022	+	1908	259	5415	3503	3899	3354	7697
IODOLM_00988	contig_1	1065152	1066405	+	1254	51	1261	696	1344	1186	2856
IODOLM_00989	contig_1	1066410	1068050	+	1641	98	2195	1348	1717	1582	3999
IODOLM_00990	contig_1	1068047	1068610	+	564	53	1042	601	814	745	1657
IODOLM_00991	contig_1	1068866	1069033	+	168	6050	152528	56673	10912	12801	29857
IODOLM_00992	contig_1	1069103	1069729	-	627	182	4384	2589	5003	5386	12248
IODOLM_00993	contig_1	1069690	1071450	-	1761	171	5537	3544	2972	2542	5837
IODOLM_00994	contig_1	1071636	1072088	+	453	26	779	484	464	409	972
IODOLM_00995	contig_1	1072164	1073204	-	1041	1937	66499	44638	147188	118606	226832
IODOLM_00996	contig_1	1073561	1074070	-	510	5	357	188	383	339	922
IODOLM_00997	contig_1	1074289	1074918	+	630	52	727	441	448	424	941
IODOLM_00998	contig_1	1074881	1077043	-	2163	91	4012	2604	1655	1539	3459
IODOLM_00999	contig_1	1077053	1077499	-	447	15	792	540	624	673	1207
IODOLM_01000	contig_1	1077622	1079676	+	2055	137	3309	1988	1105	1022	2347
IODOLM_01001	contig_1	1079708	1080166	-	459	53	1133	582	719	677	1621
IODOLM_01002	contig_1	1080262	1080924	-	663	3	136	75	298	237	613
IODOLM_01003	contig_1	1081097	1081510	+	414	44	1772	964	1279	1205	2495
IODOLM_01004	contig_1	1081555	1081872	-	318	255	11153	6089	7653	8200	17163
IODOLM_01005	contig_1	1081930	1083105	-	1176	78	2062	1108	1316	1225	2559
IODOLM_01006	contig_1	1083215	1083493	+	279	23	640	307	264	251	575
IODOLM_01007	contig_1	1083490	1083819	-	330	22	862	510	261	225	490
IODOLM_01008	contig_1	1083910	1084569	-	660	278	11620	6021	2727	2529	4725
IODOLM_01009	contig_1	1085290	1086408	+	1119	10	278	122	173	166	538
IODOLM_01010	contig_1	1086405	1088198	+	1794	11	532	240	144	143	417
IODOLM_01011	contig_1	1088217	1088924	+	708	9	243	101	82	86	225
IODOLM_01012	contig_1	1088921	1089508	+	588	11	248	116	87	85	284
IODOLM_01013	contig_1	1089505	1089903	+	399	10	149	90	47	57	157
IODOLM_01014	contig_1	1089900	1090757	+	858	5	330	136	133	97	366
IODOLM_01015	contig_1	1090891	1092435	+	1545	16	454	279	759	725	1657
IODOLM_01016	contig_1	1092447	1093583	+	1137	13	446	242	493	511	1115
IODOLM_01017	contig_1	1093596	1093688	+	93	1	43	25	26	34	78
IODOLM_01018	contig_1	1093768	1095066	+	1299	21	861	495	518	497	1169
IODOLM_01019	contig_1	1095181	1097361	-	2181	41	973	520	833	766	1999
IODOLM_01020	contig_1	1097381	1097827	-	447	0	57	24	60	56	162
IODOLM_01021	contig_1	1097815	1098954	-	1140	3	120	53	196	162	495
IODOLM_01022	contig_1	1099000	1101096	-	2097	6	80	54	202	146	451
IODOLM_01023	contig_1	1101096	1101842	-	747	0	18	11	97	79	233
IODOLM_01024	contig_1	1101839	1102483	-	645	1	19	7	88	92	275
IODOLM_01025	contig_1	1102590	1102895	-	306	5	51	42	1024	907	2608
IODOLM_01026	contig_1	1103017	1103232	-	216	2	69	47	799	604	1826
IODOLM_01027	contig_1	1103304	1103681	+	378	6	193	113	141	122	353
IODOLM_01028	contig_1	1104612	1104824	+	213	15	511	295	1636	1290	4200
IODOLM_01029	contig_1	1105218	1105391	+	174	0	41	32	241	226	567
IODOLM_01030	contig_1	1105440	1106513	-	1074	6	107	52	56	65	196
IODOLM_01031	contig_1	1106585	1109284	-	2700	26	899	548	416	388	1022
IODOLM_01032	contig_1	1109412	1110440	+	1029	16	430	264	244	191	536
IODOLM_01033	contig_1	1110413	1111105	-	693	9	221	113	196	154	416
IODOLM_01034	contig_1	1111235	1112407	+	1173	1	34	26	25	29	80
IODOLM_01035	contig_1	1112407	1114953	+	2547	20	373	217	221	180	456
IODOLM_01036	contig_1	1114950	1115549	+	600	7	211	114	93	117	238
IODOLM_01037	contig_1	1115701	1116006	-	306	6	292	185	903	780	1803
IODOLM_01038	contig_1	1116006	1116926	-	921	27	920	593	3467	2745	7127
IODOLM_01039	contig_1	1117187	1118443	+	1257	0	10	12	55	55	113
IODOLM_01040	contig_1	1118736	1119977	+	1242	31	972	598	955	792	1577
IODOLM_01041	contig_1	1120015	1120242	-	228	78	2786	1286	1350	1135	2574
IODOLM_01042	contig_1	1120263	1120859	-	597	78	3070	1541	3631	2889	6779
IODOLM_01043	contig_1	1121232	1121405	+	174	13	346	142	2855	2010	4848
IODOLM_01044	contig_1	1121662	1122990	-	1329	9	262	174	107	110	216
IODOLM_01045	contig_1	1123011	1123505	-	495	1	37	18	24	14	43
IODOLM_01046	contig_1	1123516	1124106	-	591	1	21	12	16	12	29
IODOLM_01047	contig_1	1124116	1124916	-	801	1	19	10	15	12	36
IODOLM_01048	contig_1	1124924	1125310	-	387	0	4	2	11	4	17
IODOLM_01049	contig_1	1125322	1126017	-	696	0	12	2	8	4	13
IODOLM_01050	contig_1	1126014	1127105	-	1092	0	8	8	19	6	37
IODOLM_01051	contig_1	1127393	1128031	+	639	29	552	286	183	179	409
IODOLM_01052	contig_1	1128071	1132033	-	3963	43	1157	601	3920	3909	8111
IODOLM_01053	contig_1	1132088	1132297	+	210	2	68	26	53	60	101
IODOLM_01054	contig_1	1132456	1133964	+	1509	94	2365	1434	1289	1325	3075
IODOLM_01055	contig_1	1134507	1134617	+	111	7	130	70	176	186	439
IODOLM_01056	contig_1	1134617	1135336	+	720	30	707	384	1461	1582	4204
IODOLM_01057	contig_1	1135394	1136521	+	1128	27	511	324	3051	3260	7290
IODOLM_01058	contig_1	1136527	1137798	+	1272	22	398	251	1954	1979	4244
IODOLM_01059	contig_1	1138143	1139207	+	1065	14	416	251	3934	3910	12156
IODOLM_01060	contig_1	1139257	1139670	-	414	3	37	19	177	150	411
IODOLM_01061	contig_1	1139672	1140997	-	1326	0	24	12	133	149	383
IODOLM_01062	contig_1	1140990	1143008	-	2019	1	40	16	111	102	277
IODOLM_01063	contig_1	1143017	1145440	-	2424	6	99	55	259	247	681
IODOLM_01064	contig_1	1146027	1146686	+	660	4	57	31	378	438	1094
IODOLM_01065	contig_1	1146728	1147093	+	366	37	839	510	416	480	916
IODOLM_01066	contig_1	1147051	1147956	+	906	90	1502	876	783	729	1693
IODOLM_01067	contig_1	1148038	1148721	+	684	2	77	33	248	288	663
IODOLM_01068	contig_1	1148762	1149628	-	867	2	138	73	137	139	286
IODOLM_01069	contig_1	1149625	1149924	-	300	1	109	82	140	112	228
IODOLM_01070	contig_1	1150010	1150333	+	324	0	4	4	15	11	30
IODOLM_01071	contig_1	1150330	1151316	+	987	1	40	21	120	97	248
IODOLM_01072	contig_1	1152554	1153492	+	939	12	372	194	999	919	2126
IODOLM_01073	contig_1	1153547	1154284	+	738	9	293	153	213	195	530
IODOLM_01074	contig_1	1154308	1154862	+	555	13	281	182	250	193	536
IODOLM_01075	contig_1	1154934	1155455	+	522	31	1362	607	615	664	1287
IODOLM_01076	contig_1	1155519	1156352	-	834	92	2383	1696	454	517	1202
IODOLM_01077	contig_1	1156379	1156795	-	417	30	796	631	113	117	348
IODOLM_01078	contig_1	1156820	1157209	-	390	42	759	549	205	176	464
IODOLM_01079	contig_1	1157214	1157864	-	651	120	2451	1753	682	685	1764
IODOLM_01080	contig_1	1158619	1159074	+	456	0	9	4	25	16	61
IODOLM_01081	contig_1	1159115	1159570	+	456	0	112	46	104	87	234
IODOLM_01082	contig_1	1159629	1159961	+	333	0	19	16	35	29	57
IODOLM_01083	contig_1	1160082	1160393	+	312	3	36	20	95	93	196
IODOLM_01084	contig_1	1160488	1161021	+	534	22	597	291	774	656	1580
IODOLM_01085	contig_1	1160963	1162444	+	1482	33	818	513	879	747	1969
IODOLM_01086	contig_1	1162452	1163609	-	1158	9	285	128	167	190	414
IODOLM_01087	contig_1	1164036	1165538	+	1503	59	2542	1586	2968	2812	5703
IODOLM_01088	contig_1	1165561	1168074	+	2514	187	7598	4937	4432	3975	8897
IODOLM_01089	contig_1	1168247	1168474	+	228	0	33	13	106	99	269
IODOLM_01090	contig_1	1168475	1168849	-	375	37	641	412	1491	1167	3142
IODOLM_01091	contig_1	1168932	1170158	-	1227	21	619	385	698	574	1620
IODOLM_01092	contig_1	1170330	1171250	-	921	27	1028	658	798	649	1369
IODOLM_01093	contig_1	1171475	1172527	+	1053	36	647	339	813	788	1531
IODOLM_01094	contig_1	1172569	1173144	-	576	9	258	168	887	825	1584
IODOLM_01095	contig_1	1173148	1173714	-	567	2	86	46	414	360	828
IODOLM_01096	contig_1	1173975	1174088	-	114	0	8	3	14	13	33
IODOLM_01097	contig_1	1174136	1175254	-	1119	32	1449	880	954	834	1903
IODOLM_01098	contig_1	1175369	1175626	-	258	259	4833	2564	13055	13377	30176
IODOLM_01099	contig_1	1175910	1176155	-	246	12	256	161	261	268	462
IODOLM_01100	contig_1	1176229	1177275	-	1047	15	1055	714	1252	1254	2404
IODOLM_01101	contig_1	1177381	1177941	-	561	25	1284	804	894	865	2002
IODOLM_01102	contig_1	1178075	1178722	-	648	79	1333	791	2168	1884	3716
IODOLM_01103	contig_1	1178786	1179994	-	1209	10	393	230	388	354	1015
IODOLM_01104	contig_1	1180230	1180814	+	585	46	1289	749	781	716	1772
IODOLM_01105	contig_1	1180825	1181472	+	648	66	1409	828	547	617	1342
IODOLM_01106	contig_1	1181474	1182397	+	924	78	2054	1220	598	664	1485
IODOLM_01107	contig_1	1182507	1184042	+	1536	47	1685	1029	1018	887	2259
IODOLM_01108	contig_1	1184082	1184498	-	417	5	168	85	78	89	145
IODOLM_01109	contig_1	1184503	1184796	-	294	3	81	54	99	87	238
IODOLM_01110	contig_1	1184872	1185531	-	660	7	126	57	54	42	112
IODOLM_01111	contig_1	1185686	1186102	+	417	0	15	6	10	10	20
IODOLM_01112	contig_1	1186106	1186510	+	405	0	8	11	11	6	23
IODOLM_01113	contig_1	1186522	1187217	+	696	3	51	25	24	27	61
IODOLM_01114	contig_1	1187242	1188450	+	1209	4	153	87	64	53	134
IODOLM_01115	contig_1	1188470	1189225	+	756	2	66	44	44	40	75
IODOLM_01116	contig_1	1189397	1190179	+	783	1	134	73	69	67	154
IODOLM_01117	contig_1	1190232	1190930	+	699	5	82	56	38	25	95
IODOLM_01118	contig_1	1190942	1192039	+	1098	5	121	80	49	51	134
IODOLM_01119	contig_1	1192039	1192980	+	942	2	65	43	44	55	121
IODOLM_01120	contig_1	1193046	1194689	+	1644	15	199	156	131	129	316
IODOLM_01121	contig_1	1194701	1195654	+	954	31	511	287	242	244	570
IODOLM_01122	contig_1	1195850	1199035	-	3186	346	18727	12138	17785	15829	34843
IODOLM_01123	contig_1	1199608	1200567	+	960	43	1031	539	530	485	1152
IODOLM_01124	contig_1	1200679	1201302	-	624	159	3248	1659	1532	1434	3334
IODOLM_01125	contig_1	1201462	1201983	+	522	722	18659	11222	21489	19161	39588
IODOLM_01126	contig_1	1202035	1202208	+	174	241	9755	6170	13062	11811	21207
IODOLM_01127	contig_1	1202319	1203359	+	1041	332	7915	4807	5161	4703	9799
IODOLM_01128	contig_1	1203427	1204380	+	954	533	10310	6804	4894	4911	11233
IODOLM_01129	contig_1	1204396	1205325	+	930	588	10319	6779	6531	6438	14284
IODOLM_01130	contig_1	1205338	1206072	+	735	659	12254	7094	13763	12693	27031
IODOLM_01131	contig_1	1206283	1206519	+	237	713	18492	9918	22113	20203	39185
IODOLM_01132	contig_1	1206607	1207848	+	1242	528	15909	9251	26391	24150	56469
IODOLM_01133	contig_1	1207968	1208777	+	810	49	1198	726	664	593	1620
IODOLM_01134	contig_1	1208780	1209802	+	1023	42	1352	884	787	674	1737
IODOLM_01135	contig_1	1209792	1210433	+	642	53	1495	900	823	713	1780
IODOLM_01136	contig_1	1210430	1211434	+	1005	59	1779	1163	1545	1490	3404
IODOLM_01137	contig_1	1211445	1212242	+	798	31	1537	880	3923	3477	7553
IODOLM_01138	contig_1	1212537	1213970	+	1434	92	3754	2386	6557	5998	11413
IODOLM_01139	contig_1	1214030	1216219	-	2190	100	3662	2247	5995	5916	12992
IODOLM_01140	contig_1	1216553	1216912	+	360	48	1239	778	1460	1317	3142
IODOLM_01141	contig_1	1216915	1217292	+	378	30	781	470	1225	1037	2563
IODOLM_01142	contig_1	1217306	1217947	+	642	59	1672	1050	2832	2355	5626
IODOLM_01143	contig_1	1217928	1218752	+	825	40	823	477	591	515	1182
IODOLM_01144	contig_1	1218763	1219788	+	1026	130	2779	1727	1543	1468	3286
IODOLM_01145	contig_1	1219811	1220353	+	543	77	2009	1263	1305	1265	2486
IODOLM_01146	contig_1	1220753	1222057	+	1305	745	19290	12751	8124	7545	16944
IODOLM_01147	contig_1	1222267	1222806	+	540	75	1919	1208	1919	1544	4339
IODOLM_01148	contig_1	1222868	1223563	-	696	50	1538	821	699	661	1598
IODOLM_01149	contig_1	1223741	1223998	+	258	37	1961	1052	2291	1885	4534
IODOLM_01150	contig_1	1224080	1225039	-	960	41	1352	821	419	313	620
IODOLM_01151	contig_1	1225186	1228680	-	3495	326	10574	6723	4091	4050	9843
IODOLM_01152	contig_1	1228760	1229833	-	1074	3	22	12	22	22	49
IODOLM_01153	contig_1	1230095	1231294	+	1200	109	2806	1803	1240	1114	2411
IODOLM_01154	contig_1	1231287	1231988	+	702	113	2671	1694	841	769	1763
IODOLM_01155	contig_1	1231994	1233232	+	1239	312	6051	3708	1896	1809	4015
IODOLM_01156	contig_1	1233261	1234172	+	912	112	2930	1882	1629	1647	3629
IODOLM_01157	contig_1	1234188	1235027	+	840	71	1845	1193	1479	1396	3071
IODOLM_01158	contig_1	1235147	1235935	-	789	0	4	1	24	24	82
IODOLM_01159	contig_1	1235932	1236393	-	462	0	10	5	47	53	110
IODOLM_01160	contig_1	1236451	1237497	-	1047	125	3397	2438	4395	4345	9501
IODOLM_01161	contig_1	1237494	1238288	-	795	38	1285	964	1312	1212	2684
IODOLM_01162	contig_1	1238285	1239142	-	858	29	1563	1229	1096	1022	2328
IODOLM_01163	contig_1	1239126	1240262	-	1137	54	2675	1958	3157	3044	6987
IODOLM_01164	contig_1	1240512	1241738	+	1227	169	3320	1724	2458	2267	4958
IODOLM_01165	contig_1	1241787	1242908	-	1122	255	5773	3426	2789	2668	6145
IODOLM_01166	contig_1	1242984	1244444	-	1461	18	698	428	2035	1677	4381
IODOLM_01167	contig_1	1244444	1245115	-	672	18	568	395	2791	2332	5349
IODOLM_01168	contig_1	1245284	1246654	-	1371	16	1760	1490	4940	4838	8330
IODOLM_01169	contig_1	1246658	1247299	-	642	18	1254	928	2116	1842	4715
IODOLM_01170	contig_1	1247335	1248441	-	1107	118	3258	2234	3639	3129	7405
IODOLM_01171	contig_1	1248495	1248956	-	462	13	439	280	310	275	672
IODOLM_01172	contig_1	1248966	1249619	-	654	6	282	170	224	211	606
IODOLM_01173	contig_1	1249791	1251041	+	1251	88	3315	1704	19727	20024	39588
IODOLM_01174	contig_1	1252167	1252571	-	405	1	13	4	26	14	58
IODOLM_01175	contig_1	1252792	1253523	-	732	65	1493	779	2232	2142	5148
IODOLM_01176	contig_1	1253728	1254939	-	1212	44	568	281	1906	2260	4694
IODOLM_01177	contig_1	1255253	1255489	+	237	1	51	24	193	219	457
IODOLM_01178	contig_1	1255833	1256099	+	267	1	57	19	220	235	521
IODOLM_01179	contig_1	1256212	1256460	+	249	0	59	32	117	109	215
IODOLM_01180	contig_1	1256792	1258315	+	1524	0	61	33	104	79	208
IODOLM_01181	contig_1	1258447	1258665	+	219	0	10	4	32	39	141
IODOLM_01182	contig_1	1259065	1260585	+	1521	5	64	35	100	86	221
IODOLM_01183	contig_1	1260670	1261686	+	1017	8	106	43	197	151	383
IODOLM_01184	contig_1	1261769	1262098	-	330	6	72	39	116	86	244
IODOLM_01185	contig_1	1262108	1262392	-	285	2	41	32	67	51	138
IODOLM_01186	contig_1	1263743	1264009	-	267	30	986	572	750	776	1800
IODOLM_01187	contig_1	1264013	1264825	-	813	131	3861	2386	3345	3277	6892
IODOLM_01188	contig_1	1264849	1265544	-	696	115	3418	2107	2329	2045	4862
IODOLM_01189	contig_1	1266064	1266432	+	369	4	83	56	411	366	851
IODOLM_01190	contig_1	1266535	1266936	-	402	0	41	18	514	551	1333
IODOLM_01191	contig_1	1267178	1267471	+	294	60	1403	731	475	481	1188
IODOLM_01192	contig_1	1267543	1268202	+	660	123	2515	1301	846	815	2213
IODOLM_01193	contig_1	1268294	1268740	+	447	25	890	454	484	409	1084
IODOLM_01194	contig_1	1268947	1269858	-	912	0	22	14	259	192	421
IODOLM_01195	contig_1	1270231	1270650	+	420	3	58	27	35	40	80
IODOLM_01196	contig_1	1270650	1271918	+	1269	12	164	90	74	57	166
IODOLM_01197	contig_1	1271964	1272494	-	531	31	904	591	927	904	1878
IODOLM_01198	contig_1	1272640	1274181	-	1542	19	654	456	2088	2016	4339
IODOLM_01199	contig_1	1274402	1275121	+	720	111	3421	1815	860	832	1828
IODOLM_01200	contig_1	1275173	1276705	-	1533	77	1850	987	3812	3255	8053
IODOLM_01201	contig_1	1277035	1278333	+	1299	234	4780	2391	3246	3723	9163
IODOLM_01202	contig_1	1278343	1279413	+	1071	159	3084	1537	1902	1909	5258
IODOLM_01203	contig_1	1279799	1281535	-	1737	72	1808	1101	1054	967	2370
IODOLM_01204	contig_1	1281630	1282544	-	915	33	645	407	530	488	1221
IODOLM_01205	contig_1	1282644	1283255	+	612	75	1611	844	534	471	1067
IODOLM_01206	contig_1	1283257	1283991	-	735	2	14	9	14	18	40
IODOLM_01207	contig_1	1284192	1284446	+	255	10	407	196	422	370	966
IODOLM_01208	contig_1	1284624	1285064	+	441	0	32	11	68	72	221
IODOLM_01209	contig_1	1285143	1286840	-	1698	1	149	80	1688	1345	3112
IODOLM_01210	contig_1	1287160	1288578	-	1419	80	3136	1924	686	732	1734
IODOLM_01211	contig_1	1288589	1289221	-	633	30	1044	710	302	311	774
IODOLM_01212	contig_1	1289232	1290302	-	1071	59	1860	1093	692	606	1880
IODOLM_01213	contig_1	1290530	1292449	+	1920	31	631	352	1113	996	2837
IODOLM_01214	contig_1	1292549	1295416	-	2868	35	1075	666	799	805	1933
IODOLM_01215	contig_1	1295761	1295940	+	180	1	15	9	12	14	41
IODOLM_01216	contig_1	1296185	1297276	-	1092	183	4688	2695	1286	1177	2434
IODOLM_01217	contig_1	1297393	1297977	-	585	36	1023	529	388	382	899
IODOLM_01218	contig_1	1298255	1298533	+	279	328	16176	7639	8576	9820	11254
IODOLM_01219	contig_1	1298588	1300240	-	1653	32	1321	836	1592	1436	3083
IODOLM_01220	contig_1	1300392	1301405	-	1014	322	9501	6691	9783	9277	18166
IODOLM_01221	contig_1	1301490	1302341	-	852	142	2765	1664	2997	2411	5084
IODOLM_01222	contig_1	1302341	1302964	-	624	48	1201	720	1515	1196	2869
IODOLM_01223	contig_1	1303178	1304434	+	1257	209	4161	2234	2164	1828	4867
IODOLM_01224	contig_1	1304476	1305558	+	1083	243	5382	2924	2528	2319	5611
IODOLM_01225	contig_1	1305558	1306391	+	834	75	1732	1030	1106	1016	2379
IODOLM_01226	contig_1	1306388	1306780	+	393	31	523	329	410	347	886
IODOLM_01227	contig_1	1306784	1307593	+	810	169	4457	2693	2157	1985	4519
IODOLM_01228	contig_1	1307629	1308483	+	855	364	7894	4622	5013	4662	9478
IODOLM_01229	contig_1	1308632	1308739	-	108	1	35	16	29	29	98
IODOLM_01230	contig_1	1309167	1309274	-	108	1	30	15	23	29	74
IODOLM_01231	contig_1	1309702	1309809	-	108	4	40	22	76	44	165
IODOLM_01232	contig_1	1310213	1311313	-	1101	39	1202	689	2072	1932	4060
IODOLM_01233	contig_1	1311583	1311813	+	231	6	133	59	450	373	1076
IODOLM_01234	contig_1	1311950	1312666	+	717	150	2835	1441	1077	1054	2558
IODOLM_01235	contig_1	1312710	1313063	-	354	28	604	306	494	538	1026
IODOLM_01236	contig_1	1313248	1314642	+	1395	72	1144	639	563	562	1328
IODOLM_01237	contig_1	1314643	1315293	-	651	14	853	551	1068	1073	2293
IODOLM_01238	contig_1	1315286	1317082	-	1797	48	2082	1234	1551	1224	3201
IODOLM_01239	contig_1	1317108	1317326	+	219	0	8	4	15	4	21
IODOLM_01240	contig_1	1317421	1318812	+	1392	5	485	341	98	100	227
IODOLM_01241	contig_1	1319328	1323071	+	3744	18	1172	829	416	360	877
IODOLM_01242	contig_1	1323068	1324606	+	1539	13	430	273	217	223	499
IODOLM_01243	contig_1	1324603	1325313	+	711	3	168	99	112	79	246
IODOLM_01244	contig_1	1325313	1325990	+	678	9	154	104	71	83	156
IODOLM_01245	contig_1	1326529	1327095	+	567	0	8	7	12	9	26
IODOLM_01246	contig_1	1327246	1328088	-	843	125	2983	1709	1547	1537	3546
IODOLM_01247	contig_1	1328138	1328596	-	459	36	958	583	722	736	1609
IODOLM_01248	contig_1	1328670	1329614	+	945	45	981	586	1993	1584	4348
IODOLM_01249	contig_1	1329706	1330719	+	1014	28	1328	710	2751	2278	5482
IODOLM_01250	contig_1	1330921	1331829	+	909	68	2796	1419	3912	3523	7509
IODOLM_01251	contig_1	1331973	1332386	-	414	124	10253	5724	30020	30979	69046
IODOLM_01252	contig_1	1332991	1333608	+	618	11	301	169	269	314	660
IODOLM_01253	contig_1	1333890	1334480	-	591	2	36	18	100	99	260
IODOLM_01254	contig_1	1334601	1334786	-	186	3	60	62	159	121	339
IODOLM_01255	contig_1	1334910	1337585	-	2676	1777	124687	97667	65322	55372	96572
IODOLM_01256	contig_1	1338062	1338709	+	648	8	319	235	362	315	778
IODOLM_01257	contig_1	1338736	1338891	+	156	0	6	3	9	7	11
IODOLM_01258	contig_1	1338867	1339028	-	162	1	77	23	32	45	74
IODOLM_01259	contig_1	1339379	1339654	+	276	7	144	84	243	211	574
IODOLM_01260	contig_1	1339699	1340076	+	378	12	163	83	185	161	421
IODOLM_01261	contig_1	1340179	1341855	+	1677	2519	84157	53467	103283	98798	204536
IODOLM_01262	contig_1	1341941	1342861	+	921	445	12479	7556	7636	8483	18696
IODOLM_01263	contig_1	1342876	1343784	+	909	697	19816	12476	9919	10736	20608
IODOLM_01264	contig_1	1343796	1344809	+	1014	1059	31918	20709	14192	15158	31877
IODOLM_01265	contig_1	1344806	1345810	+	1005	1039	27506	18064	16044	16157	31700
IODOLM_01266	contig_1	1345863	1346192	-	330	47	778	440	552	480	1286
IODOLM_01267	contig_1	1346227	1347687	-	1461	117	3062	1832	2449	2142	5281
IODOLM_01268	contig_1	1348058	1349311	-	1254	20	663	406	733	692	1748
IODOLM_01269	contig_1	1349816	1351009	+	1194	23	355	200	238	197	563
IODOLM_01270	contig_1	1351245	1351487	-	243	4	44	21	18	13	38
IODOLM_01271	contig_1	1351487	1351828	-	342	0	29	10	9	15	23
IODOLM_01272	contig_1	1351914	1352372	-	459	1	45	25	10	13	46
IODOLM_01273	contig_1	1352369	1352521	-	153	0	8	3	2	4	6
IODOLM_01274	contig_1	1352518	1352946	-	429	2	20	18	13	13	40
IODOLM_01275	contig_1	1352943	1353623	-	681	1	57	42	49	39	102
IODOLM_01276	contig_1	1353620	1354537	-	918	6	90	46	57	57	135
IODOLM_01277	contig_1	1354547	1354828	-	282	0	15	7	6	13	39
IODOLM_01278	contig_1	1354836	1355804	-	969	3	59	30	46	48	118
IODOLM_01279	contig_1	1355909	1356745	-	837	1	61	44	39	43	102
IODOLM_01280	contig_1	1356756	1356965	-	210	0	14	5	5	3	4
IODOLM_01281	contig_1	1356962	1357120	-	159	0	2	1	0	4	8
IODOLM_01282	contig_1	1357122	1357331	-	210	0	13	5	4	7	9
IODOLM_01283	contig_1	1357487	1357783	-	297	1	24	11	1	2	14
IODOLM_01284	contig_1	1358341	1358550	+	210	11	437	232	129	131	312
IODOLM_01285	contig_1	1358581	1359447	-	867	207	3552	2136	2367	2241	6085
IODOLM_01286	contig_1	1359584	1360294	-	711	269	4845	2720	1151	1055	3032
IODOLM_01287	contig_1	1360412	1360633	+	222	1	5	4	3	1	6
IODOLM_01288	contig_1	1360664	1361206	+	543	2	25	19	12	7	22
IODOLM_01289	contig_1	1361292	1362200	+	909	4	100	69	55	43	129
IODOLM_01290	contig_1	1362197	1362886	+	690	0	67	32	33	37	116
IODOLM_01291	contig_1	1362950	1363669	+	720	9	228	124	72	61	207
IODOLM_01292	contig_1	1363890	1364345	+	456	0	120	67	134	106	257
IODOLM_01293	contig_1	1364345	1364515	+	171	0	13	10	5	6	13
IODOLM_01294	contig_1	1364512	1365180	+	669	1	97	55	54	32	106
IODOLM_01295	contig_1	1365173	1365814	+	642	2	58	32	33	30	97
IODOLM_01296	contig_1	1365811	1366017	+	207	2	27	20	16	8	37
IODOLM_01297	contig_1	1366130	1366939	+	810	8	257	161	91	69	240
IODOLM_01298	contig_1	1367418	1367642	+	225	0	6	8	5	10	14
IODOLM_01299	contig_1	1367620	1368114	+	495	2	18	9	20	21	31
IODOLM_01300	contig_1	1368111	1368569	+	459	1	24	12	11	13	33
IODOLM_01301	contig_1	1368768	1369286	+	519	0	6	2	13	11	32
IODOLM_01302	contig_1	1369358	1369972	-	615	95	1432	946	2469	2303	4716
IODOLM_01303	contig_1	1369992	1370183	+	192	2	54	28	92	96	239
IODOLM_01304	contig_1	1370345	1371073	+	729	2	88	59	174	182	429
IODOLM_01305	contig_1	1371321	1371866	+	546	2	70	47	38	53	88
IODOLM_01306	contig_1	1371841	1373763	+	1923	3	121	92	104	117	275
IODOLM_01307	contig_1	1373763	1373969	+	207	0	15	3	12	10	26
IODOLM_01308	contig_1	1373966	1375558	+	1593	9	344	176	197	203	479
IODOLM_01309	contig_1	1375539	1376882	+	1344	0	39	24	46	51	95
IODOLM_01310	contig_1	1376892	1377224	+	333	2	28	19	29	32	68
IODOLM_01311	contig_1	1377292	1378719	+	1428	0	28	15	49	33	64
IODOLM_01312	contig_1	1378725	1379906	+	1182	3	68	43	41	46	128
IODOLM_01313	contig_1	1380009	1380620	-	612	0	17	16	61	60	107
IODOLM_01314	contig_1	1380686	1381939	-	1254	0	32	22	52	42	121
IODOLM_01315	contig_1	1381991	1384972	-	2982	9	145	101	85	82	195
IODOLM_01316	contig_1	1385095	1386186	-	1092	26	566	346	435	387	892
IODOLM_01317	contig_1	1386254	1387087	-	834	5	64	37	303	321	680
IODOLM_01318	contig_1	1387278	1388942	+	1665	0	35	10	27	39	68
IODOLM_01319	contig_1	1388944	1389888	+	945	2	20	9	32	17	55
IODOLM_01320	contig_1	1389906	1390772	+	867	1	29	19	43	54	83
IODOLM_01321	contig_1	1390782	1391015	+	234	0	15	9	21	11	46
IODOLM_01322	contig_1	1391119	1393215	-	2097	432	9197	5166	4007	4250	10129
IODOLM_01323	contig_1	1393231	1393782	-	552	44	858	467	472	531	1578
IODOLM_01324	contig_1	1393946	1396954	+	3009	38	688	380	862	826	1957
IODOLM_01325	contig_1	1396979	1397689	-	711	2	192	145	314	252	758
IODOLM_01326	contig_1	1397989	1398285	-	297	10	132	92	716	750	1595
IODOLM_01327	contig_1	1398494	1399228	+	735	139	4095	2419	2211	2051	5199
IODOLM_01328	contig_1	1399268	1399666	-	399	47	1048	594	481	500	1155
IODOLM_01329	contig_1	1399771	1400310	-	540	52	1510	910	1131	1048	2306
IODOLM_01330	contig_1	1400340	1401083	-	744	57	1348	775	1020	804	1991
IODOLM_01331	contig_1	1401440	1402078	+	639	8	220	138	244	214	430
IODOLM_01332	contig_1	1402138	1402644	-	507	9	141	61	357	321	812
IODOLM_01333	contig_1	1402690	1403190	-	501	3	109	43	701	549	1417
IODOLM_01334	contig_1	1403276	1403455	-	180	33	1733	1195	406	373	951
IODOLM_01335	contig_1	1403836	1404642	-	807	35	1897	1232	2220	2204	4472
IODOLM_01336	contig_1	1404642	1405835	-	1194	80	3103	1885	2676	2693	6414
IODOLM_01337	contig_1	1405847	1407205	-	1359	118	2646	1678	1656	1612	4197
IODOLM_01338	contig_1	1407209	1408804	-	1596	6	592	371	1212	790	2793
IODOLM_01339	contig_1	1408804	1410366	-	1563	2	121	92	4611	4449	4865
IODOLM_01340	contig_1	1410458	1410502	-	45	1	22	9	122	151	189
IODOLM_01341	contig_1	1410640	1411521	+	882	47	765	446	1006	832	2200
IODOLM_01342	contig_1	1411518	1412138	+	621	47	784	499	1370	1286	2888
IODOLM_01343	contig_1	1412166	1414061	+	1896	29	537	331	521	489	1126
IODOLM_01344	contig_1	1414272	1415147	+	876	87	2570	1599	3385	3023	7085
IODOLM_01345	contig_1	1415187	1415777	-	591	21	1678	882	480	417	904
IODOLM_01346	contig_1	1415774	1416532	-	759	30	1805	1120	627	644	1438
IODOLM_01347	contig_1	1416752	1417801	+	1050	248	4457	2512	1339	1391	3037
IODOLM_01348	contig_1	1417837	1418088	-	252	56	2315	1295	1041	920	2158
IODOLM_01349	contig_1	1418468	1421065	+	2598	624	17690	11906	23818	21600	49750
IODOLM_01350	contig_1	1421275	1422249	+	975	71	1868	1149	1019	1030	2328
IODOLM_01351	contig_1	1422580	1422708	+	129	1	45	29	57	57	133
IODOLM_01352	contig_1	1422711	1422878	+	168	1	56	36	44	52	142
IODOLM_01353	contig_1	1422992	1423087	+	96	0	30	13	32	23	74
IODOLM_01354	contig_1	1423251	1425926	+	2676	91	2616	1539	5106	4826	12383
IODOLM_01355	contig_1	1425990	1426580	-	591	23	1609	1006	660	480	1233
IODOLM_01356	contig_1	1426750	1427514	+	765	53	1358	809	795	801	1785
IODOLM_01357	contig_1	1427663	1427971	+	309	65	1630	916	1599	1565	3661
IODOLM_01358	contig_1	1427978	1429147	+	1170	81	1786	1110	2356	2098	5721
IODOLM_01359	contig_1	1429281	1430078	+	798	69	1714	1049	1760	1829	4217
IODOLM_01360	contig_1	1430078	1430404	+	327	30	594	389	237	278	608
IODOLM_01361	contig_1	1430530	1430748	-	219	20	1632	811	1525	1463	3881
IODOLM_01362	contig_1	1431017	1431766	-	750	33	1119	742	1201	1203	2760
IODOLM_01363	contig_1	1431856	1432029	-	174	10	478	278	601	597	1658
IODOLM_01364	contig_1	1432177	1434162	-	1986	18	478	266	1515	1444	3797
IODOLM_01365	contig_1	1434398	1436332	-	1935	250	8223	5655	4671	4310	9331
IODOLM_01366	contig_1	1436400	1437527	-	1128	7	235	161	1020	912	2539
IODOLM_01367	contig_1	1437671	1438459	-	789	203	6543	4001	4522	4127	7809
IODOLM_01368	contig_1	1439248	1440054	-	807	14	738	508	668	695	1359
IODOLM_01369	contig_1	1440056	1441048	-	993	34	1537	1107	894	849	1831
IODOLM_01370	contig_1	1441048	1441938	-	891	26	931	658	415	457	966
IODOLM_01371	contig_1	1441925	1442890	-	966	28	1139	772	485	522	1123
IODOLM_01372	contig_1	1442887	1444530	-	1644	36	1469	1020	1314	1152	2494
IODOLM_01373	contig_1	1444843	1445088	-	246	7	204	127	331	256	758
IODOLM_01374	contig_1	1445222	1446607	-	1386	5	311	182	948	961	2000
IODOLM_01375	contig_1	1446910	1448328	-	1419	14	211	129	3820	3775	7917
IODOLM_01376	contig_1	1448552	1449304	+	753	1	79	28	1269	1399	3370
IODOLM_01377	contig_1	1449331	1449888	+	558	14	285	170	1186	1118	2702
IODOLM_01378	contig_1	1450163	1451650	+	1488	4	141	88	3131	2614	5348
IODOLM_01379	contig_1	1451652	1452932	+	1281	3	82	55	2182	1934	4100
IODOLM_01380	contig_1	1452970	1454235	+	1266	6	126	57	1899	1531	3179
IODOLM_01381	contig_1	1454355	1455332	-	978	8	233	128	573	446	1214
IODOLM_01382	contig_1	1455499	1456167	+	669	206	3400	1913	2039	1677	4551
IODOLM_01383	contig_1	1456221	1456445	+	225	25	397	233	175	189	585
IODOLM_01384	contig_1	1456445	1456804	+	360	27	619	348	259	271	744
IODOLM_01385	contig_1	1456813	1457034	+	222	20	341	201	101	97	292
IODOLM_01386	contig_1	1457109	1457423	+	315	24	640	366	342	319	736
IODOLM_01387	contig_1	1457636	1459315	+	1680	1	8	7	55	39	138
IODOLM_01388	contig_1	1459329	1460621	+	1293	1	11	6	21	13	47
IODOLM_01389	contig_1	1460642	1461523	+	882	0	6	2	29	19	45
IODOLM_01390	contig_1	1461510	1462352	+	843	0	15	14	30	29	80
IODOLM_01391	contig_1	1462383	1463435	+	1053	2	44	24	54	64	129
IODOLM_01392	contig_1	1463454	1464242	+	789	2	46	18	45	38	108
IODOLM_01393	contig_1	1464252	1465307	+	1056	8	136	89	50	52	128
IODOLM_01394	contig_1	1465304	1467571	+	2268	20	336	165	105	117	246
IODOLM_01395	contig_1	1467568	1468227	+	660	0	15	11	24	23	51
IODOLM_01396	contig_1	1468241	1469209	+	969	3	24	15	44	39	95
IODOLM_01397	contig_1	1469367	1470272	+	906	2	6	4	34	43	109
IODOLM_01398	contig_1	1470383	1471381	-	999	0	58	36	121	120	316
IODOLM_01399	contig_1	1471537	1472934	+	1398	39	843	522	3156	3466	9100
IODOLM_01400	contig_1	1472931	1473992	+	1062	41	678	390	1522	1701	4625
IODOLM_01401	contig_1	1474140	1475681	+	1542	158	3181	1901	3483	3477	8511
IODOLM_01402	contig_1	1475725	1476231	-	507	41	2254	1235	6752	6585	12406
IODOLM_01403	contig_1	1476350	1477315	+	966	163	3324	1853	2001	1886	4816
IODOLM_01404	contig_1	1477290	1478018	-	729	47	1611	902	998	883	2062
IODOLM_01405	contig_1	1478100	1478282	-	183	0	26	20	73	58	131
IODOLM_01406	contig_1	1478353	1479273	-	921	5	79	46	375	362	800
IODOLM_01407	contig_1	1479411	1480310	+	900	5	98	65	348	329	801
IODOLM_01408	contig_1	1480647	1482260	+	1614	32	894	453	1296	1201	2972
IODOLM_01409	contig_1	1482311	1483342	-	1032	15	486	341	576	564	1213
IODOLM_01410	contig_1	1483532	1484512	+	981	46	1327	676	944	800	1888
IODOLM_01411	contig_1	1484785	1485042	+	258	51	1241	536	1203	1217	2766
IODOLM_01412	contig_1	1485092	1486042	-	951	278	8711	4987	5061	4469	9802
IODOLM_01413	contig_1	1486194	1486946	-	753	248	12161	6845	5749	5395	11369
IODOLM_01414	contig_1	1487141	1487656	-	516	11	416	230	213	193	409
IODOLM_01415	contig_1	1487667	1489193	-	1527	4	83	56	95	70	186
IODOLM_01416	contig_1	1489230	1490675	-	1446	2	116	69	39	36	121
IODOLM_01417	contig_1	1490675	1491985	-	1311	3	99	47	19	21	67
IODOLM_01418	contig_1	1492161	1493069	+	909	6	129	72	69	71	162
IODOLM_01419	contig_1	1493399	1493962	+	564	26	597	320	322	300	761
IODOLM_01420	contig_1	1493983	1495215	-	1233	17	751	360	2699	2231	5368
IODOLM_01421	contig_1	1495470	1496453	+	984	20	577	342	671	659	1667
IODOLM_01422	contig_1	1496728	1496901	+	174	6	97	49	385	297	609
IODOLM_01423	contig_1	1496931	1498304	+	1374	59	1729	1058	2014	1685	3485
IODOLM_01424	contig_1	1498433	1499368	-	936	63	1285	728	1297	1176	2645
IODOLM_01425	contig_1	1499420	1500655	-	1236	10	194	127	324	217	625
IODOLM_01426	contig_1	1500657	1500872	-	216	0	15	11	3	8	12
IODOLM_01427	contig_1	1500951	1501160	-	210	4	36	21	17	12	26
IODOLM_01428	contig_1	1501404	1502213	-	810	8	205	105	70	64	153
IODOLM_01429	contig_1	1502206	1504806	-	2601	29	610	335	108	90	186
IODOLM_01430	contig_1	1504908	1505183	-	276	2	137	72	14	7	20
IODOLM_01431	contig_1	1505258	1505428	-	171	0	45	28	5	5	16
IODOLM_01432	contig_1	1505428	1505649	-	222	5	79	34	11	8	27
IODOLM_01433	contig_1	1505968	1506579	+	612	0	10	8	40	38	111
IODOLM_01434	contig_1	1506576	1506731	-	156	0	87	55	10	12	23
IODOLM_01435	contig_1	1506742	1506876	-	135	3	140	75	19	26	61
IODOLM_01436	contig_1	1507185	1507661	-	477	13	411	284	450	389	1049
IODOLM_01437	contig_1	1507785	1508081	+	297	6	85	45	48	43	115
IODOLM_01438	contig_1	1508104	1508526	+	423	5	83	42	45	33	83
IODOLM_01439	contig_1	1508539	1509396	+	858	15	263	155	49	55	118
IODOLM_01440	contig_1	1509403	1510149	+	747	5	185	124	44	38	108
IODOLM_01441	contig_1	1510172	1510732	+	561	4	159	91	155	149	356
IODOLM_01442	contig_1	1510765	1511064	+	300	0	33	12	43	20	83
IODOLM_01443	contig_1	1511235	1512659	+	1425	32	536	309	493	492	1062
IODOLM_01444	contig_1	1512797	1513060	+	264	1	16	22	29	20	67
IODOLM_01445	contig_1	1513041	1513400	+	360	3	25	8	27	31	57
IODOLM_01446	contig_1	1513874	1514902	+	1029	6	58	33	123	107	302
IODOLM_01447	contig_1	1515166	1516146	-	981	8	277	122	100	86	202
IODOLM_01448	contig_1	1516966	1517703	-	738	1	4	2	9	4	24
IODOLM_01449	contig_1	1517834	1519831	+	1998	7	123	58	103	113	216
IODOLM_01450	contig_1	1519831	1520406	+	576	0	23	9	50	44	102
IODOLM_01451	contig_1	1520504	1521094	-	591	6	142	76	740	705	1612
IODOLM_01452	contig_1	1521411	1521644	-	234	3	48	34	3114	3136	6843
IODOLM_01453	contig_1	1521835	1522815	+	981	39	1249	738	895	730	1846
IODOLM_01454	contig_1	1523804	1524238	-	435	13	467	304	1504	1233	2738
IODOLM_01455	contig_1	1524379	1525512	-	1134	0	22	4	39	43	106
IODOLM_01456	contig_1	1525879	1529403	-	3525	64	2258	1402	1860	1297	3639
IODOLM_01457	contig_1	1529677	1529943	+	267	44	1320	697	704	665	1370
IODOLM_01458	contig_1	1529940	1530362	-	423	17	311	235	416	354	969
IODOLM_01459	contig_1	1530473	1531462	-	990	32	1155	758	1509	1472	3632
IODOLM_01460	contig_1	1531670	1534309	+	2640	56	1686	976	517	504	1195
IODOLM_01461	contig_1	1534306	1534491	+	186	1	17	11	24	14	59
IODOLM_01462	contig_1	1534499	1534825	+	327	10	155	108	108	97	237
IODOLM_01463	contig_1	1534997	1535902	-	906	3	42	28	65	74	150
IODOLM_01464	contig_1	1536138	1537637	+	1500	29	565	326	654	607	1496
IODOLM_01465	contig_1	1537695	1539968	-	2274	6	227	138	87	89	200
IODOLM_01466	contig_1	1540216	1542261	-	2046	8	84	51	39	51	122
IODOLM_01467	contig_1	1542546	1543475	+	930	0	17	9	14	11	38
IODOLM_01468	contig_1	1543487	1543774	+	288	1	14	5	3	7	14
IODOLM_01469	contig_1	1543783	1544529	+	747	1	24	25	20	12	33
IODOLM_01470	contig_1	1544544	1545041	+	498	1	20	8	14	7	40
IODOLM_01471	contig_1	1545049	1546119	+	1071	5	81	47	34	30	72
IODOLM_01472	contig_1	1546116	1546883	+	768	0	39	34	21	14	48
IODOLM_01473	contig_1	1546883	1547671	+	789	5	53	42	22	25	52
IODOLM_01474	contig_1	1547718	1549100	+	1383	4	142	120	64	52	136
IODOLM_01475	contig_1	1549090	1549512	+	423	4	40	33	26	16	54
IODOLM_01476	contig_1	1549512	1550717	+	1206	12	312	177	361	362	859
IODOLM_01477	contig_1	1550744	1552057	+	1314	19	424	242	309	328	768
IODOLM_01478	contig_1	1552158	1553108	+	951	14	392	226	326	329	810
IODOLM_01479	contig_1	1553090	1553680	+	591	18	394	178	325	263	696
IODOLM_01480	contig_1	1554011	1556569	+	2559	14	411	225	229	216	528
IODOLM_01481	contig_1	1556540	1557445	-	906	64	1502	872	791	683	1694
IODOLM_01482	contig_1	1557403	1557768	-	366	36	924	494	478	450	1004
IODOLM_01483	contig_1	1557977	1559128	+	1152	12	266	172	281	261	621
IODOLM_01484	contig_1	1559309	1562632	+	3324	168	3031	1768	3329	3261	8118
IODOLM_01485	contig_1	1562840	1563700	+	861	14	553	342	514	528	1136
IODOLM_01486	contig_1	1563763	1566069	+	2307	1	37	27	361	323	943
IODOLM_01487	contig_1	1566240	1566845	+	606	0	8	1	19	16	40
IODOLM_01488	contig_1	1566845	1567741	+	897	1	4	4	14	22	48
IODOLM_01489	contig_1	1567757	1569514	+	1758	2	132	98	161	154	425
IODOLM_01490	contig_1	1569504	1570820	+	1317	19	488	234	229	208	496
IODOLM_01491	contig_1	1570874	1571479	-	606	7	225	137	422	432	849
IODOLM_01492	contig_1	1571680	1575582	+	3903	368	9555	6061	3222	3191	7201
IODOLM_01493	contig_1	1575854	1576654	+	801	40	956	563	625	595	1466
IODOLM_01494	contig_1	1576851	1578290	+	1440	30	554	341	229	304	523
IODOLM_01495	contig_1	1578332	1578583	-	252	123	3628	2467	6504	5122	11518
IODOLM_01496	contig_1	1578580	1578957	-	378	349	9793	6047	12814	10750	23742
IODOLM_01497	contig_1	1579216	1579332	-	117	288	10107	5783	15668	13441	27138
IODOLM_01498	contig_1	1579521	1580051	+	531	18	649	311	815	797	1762
IODOLM_01499	contig_1	1580296	1580469	+	174	21	410	219	675	672	1420
IODOLM_01500	contig_1	1580581	1580748	-	168	72	761	401	647	540	1278
IODOLM_01501	contig_1	1581089	1582729	+	1641	17	511	247	442	359	1052
IODOLM_01502	contig_1	1582767	1583690	-	924	2	169	95	1058	1186	2645
IODOLM_01503	contig_1	1583907	1585250	+	1344	9	259	155	263	308	487
IODOLM_01504	contig_1	1585511	1587130	+	1620	118	2756	1552	1389	1314	3021
IODOLM_01505	contig_1	1587270	1587494	+	225	71	1384	855	206	294	430
IODOLM_01506	contig_1	1587557	1588096	+	540	6	200	140	498	499	1170
IODOLM_01507	contig_1	1588088	1589068	-	981	15	268	151	495	457	1023
IODOLM_01508	contig_1	1589192	1590184	+	993	36	816	445	469	435	961
IODOLM_01509	contig_1	1590181	1590774	+	594	2	375	225	550	524	1201
IODOLM_01510	contig_1	1591076	1591744	+	669	72	1928	978	1034	945	2277
IODOLM_01511	contig_1	1591981	1592268	-	288	0	22	13	19	17	42
IODOLM_01512	contig_1	1592336	1593484	+	1149	44	2327	1366	1554	1272	3084
IODOLM_01513	contig_1	1593524	1594699	-	1176	3	148	80	84	88	170
IODOLM_01514	contig_1	1594791	1595327	+	537	7	107	69	124	122	288
IODOLM_01515	contig_1	1595400	1597361	+	1962	58	1446	980	1078	1061	2497
IODOLM_01516	contig_1	1597453	1597623	-	171	17	371	143	26	22	49
IODOLM_01517	contig_1	1597905	1598081	+	177	7	111	59	168	130	412
IODOLM_01518	contig_1	1598106	1598543	+	438	16	412	247	409	393	1021
IODOLM_01519	contig_1	1598622	1600028	+	1407	33	834	498	712	771	1810
IODOLM_01520	contig_1	1600273	1601418	+	1146	5	237	105	240	308	500
IODOLM_01521	contig_1	1601436	1602449	+	1014	5	53	42	78	92	191
IODOLM_01522	contig_1	1602450	1603391	+	942	2	86	46	78	75	181
IODOLM_01523	contig_1	1603381	1604175	+	795	11	127	62	75	89	172
IODOLM_01524	contig_1	1604197	1605621	+	1425	22	616	350	229	216	484
IODOLM_01525	contig_1	1606008	1606181	+	174	7	156	97	250	226	602
IODOLM_01526	contig_1	1606267	1606500	+	234	42	941	519	538	504	1375
IODOLM_01527	contig_1	1606501	1606950	-	450	55	918	457	275	236	585
IODOLM_01528	contig_1	1606947	1607465	-	519	69	1468	803	644	556	1203
IODOLM_01529	contig_1	1607646	1608683	+	1038	20	532	258	376	362	934
IODOLM_01530	contig_1	1608881	1609546	+	666	6	61	25	1294	1085	2902
IODOLM_01531	contig_1	1609582	1611684	-	2103	12	336	139	1174	1178	2594
IODOLM_01532	contig_1	1611926	1612987	+	1062	215	4941	2663	14673	14156	30658
IODOLM_01533	contig_1	1613100	1614599	-	1500	6	172	96	147	116	306
IODOLM_01534	contig_1	1614866	1615483	+	618	1	206	96	848	688	1971
IODOLM_01535	contig_1	1615559	1615771	+	213	0	1	1	7	4	15
IODOLM_01536	contig_1	1616509	1618557	+	2049	15	176	97	123	90	218
IODOLM_01537	contig_1	1618541	1619023	+	483	5	44	24	31	35	49
IODOLM_01538	contig_1	1619205	1619951	+	747	2	35	16	43	34	73
IODOLM_01539	contig_1	1620435	1621571	+	1137	1	14	8	34	40	131
IODOLM_01540	contig_1	1621671	1621904	+	234	2	63	32	345	321	694
IODOLM_01541	contig_1	1621901	1622470	-	570	1	75	39	108	124	249
IODOLM_01542	contig_1	1622643	1623488	+	846	21	519	264	123	114	286
IODOLM_01543	contig_1	1623584	1624477	-	894	152	2851	1686	1367	1131	2686
IODOLM_01544	contig_1	1624556	1625236	-	681	4	194	106	633	525	1120
IODOLM_01545	contig_1	1625233	1625928	-	696	5	131	69	584	553	1475
IODOLM_01546	contig_1	1625928	1627472	-	1545	11	369	194	1546	1372	3849
IODOLM_01547	contig_1	1627469	1631209	-	3741	10	641	427	3979	3388	9312
IODOLM_01548	contig_1	1631291	1632679	-	1389	2	54	31	1321	1117	3057
IODOLM_01549	contig_1	1633003	1633338	-	336	0	1	0	4	3	9
IODOLM_01550	contig_1	1633377	1634297	-	921	0	2	1	2	0	4
IODOLM_01551	contig_1	1634357	1634647	-	291	0	1	0	2	1	1
IODOLM_01552	contig_1	1634907	1635731	-	825	4	133	70	228	193	401
IODOLM_01553	contig_1	1636020	1639067	+	3048	8	214	110	207	183	496
IODOLM_01554	contig_1	1639080	1639964	+	885	7	87	46	102	80	168
IODOLM_01555	contig_1	1639957	1640610	+	654	4	80	57	105	107	269
IODOLM_01556	contig_1	1641017	1641301	-	285	144	6825	3678	851	684	1608
IODOLM_01557	contig_1	1641447	1642457	-	1011	57	3289	2071	4255	3562	7382
IODOLM_01558	contig_1	1642591	1644288	-	1698	115	3216	1970	5459	4724	10235
IODOLM_01559	contig_1	1644445	1644582	-	138	37	2455	1327	20027	15799	30313
IODOLM_01560	contig_1	1644684	1644899	-	216	1	22	6	113	87	269
IODOLM_01561	contig_1	1645244	1645675	+	432	77	2406	1241	4839	3791	8646
IODOLM_01562	contig_1	1645731	1646657	-	927	5	210	124	102	80	216
IODOLM_01563	contig_1	1646650	1647636	-	987	6	201	120	83	87	206
IODOLM_01564	contig_1	1647633	1648529	-	897	4	141	86	83	92	207
IODOLM_01565	contig_1	1648526	1649548	-	1023	3	61	27	60	51	129
IODOLM_01566	contig_1	1649550	1651100	-	1551	3	112	67	100	97	211
IODOLM_01567	contig_1	1651114	1651695	-	582	0	9	5	42	44	94
IODOLM_01568	contig_1	1651953	1654352	-	2400	11	463	269	869	826	2135
IODOLM_01569	contig_1	1654377	1655759	-	1383	11	278	178	1153	1082	3045
IODOLM_01570	contig_1	1656123	1657442	-	1320	3	150	84	372	308	750
IODOLM_01571	contig_1	1657573	1659108	-	1536	24	1267	1251	1119	864	1847
IODOLM_01572	contig_1	1659264	1660664	-	1401	31	1760	1795	1554	1139	2328
IODOLM_01573	contig_1	1661026	1663809	-	2784	3	83	48	265	267	608
IODOLM_01574	contig_1	1663866	1666238	-	2373	1	53	25	169	150	345
IODOLM_01575	contig_1	1666276	1667961	-	1686	0	11	4	41	38	123
IODOLM_01576	contig_1	1668252	1669409	-	1158	0	26	10	53	44	140
IODOLM_01577	contig_1	1669461	1671143	-	1683	4	33	23	66	53	140
IODOLM_01578	contig_1	1671545	1672306	-	762	1	12	5	14	19	66
IODOLM_01579	contig_1	1672381	1672578	-	198	0	1	0	2	2	6
IODOLM_01580	contig_1	1672826	1675105	-	2280	9	302	161	539	537	1367
IODOLM_01581	contig_1	1675439	1676353	-	915	0	5	2	44	27	89
IODOLM_01582	contig_1	1676412	1676915	-	504	0	3	2	21	7	34
IODOLM_01583	contig_1	1676928	1677650	-	723	1	5	1	9	16	50
IODOLM_01584	contig_1	1678503	1679825	-	1323	13	336	190	685	655	2076
IODOLM_01585	contig_1	1679825	1680091	-	267	8	96	67	248	215	527
IODOLM_01586	contig_1	1680314	1681714	-	1401	75	1110	720	283	264	660
IODOLM_01587	contig_1	1681758	1685735	-	3978	120	1429	900	192	232	572
IODOLM_01588	contig_1	1686266	1687858	-	1593	10	398	224	456	404	1183
IODOLM_01589	contig_1	1687937	1688890	-	954	8	213	151	443	435	1163
IODOLM_01590	contig_1	1689139	1690674	+	1536	0	38	23	75	107	168
IODOLM_01591	contig_1	1690668	1691696	+	1029	1	71	34	62	45	129
IODOLM_01592	contig_1	1691696	1692688	+	993	0	43	36	53	54	110
IODOLM_01593	contig_1	1692700	1693722	+	1023	3	81	55	67	81	187
IODOLM_01594	contig_1	1693749	1694624	+	876	4	87	56	111	120	243
IODOLM_01595	contig_1	1694648	1694938	+	291	1	72	26	64	69	154
IODOLM_01596	contig_1	1694995	1695753	+	759	7	237	139	1021	812	2228
IODOLM_01597	contig_1	1695757	1696671	-	915	18	281	155	339	317	676
IODOLM_01598	contig_1	1696878	1698329	-	1452	13	485	252	384	318	793
IODOLM_01599	contig_1	1698556	1699503	-	948	19	1026	642	529	496	1086
IODOLM_01600	contig_1	1699615	1699974	-	360	20	253	150	123	105	199
IODOLM_01601	contig_1	1699974	1700900	-	927	45	877	601	374	336	791
IODOLM_01602	contig_1	1700964	1702352	-	1389	90	1591	867	411	361	851
IODOLM_01603	contig_1	1702453	1703334	+	882	8	203	113	310	320	681
IODOLM_01604	contig_1	1703412	1704527	+	1116	1	7	5	18	18	50
IODOLM_01605	contig_1	1704677	1705867	+	1191	66	1632	825	471	444	1074
IODOLM_01606	contig_1	1705892	1706557	-	666	58	1196	559	911	802	1673
IODOLM_01607	contig_1	1706769	1707203	+	435	3	92	52	158	149	360
IODOLM_01608	contig_1	1707223	1707606	+	384	9	150	95	275	223	509
IODOLM_01609	contig_1	1707638	1707856	+	219	1	43	23	58	37	96
IODOLM_01610	contig_1	1707887	1708786	-	900	77	1339	669	587	566	1368
IODOLM_01611	contig_1	1708981	1710168	+	1188	13	721	327	490	463	1051
IODOLM_01612	contig_1	1710295	1710390	+	96	44	830	323	1788	1599	3506
IODOLM_01613	contig_1	1710609	1711499	-	891	26	659	382	995	866	2164
IODOLM_01614	contig_1	1711754	1712146	-	393	13	334	171	861	683	1701
IODOLM_01615	contig_1	1712422	1712940	+	519	6	85	53	378	371	918
IODOLM_01616	contig_1	1712984	1715029	-	2046	140	4298	2515	1775	1678	3830
IODOLM_01617	contig_1	1715166	1715912	+	747	110	3881	2039	2941	2736	5977
IODOLM_01618	contig_1	1716001	1716687	+	687	81	2134	1258	1370	1102	2900
IODOLM_01619	contig_1	1716864	1717067	+	204	2	156	109	536	376	783
IODOLM_01620	contig_1	1717102	1718562	-	1461	3	127	69	318	325	797
IODOLM_01621	contig_1	1718651	1719934	-	1284	9	117	67	451	388	1005
IODOLM_01622	contig_1	1720721	1720954	+	234	15	104	56	6212	6033	12150
IODOLM_01623	contig_1	1721271	1721861	+	591	7	151	86	729	695	1656
IODOLM_01624	contig_1	1721959	1722534	-	576	1	22	10	43	40	96
IODOLM_01625	contig_1	1722534	1723496	-	963	0	38	24	37	32	77
IODOLM_01626	contig_1	1723447	1724016	-	570	1	57	32	24	23	64
IODOLM_01627	contig_1	1724696	1725106	+	411	1	3	4	14	17	30
IODOLM_01628	contig_1	1725258	1725431	-	174	42	628	325	765	597	948
IODOLM_01629	contig_1	1725837	1725902	-	66	4	89	41	47	37	101
IODOLM_01630	contig_1	1726104	1726316	-	213	106	1628	760	508	621	1082
IODOLM_01631	contig_1	1726679	1727176	-	498	0	17	12	16	8	32
IODOLM_01632	contig_1	1727173	1727706	-	534	1	23	15	29	33	50
IODOLM_01633	contig_1	1727703	1728014	-	312	3	28	15	14	26	48
IODOLM_01634	contig_1	1728019	1728225	-	207	0	19	7	18	21	47
IODOLM_01635	contig_1	1728267	1728386	+	120	0	0	1	0	1	1
IODOLM_01636	contig_1	1728988	1729203	-	216	279	7154	3492	2879	3103	7034
IODOLM_01637	contig_1	1729504	1729716	+	213	4	137	90	330	293	751
IODOLM_01638	contig_1	1730138	1730890	-	753	15	217	80	70	73	194
IODOLM_01639	contig_1	1730904	1731953	-	1050	4	51	26	128	104	314
IODOLM_01640	contig_1	1732300	1732551	-	252	2	65	33	136	161	339
IODOLM_01641	contig_1	1732768	1732923	-	156	89	2379	1111	3832	4175	9828
IODOLM_01642	contig_1	1732995	1733282	-	288	66	2334	1210	3271	3788	8148
IODOLM_01643	contig_1	1733282	1733521	-	240	57	1407	766	1427	1852	4142
IODOLM_01644	contig_1	1734054	1734386	+	333	1	7	4	42	45	116
IODOLM_01645	contig_1	1734771	1734998	-	228	0	40	11	35	37	103
IODOLM_01646	contig_1	1734995	1735285	-	291	1	26	11	26	19	79
IODOLM_01647	contig_1	1735269	1735499	-	231	2	14	10	26	27	47
IODOLM_01648	contig_1	1735583	1735990	+	408	32	481	352	761	635	1589
IODOLM_01649	contig_1	1736157	1736312	+	156	3	81	49	496	409	1002
IODOLM_01650	contig_1	1736314	1736442	+	129	2	50	32	286	203	438
IODOLM_01651	contig_1	1736472	1736690	+	219	8	227	90	795	581	1549
IODOLM_01652	contig_1	1736694	1736858	-	165	0	4	2	20	8	47
IODOLM_01653	contig_1	1737258	1737446	+	189	0	41	20	101	91	189
IODOLM_01654	contig_1	1737443	1737634	+	192	3	40	23	137	102	205
IODOLM_01655	contig_1	1737727	1738647	+	921	11	347	172	672	515	1384
IODOLM_01656	contig_1	1738644	1739186	+	543	34	743	428	367	337	768
IODOLM_01657	contig_1	1739161	1739682	+	522	3	54	26	242	195	486
IODOLM_01658	contig_1	1739516	1740421	-	906	85	1536	954	805	727	1740
IODOLM_01659	contig_1	1740379	1740744	-	366	51	893	522	498	442	971
IODOLM_01660	contig_1	1740755	1741693	+	939	0	31	21	130	95	261
IODOLM_01661	contig_1	1741881	1742900	-	1020	0	50	11	41	37	100
IODOLM_01662	contig_1	1742912	1744126	-	1215	0	27	21	22	22	56
IODOLM_01663	contig_1	1744332	1744658	-	327	3	130	76	135	147	339
IODOLM_01664	contig_1	1744793	1745134	+	342	12	182	115	1232	1171	2697
IODOLM_01665	contig_1	1745169	1745729	+	561	7	180	123	615	580	1340
IODOLM_01666	contig_1	1745732	1746478	-	747	13	249	127	679	585	1689
IODOLM_01667	contig_1	1746550	1746855	+	306	1	64	29	471	342	1171
IODOLM_01668	contig_1	1747054	1749480	+	2427	6	120	85	192	150	305
IODOLM_01669	contig_1	1749568	1751964	+	2397	11	454	250	388	343	832
IODOLM_01670	contig_1	1751975	1752592	+	618	2	105	80	125	99	257
IODOLM_01671	contig_1	1752594	1753448	+	855	43	989	484	520	493	1122
IODOLM_01672	contig_1	1753491	1754105	+	615	41	935	589	498	461	1179
IODOLM_01673	contig_1	1754300	1755556	+	1257	11	353	226	219	216	502
IODOLM_01674	contig_1	1755509	1756204	-	696	27	862	606	830	697	1494
IODOLM_01675	contig_1	1756329	1757549	-	1221	44	779	436	563	743	1510
IODOLM_01676	contig_1	1757684	1758577	-	894	6	166	103	220	205	550
IODOLM_01677	contig_1	1758684	1759937	+	1254	59	2098	1130	1766	1088	2882
IODOLM_01678	contig_1	1760361	1760669	+	309	0	28	11	29	35	71
IODOLM_01679	contig_1	1760762	1760845	+	84	0	1	1	5	1	9
IODOLM_01680	contig_1	1760945	1761766	+	822	43	1446	654	2844	2506	6419
IODOLM_01681	contig_1	1761805	1762134	-	330	2	87	55	152	128	286
IODOLM_01682	contig_1	1762121	1762486	-	366	4	99	92	292	234	531
IODOLM_01683	contig_1	1762898	1763932	+	1035	13	216	114	175	197	474
IODOLM_01684	contig_1	1763957	1765345	-	1389	101	2316	1351	4589	4356	9588
IODOLM_01685	contig_1	1765356	1766888	-	1533	138	2501	1553	5876	5542	12219
IODOLM_01686	contig_1	1767412	1768356	+	945	117	3513	2126	1532	1603	3202
IODOLM_01687	contig_1	1768542	1769924	+	1383	18	427	275	434	394	1022
IODOLM_01688	contig_1	1769961	1770683	+	723	8	427	241	471	429	1069
IODOLM_01689	contig_1	1770680	1771015	-	336	11	276	144	199	192	404
IODOLM_01690	contig_1	1771144	1771863	+	720	43	1196	655	1191	1005	2463
IODOLM_01691	contig_1	1771867	1773168	+	1302	85	2625	1408	1273	1071	2502
IODOLM_01692	contig_1	1773244	1774173	+	930	3	156	79	260	212	484
IODOLM_01693	contig_1	1774170	1775573	-	1404	14	448	274	519	472	1354
IODOLM_01694	contig_1	1775716	1777362	-	1647	54	1303	667	1805	1821	3780
IODOLM_01695	contig_1	1777561	1778736	+	1176	46	1738	1121	1177	1021	2311
IODOLM_01696	contig_1	1778837	1780345	+	1509	135	3250	1860	13879	11188	26625
IODOLM_01697	contig_1	1780571	1781836	-	1266	5	42	32	100	84	278
IODOLM_01698	contig_1	1781875	1783248	-	1374	1	94	54	45	61	108
IODOLM_01699	contig_1	1783245	1785056	-	1812	12	382	226	206	207	384
IODOLM_01700	contig_1	1785447	1786025	-	579	25	519	321	993	786	2311
IODOLM_01701	contig_1	1786258	1787025	-	768	15	675	321	5214	4497	10533
IODOLM_01702	contig_1	1787137	1788165	-	1029	12	374	238	535	489	1312
IODOLM_01703	contig_1	1788340	1789932	+	1593	1	125	63	155	167	342
IODOLM_01704	contig_1	1789942	1791114	+	1173	27	753	474	633	576	1322
IODOLM_01705	contig_1	1791218	1792219	+	1002	55	2567	1254	579	518	1305
IODOLM_01706	contig_1	1792253	1793293	-	1041	21	430	231	502	407	1057
IODOLM_01707	contig_1	1793544	1793759	+	216	30	674	505	2997	2754	6685
IODOLM_01708	contig_1	1793845	1794285	+	441	25	922	587	3288	2913	7087
IODOLM_01709	contig_1	1794362	1794943	+	582	14	462	282	832	778	1820
IODOLM_01710	contig_1	1794943	1795521	+	579	26	562	353	882	859	2458
IODOLM_01711	contig_1	1795514	1797736	+	2223	78	2171	1626	2326	2418	5829
IODOLM_01712	contig_1	1797737	1798795	+	1059	17	757	646	1551	1623	3402
IODOLM_01713	contig_1	1798799	1799419	+	621	11	432	338	904	964	2064
IODOLM_01714	contig_1	1799423	1800118	+	696	7	405	303	1046	1229	2595
IODOLM_01715	contig_1	1800118	1800753	+	636	4	213	167	1078	1017	2466
IODOLM_01716	contig_1	1800881	1801081	+	201	0	7	4	56	45	104
IODOLM_01717	contig_1	1801364	1802866	+	1503	284	9268	6173	18280	15484	29646
IODOLM_01718	contig_1	1802972	1803577	+	606	37	1690	932	901	899	2084
IODOLM_01719	contig_1	1803621	1804481	-	861	54	1142	734	1117	977	2170
IODOLM_01720	contig_1	1804543	1805817	-	1275	542	14403	8765	5510	5455	12423
IODOLM_01721	contig_1	1805946	1806602	-	657	50	1508	973	1112	934	2188
IODOLM_01722	contig_1	1806661	1806984	-	324	5	133	110	129	106	281
IODOLM_01723	contig_1	1807088	1808197	-	1110	58	1550	906	490	531	1134
IODOLM_01724	contig_1	1808471	1808938	+	468	234	5565	2743	5771	5018	10776
IODOLM_01725	contig_1	1808985	1809419	-	435	272	4536	2669	2825	2814	6188
IODOLM_01726	contig_1	1809620	1809856	+	237	1	92	43	90	75	222
IODOLM_01727	contig_1	1809859	1810716	+	858	5	138	90	174	187	429
IODOLM_01728	contig_1	1810716	1812728	+	2013	14	367	273	344	285	778
IODOLM_01729	contig_1	1812729	1813250	-	522	20	1309	633	1496	1173	2818
IODOLM_01730	contig_1	1813331	1814227	-	897	48	1599	857	884	724	1709
IODOLM_01731	contig_1	1814276	1814515	-	240	6	103	54	111	83	216
IODOLM_01732	contig_1	1814618	1815217	+	600	6	303	122	136	130	310
IODOLM_01733	contig_1	1815254	1816351	+	1098	22	718	385	805	718	1724
IODOLM_01734	contig_1	1816432	1816839	+	408	16	431	238	861	678	1626
IODOLM_01735	contig_1	1816942	1817589	+	648	9	761	524	645	564	1397
IODOLM_01736	contig_1	1817682	1822298	+	4617	139	6022	4008	2225	1978	4636
IODOLM_01737	contig_1	1822349	1822696	-	348	95	3673	1980	1532	1577	3390
IODOLM_01738	contig_1	1823030	1823845	+	816	6	136	98	224	198	487
IODOLM_01739	contig_1	1823973	1824554	+	582	45	1221	735	2037	1941	4718
IODOLM_01740	contig_1	1824716	1825885	-	1170	60	1245	671	933	918	2192
IODOLM_01741	contig_1	1826051	1826140	-	90	9	575	265	645	616	1491
IODOLM_01742	contig_1	1826439	1827464	+	1026	67	1967	1361	3274	3129	8190
IODOLM_01743	contig_1	1827461	1828393	-	933	25	559	314	288	272	584
IODOLM_01744	contig_1	1828506	1829717	+	1212	11	464	250	225	253	692
IODOLM_01745	contig_1	1830008	1831156	+	1149	194	7835	4702	16310	15227	34452
IODOLM_01746	contig_1	1831196	1831837	-	642	127	3177	1589	1295	1190	2850
IODOLM_01747	contig_1	1832052	1833425	+	1374	38	1740	1051	1392	1325	3404
IODOLM_01748	contig_1	1833466	1834722	-	1257	151	3916	2363	3747	3457	7849
IODOLM_01749	contig_1	1835295	1835600	+	306	22	957	571	1388	1181	2681
IODOLM_01750	contig_1	1835726	1837330	+	1605	10	417	228	1087	883	2036
IODOLM_01751	contig_1	1837342	1838106	-	765	10	130	89	89	63	190
IODOLM_01752	contig_1	1838158	1838943	-	786	10	142	85	87	63	177
IODOLM_01753	contig_1	1838940	1839608	-	669	4	80	50	47	41	145
IODOLM_01754	contig_1	1839672	1840310	-	639	8	87	54	67	61	125
IODOLM_01755	contig_1	1840323	1842425	-	2103	5	66	43	46	47	136
IODOLM_01756	contig_1	1842446	1843072	-	627	1	8	3	12	13	44
IODOLM_01757	contig_1	1843527	1843736	-	210	3	288	149	222	199	471
IODOLM_01758	contig_1	1844293	1845705	+	1413	429	17852	11063	21632	18206	36479
IODOLM_01759	contig_1	1846016	1846252	+	237	3663	65505	30325	48750	43302	110236
IODOLM_01760	contig_1	1846316	1847320	-	1005	68	1525	832	3729	3124	7549
IODOLM_01761	contig_1	1847469	1847885	-	417	9	280	213	323	223	506
IODOLM_01762	contig_1	1847898	1849118	-	1221	43	1659	1067	1063	851	1984
IODOLM_01763	contig_1	1849115	1850386	-	1272	63	2111	1316	1164	991	2415
IODOLM_01764	contig_1	1850361	1851107	-	747	26	949	577	513	469	1149
IODOLM_01765	contig_1	1851117	1852604	-	1488	75	2154	1341	1243	1083	2846
IODOLM_01766	contig_1	1852613	1852981	-	369	26	619	312	460	483	1018
IODOLM_01767	contig_1	1853529	1853717	-	189	70	1292	1015	3047	2655	5460
IODOLM_01768	contig_1	1853817	1854227	-	411	32	616	434	561	537	1184
IODOLM_01769	contig_1	1854224	1857280	-	3057	125	4685	3460	4609	4449	10088
IODOLM_01770	contig_1	1857669	1858781	+	1113	93	2658	1550	1785	1637	3733
IODOLM_01771	contig_1	1859210	1859566	+	357	0	10	4	14	15	23
IODOLM_01772	contig_1	1859666	1860880	+	1215	0	3	2	27	31	72
IODOLM_01773	contig_1	1861107	1862372	+	1266	0	5	4	84	68	260
IODOLM_01774	contig_1	1862384	1863250	+	867	2	71	25	191	139	389
IODOLM_01775	contig_1	1863281	1864039	+	759	21	978	551	502	500	921
IODOLM_01776	contig_1	1864182	1865777	+	1596	3	56	29	32	41	101
IODOLM_01777	contig_1	1865791	1866942	+	1152	2	72	35	63	53	131
IODOLM_01778	contig_1	1866985	1867896	-	912	1	113	50	127	142	354
IODOLM_01779	contig_1	1867999	1868175	-	177	0	4	2	12	16	29
IODOLM_01780	contig_1	1868212	1868976	+	765	0	24	22	19	16	56
IODOLM_01781	contig_1	1868996	1869934	+	939	0	107	74	86	75	174
IODOLM_01782	contig_1	1869990	1871279	+	1290	4	137	84	62	53	136
IODOLM_01783	contig_1	1871276	1871569	+	294	0	17	22	8	8	20
IODOLM_01784	contig_1	1871626	1873272	+	1647	3	123	74	67	79	170
IODOLM_01785	contig_1	1873329	1875707	-	2379	44	1093	694	859	820	1834
IODOLM_01786	contig_1	1876040	1876873	+	834	10	400	244	508	525	1155
IODOLM_01787	contig_1	1877030	1878076	+	1047	52	1734	1074	2219	1891	3528
IODOLM_01788	contig_1	1878208	1878399	+	192	1	95	43	217	191	569
IODOLM_01789	contig_1	1878403	1879839	-	1437	89	2037	1358	1483	1324	2871
IODOLM_01790	contig_1	1879902	1880615	-	714	11	311	148	495	468	1048
IODOLM_01791	contig_1	1880862	1881326	-	465	29	679	333	995	780	1797
IODOLM_01792	contig_1	1881404	1882153	-	750	25	654	374	1502	1070	2575
IODOLM_01793	contig_1	1882153	1882704	-	552	45	925	528	1963	1672	3681
IODOLM_01794	contig_1	1882767	1883747	-	981	14	398	205	791	641	1558
IODOLM_01795	contig_1	1883848	1884147	-	300	598	20064	10343	15412	15419	34279
IODOLM_01796	contig_1	1884152	1886539	-	2388	545	15866	9717	17986	16442	35836
IODOLM_01797	contig_1	1886554	1887537	-	984	92	2696	1920	5391	5141	10510
IODOLM_01798	contig_1	1887988	1888344	-	357	933	31698	19618	32692	32223	63012
IODOLM_01799	contig_1	1888397	1888594	-	198	974	27065	16108	25207	20489	42368
IODOLM_01800	contig_1	1888691	1889125	-	435	2791	65400	38973	55094	51411	103909
IODOLM_01801	contig_1	1889237	1891165	-	1929	2818	62374	37881	50930	46572	102760
IODOLM_01802	contig_1	1891689	1892162	+	474	0	2	1	34	22	67
IODOLM_01803	contig_1	1892422	1893588	+	1167	0	6	2	45	33	97
IODOLM_01804	contig_1	1893760	1893867	+	108	3	43	17	55	57	92
IODOLM_01805	contig_1	1893920	1894678	-	759	4	138	71	330	309	656
IODOLM_01806	contig_1	1894965	1895894	+	930	36	1804	1121	3532	2965	6553
IODOLM_01807	contig_1	1895995	1896285	+	291	40	929	540	2074	1822	4060
IODOLM_01808	contig_1	1896391	1897251	+	861	92	2796	1621	4491	3876	8762
IODOLM_01809	contig_1	1897292	1897828	-	537	124	2469	1238	1091	1059	2325
IODOLM_01810	contig_1	1897975	1898643	+	669	18	396	243	532	557	1280
IODOLM_01811	contig_1	1898806	1899396	+	591	0	30	24	107	116	315
IODOLM_01812	contig_1	1899529	1900920	+	1392	17	679	414	2930	2552	6664
IODOLM_01813	contig_1	1900924	1901727	-	804	0	18	9	27	18	45
IODOLM_01814	contig_1	1902016	1902279	-	264	2	64	38	90	88	198
IODOLM_01815	contig_1	1902462	1904723	+	2262	94	5115	2962	7353	5701	12642
IODOLM_01816	contig_1	1904981	1905730	-	750	24	750	432	411	372	877
IODOLM_01817	contig_1	1905743	1907095	-	1353	14	240	159	277	246	628
IODOLM_01818	contig_1	1907200	1908039	-	840	13	257	121	306	286	722
IODOLM_01819	contig_1	1908050	1908400	-	351	7	121	75	119	85	261
IODOLM_01820	contig_1	1908451	1909809	-	1359	5	298	163	384	370	825
IODOLM_01821	contig_1	1909894	1910214	-	321	20	475	246	512	496	1044
IODOLM_01822	contig_1	1910513	1910851	-	339	71	1851	814	5826	4911	11897
IODOLM_01823	contig_1	1911053	1911880	+	828	117	4048	2414	1853	1754	3844
IODOLM_01824	contig_1	1912110	1912997	+	888	17	700	435	345	292	749
IODOLM_01825	contig_1	1912957	1913532	-	576	1	34	25	36	28	79
IODOLM_01826	contig_1	1913735	1914220	-	486	9	350	167	510	379	1063
IODOLM_01827	contig_1	1914550	1915518	-	969	12	314	211	330	294	664
IODOLM_01828	contig_1	1915511	1916854	-	1344	14	337	217	562	428	1153
IODOLM_01829	contig_1	1916851	1918329	-	1479	7	251	126	630	518	1306
IODOLM_01830	contig_1	1918326	1919360	-	1035	3	105	60	484	428	1198
IODOLM_01831	contig_1	1919357	1920577	-	1221	10	132	62	787	618	1832
IODOLM_01832	contig_1	1921023	1921829	+	807	34	859	437	525	517	1142
IODOLM_01833	contig_1	1921996	1922706	+	711	0	12	3	42	25	91
IODOLM_01834	contig_1	1922711	1923388	+	678	1	35	19	43	34	79
IODOLM_01835	contig_1	1923403	1924110	+	708	1	129	68	105	86	252
IODOLM_01836	contig_1	1924110	1924658	+	549	9	370	180	144	145	349
IODOLM_01837	contig_1	1924668	1925834	+	1167	25	918	584	397	289	707
IODOLM_01838	contig_1	1925807	1927342	+	1536	12	627	369	278	215	583
IODOLM_01839	contig_1	1927342	1927995	+	654	11	321	166	170	156	354
IODOLM_01840	contig_1	1928062	1929369	+	1308	9	182	129	225	158	414
IODOLM_01841	contig_1	1929378	1929998	-	621	5	323	184	183	206	519
IODOLM_01842	contig_1	1930085	1930492	+	408	5	182	80	97	75	242
IODOLM_01843	contig_1	1930458	1930730	-	273	3	115	54	83	92	187
IODOLM_01844	contig_1	1930966	1932309	+	1344	208	4987	2979	6990	6619	13469
IODOLM_01845	contig_1	1932426	1933466	-	1041	5	145	88	154	119	309
IODOLM_01846	contig_1	1933594	1935555	-	1962	127	3002	1839	1844	1667	3842
IODOLM_01847	contig_1	1935560	1936603	-	1044	156	4539	2464	2270	2111	4765
IODOLM_01848	contig_1	1936720	1937271	-	552	62	1710	871	978	1125	2486
IODOLM_01849	contig_1	1937432	1939288	+	1857	171	4585	2705	1435	1428	2893
IODOLM_01850	contig_1	1939455	1940471	+	1017	41	1509	951	1093	1033	2206
IODOLM_01851	contig_1	1940482	1941123	+	642	32	1285	766	604	618	1288
IODOLM_01852	contig_1	1941216	1942574	-	1359	2	56	24	129	110	298
IODOLM_01853	contig_1	1942691	1943449	-	759	8	199	102	365	376	927
IODOLM_01854	contig_1	1943586	1944566	-	981	3	125	58	170	171	468
IODOLM_01855	contig_1	1944576	1945523	-	948	0	31	22	93	94	179
IODOLM_01856	contig_1	1945528	1946364	-	837	2	21	20	112	104	210
IODOLM_01857	contig_1	1946385	1947428	-	1044	0	19	15	53	58	131
IODOLM_01858	contig_1	1947445	1948824	-	1380	1	30	22	37	36	76
IODOLM_01859	contig_1	1948851	1949927	-	1077	2	65	31	39	37	119
IODOLM_01860	contig_1	1950297	1950569	-	273	25	572	334	466	515	1177
IODOLM_01861	contig_1	1950611	1951024	-	414	33	944	471	699	838	1695
IODOLM_01862	contig_1	1951366	1952361	+	996	1867	54761	37504	99049	95656	179751
IODOLM_01863	contig_1	1952445	1953329	+	885	20	1093	726	1143	1059	1922
IODOLM_01864	contig_1	1953377	1954231	-	855	84	2219	1289	1323	1130	2379
IODOLM_01865	contig_1	1954321	1955067	-	747	62	3036	2088	2990	3072	5990
IODOLM_01866	contig_1	1955503	1957437	+	1935	245	7844	4254	10684	9020	21017
IODOLM_01867	contig_1	1957550	1958833	+	1284	60	2404	1356	2687	2275	6019
IODOLM_01868	contig_1	1958980	1960455	+	1476	1	19	8	45	40	101
IODOLM_01869	contig_1	1960636	1962126	+	1491	46	1212	743	1204	1252	3225
IODOLM_01870	contig_1	1962169	1962672	+	504	21	532	339	1121	1044	2504
IODOLM_01871	contig_1	1962947	1963393	+	447	4	113	66	402	418	998
IODOLM_01872	contig_1	1963350	1964168	-	819	10	298	155	257	212	599
IODOLM_01873	contig_1	1964268	1965449	+	1182	7	161	67	154	137	325
IODOLM_01874	contig_1	1965504	1965851	+	348	5	186	133	214	223	496
IODOLM_01875	contig_1	1965873	1966127	-	255	18	383	192	276	250	574
IODOLM_01876	contig_1	1966310	1967335	+	1026	88	1905	1032	1001	995	2175
IODOLM_01877	contig_1	1967469	1967543	+	75	14	188	68	88	76	226
IODOLM_01878	contig_1	1967602	1967850	-	249	62	1223	565	3630	3175	7352
IODOLM_01879	contig_1	1967998	1968180	-	183	0	30	18	27	32	74
IODOLM_01880	contig_1	1968184	1968543	-	360	1	28	10	57	49	111
IODOLM_01881	contig_1	1968716	1969354	-	639	10	428	212	721	774	1655
IODOLM_01882	contig_1	1969481	1970404	-	924	6	229	109	455	432	771
IODOLM_01883	contig_1	1970507	1971592	+	1086	11	481	273	157	164	304
IODOLM_01884	contig_1	1971798	1973228	+	1431	1	39	26	79	78	169
IODOLM_01885	contig_1	1973260	1974384	+	1125	1	73	53	82	44	152
IODOLM_01886	contig_1	1974440	1975405	+	966	7	242	127	90	78	232
IODOLM_01887	contig_1	1975459	1976574	-	1116	73	1899	1165	979	928	1894
IODOLM_01888	contig_1	1976656	1978407	-	1752	49	1024	676	1157	1117	2576
IODOLM_01889	contig_1	1978546	1979127	-	582	85	2109	1244	1626	1678	3237
IODOLM_01890	contig_1	1979167	1979862	-	696	68	1409	795	825	771	1888
IODOLM_01891	contig_1	1979920	1981830	-	1911	140	3315	1885	925	889	1995
IODOLM_01892	contig_1	1981959	1982306	+	348	26	513	327	661	598	1325
IODOLM_01893	contig_1	1982728	1983027	+	300	26	1012	530	1313	1220	3393
IODOLM_01894	contig_1	1983147	1983326	-	180	36	1006	522	350	320	888
IODOLM_01895	contig_1	1983400	1984761	+	1362	19	487	325	519	468	1232
IODOLM_01896	contig_1	1984765	1985343	+	579	7	361	241	403	373	894
IODOLM_01897	contig_1	1985527	1986891	+	1365	293	10808	6297	3453	3533	7451
IODOLM_01898	contig_1	1987022	1988620	+	1599	5	406	201	410	332	849
IODOLM_01899	contig_1	1988624	1990180	-	1557	287	7392	4665	2408	2137	4633
IODOLM_01900	contig_1	1990643	1991614	+	972	71	1591	1006	2620	2508	4130
IODOLM_01901	contig_1	1991677	1992477	+	801	53	1460	983	1692	1557	3453
IODOLM_01902	contig_1	1992490	1993341	+	852	61	2058	1260	2156	2021	4402
IODOLM_01903	contig_1	1993396	1993854	+	459	1	85	54	111	84	218
IODOLM_01904	contig_1	1994283	1994849	+	567	1	20	6	23	32	64
IODOLM_01905	contig_1	1994846	1995655	-	810	81	1874	1156	1014	930	2082
IODOLM_01906	contig_1	1995821	1996030	-	210	626	15557	7732	11450	11640	19854
IODOLM_01907	contig_1	1996856	1997143	-	288	63	2585	1204	728	725	1700
IODOLM_01908	contig_1	1997520	1997759	+	240	4	248	106	299	219	636
IODOLM_01909	contig_1	1997903	1998694	-	792	82	1090	619	919	854	2028
IODOLM_01910	contig_1	1998871	2000244	+	1374	4	265	176	181	154	372
IODOLM_01911	contig_1	2000290	2001171	-	882	273	7194	4001	8305	8875	17758
IODOLM_01912	contig_1	2001363	2003411	-	2049	613	15034	9306	5827	5845	12289
IODOLM_01913	contig_1	2003431	2004129	-	699	364	8115	5204	5903	5419	12087
IODOLM_01914	contig_1	2004226	2004777	-	552	163	2428	1344	1670	1584	3911
IODOLM_01915	contig_1	2004853	2006136	+	1284	34	755	433	753	632	1578
IODOLM_01916	contig_1	2006105	2008738	+	2634	82	2535	1550	1994	1810	3981
IODOLM_01917	contig_1	2008812	2010257	+	1446	42	976	645	650	653	1188
IODOLM_01918	contig_1	2010375	2010611	+	237	365	8375	4946	9718	7732	17305
IODOLM_01919	contig_1	2010632	2010907	+	276	9	331	211	922	831	2101
IODOLM_01920	contig_1	2010908	2011564	-	657	41	724	372	1191	952	2565
IODOLM_01921	contig_1	2011960	2012301	-	342	60	1234	703	1342	1297	2844
IODOLM_01922	contig_1	2012314	2013186	-	873	74	2010	1190	2927	2429	5790
IODOLM_01923	contig_1	2013190	2013564	-	375	27	945	514	2103	1830	4651
IODOLM_01924	contig_1	2013703	2013933	+	231	8	152	82	155	157	420
IODOLM_01925	contig_1	2014035	2014691	+	657	17	461	257	436	417	980
IODOLM_01926	contig_1	2014715	2015377	+	663	39	909	573	716	698	1644
IODOLM_01927	contig_1	2015374	2017434	-	2061	84	2265	1319	1150	981	2302
IODOLM_01928	contig_1	2017643	2018302	-	660	77	2232	1031	589	517	1213
IODOLM_01929	contig_1	2018362	2018472	+	111	1	19	5	29	13	50
IODOLM_01930	contig_1	2018629	2018985	-	357	15	466	250	1436	1163	2568
IODOLM_01931	contig_1	2019052	2019342	-	291	19	511	258	358	300	706
IODOLM_01932	contig_1	2019476	2020654	+	1179	9	235	244	851	847	1511
IODOLM_01933	contig_1	2020710	2021351	-	642	64	2147	1355	1957	1916	3826
IODOLM_01934	contig_1	2021388	2023199	-	1812	48	1472	896	1314	1170	2621
IODOLM_01935	contig_1	2023434	2024909	-	1476	436	11848	7236	2694	2747	5747
IODOLM_01936	contig_1	2025075	2025224	-	150	1	125	59	49	54	113
IODOLM_01937	contig_1	2025247	2026116	+	870	45	1070	708	851	716	1596
IODOLM_01938	contig_1	2026244	2027686	+	1443	191	7086	4497	6517	5804	11943
IODOLM_01939	contig_1	2027817	2028788	-	972	65	1624	990	1526	1292	3268
IODOLM_01940	contig_1	2028908	2030230	-	1323	139	3875	2481	6371	6400	14434
IODOLM_01941	contig_1	2030246	2031232	-	987	125	2329	1363	5095	5318	12171
IODOLM_01942	contig_1	2031257	2032012	+	756	35	771	476	1126	1104	2625
IODOLM_01943	contig_1	2032009	2032794	+	786	25	823	456	781	711	1820
IODOLM_01944	contig_1	2032941	2033951	-	1011	98	2617	1511	1154	1076	2486
IODOLM_01945	contig_1	2033960	2034571	-	612	82	1478	843	562	583	1480
IODOLM_01946	contig_1	2034710	2034775	-	66	0	2	5	1	2	10
IODOLM_01947	contig_1	2034846	2035448	+	603	0	11	9	39	17	65
IODOLM_01948	contig_1	2035450	2035971	-	522	32	1076	749	1438	1317	3258
IODOLM_01949	contig_1	2036006	2036746	-	741	201	4604	2924	3825	3848	8604
IODOLM_01950	contig_1	2036775	2037284	-	510	149	2828	1895	2149	2140	5379
IODOLM_01951	contig_1	2037345	2039117	-	1773	281	12939	8249	7927	8067	17869
IODOLM_01952	contig_1	2039427	2039993	+	567	7	453	234	590	552	1178
IODOLM_01953	contig_1	2039990	2040808	+	819	7	238	138	278	245	663
IODOLM_01954	contig_1	2040861	2041256	+	396	15	449	255	887	805	1704
IODOLM_01955	contig_1	2041297	2042040	+	744	19	664	430	580	613	1539
IODOLM_01956	contig_1	2042037	2043008	+	972	64	1677	953	912	846	2173
IODOLM_01957	contig_1	2043173	2045602	-	2430	7	236	149	132	138	387
IODOLM_01958	contig_1	2045627	2046727	-	1101	3	26	9	21	22	87
IODOLM_01959	contig_1	2047115	2047861	-	747	109	2782	1603	2792	2830	6761
IODOLM_01960	contig_1	2047875	2048441	-	567	54	1291	733	469	417	980
IODOLM_01961	contig_1	2048657	2050390	+	1734	249	5232	3077	2626	2448	5285
IODOLM_01962	contig_1	2050567	2051055	+	489	1	30	18	43	42	105
IODOLM_01963	contig_1	2051175	2051567	-	393	0	15	9	17	13	53
IODOLM_01964	contig_1	2051567	2053645	-	2079	15	459	230	181	181	398
IODOLM_01965	contig_1	2053638	2054786	-	1149	4	65	43	43	46	129
IODOLM_01966	contig_1	2054988	2055632	-	645	3	181	97	90	92	167
IODOLM_01967	contig_1	2055643	2056032	-	390	9	83	56	44	41	96
IODOLM_01968	contig_1	2056047	2057096	-	1050	4	69	48	27	29	79
IODOLM_01969	contig_1	2057099	2057959	-	861	3	46	31	34	31	81
IODOLM_01970	contig_1	2057978	2059579	-	1602	1	73	49	50	33	116
IODOLM_01971	contig_1	2059625	2061286	-	1662	4	30	15	42	41	77
IODOLM_01972	contig_1	2061431	2061934	-	504	3	80	48	42	37	93
IODOLM_01973	contig_1	2061955	2063919	-	1965	8	130	80	64	68	151
IODOLM_01974	contig_1	2063924	2064850	-	927	4	35	27	33	36	60
IODOLM_01975	contig_1	2064847	2065734	-	888	2	45	24	50	40	83
IODOLM_01976	contig_1	2065938	2066453	-	516	1	114	60	208	292	371
IODOLM_01977	contig_1	2066456	2066806	-	351	5	125	103	220	337	334
IODOLM_01978	contig_1	2067250	2068230	-	981	27	1121	652	869	660	1674
IODOLM_01979	contig_1	2068785	2069213	+	429	10	209	113	392	334	729
IODOLM_01980	contig_1	2069220	2070644	-	1425	126	3297	1593	7919	6208	14595
IODOLM_01981	contig_1	2070619	2071419	-	801	59	1306	615	4727	3620	9272
IODOLM_01982	contig_1	2071586	2072572	-	987	5	284	158	191	174	416
IODOLM_01983	contig_1	2072587	2074101	-	1515	8	178	105	103	99	229
IODOLM_01984	contig_1	2074171	2075160	-	990	4	101	55	80	67	173
IODOLM_01985	contig_1	2075957	2076460	+	504	1	171	104	341	301	784
IODOLM_01986	contig_1	2076539	2076790	-	252	2	97	59	243	196	497
IODOLM_01987	contig_1	2077254	2077577	+	324	1	7	5	22	12	33
IODOLM_01988	contig_1	2077748	2078245	+	498	4	147	118	460	403	942
IODOLM_01989	contig_1	2078283	2078522	-	240	6	179	92	157	126	343
IODOLM_01990	contig_1	2078713	2079924	+	1212	16	352	206	249	252	550
IODOLM_01991	contig_1	2079986	2080651	-	666	454	10390	5536	1390	1326	2849
IODOLM_01992	contig_1	2081301	2081849	-	549	81	2384	1323	972	938	2117
IODOLM_01993	contig_1	2081906	2083738	-	1833	320	8628	5613	2428	2309	4984
IODOLM_01994	contig_1	2083735	2084391	-	657	105	2456	1437	1459	1511	3604
IODOLM_01995	contig_1	2084850	2085074	+	225	7	193	137	406	416	1048
IODOLM_01996	contig_1	2085142	2085864	-	723	88	2197	1176	1712	1673	4399
IODOLM_01997	contig_1	2086094	2086846	-	753	19	820	440	540	471	1273
IODOLM_01998	contig_1	2086843	2087511	-	669	6	350	195	459	418	1044
IODOLM_01999	contig_1	2087526	2088512	-	987	25	734	468	1353	1071	2875
IODOLM_02000	contig_1	2088617	2089474	-	858	43	1077	565	2542	2223	6428
IODOLM_02001	contig_1	2089505	2090056	-	552	2	29	8	60	44	129
IODOLM_02002	contig_1	2090102	2090821	-	720	2	17	10	26	29	53
IODOLM_02003	contig_1	2091142	2092638	-	1497	50	1497	902	1295	1283	2902
IODOLM_02004	contig_1	2092904	2094310	+	1407	2	37	25	74	49	239
IODOLM_02005	contig_1	2094335	2094745	+	411	1	27	9	38	36	81
IODOLM_02006	contig_1	2094745	2095110	+	366	0	23	17	20	26	47
IODOLM_02007	contig_1	2095188	2096675	+	1488	103	2031	1087	2842	2352	5326
IODOLM_02008	contig_1	2096709	2097122	-	414	48	1245	682	771	719	1751
IODOLM_02009	contig_1	2097309	2098514	+	1206	1	129	100	325	251	597
IODOLM_02010	contig_1	2098511	2098744	+	234	1	39	21	42	43	103
IODOLM_02011	contig_1	2098853	2099521	+	669	2	60	21	107	102	273
IODOLM_02012	contig_1	2099632	2100111	+	480	2	50	22	73	61	170
IODOLM_02013	contig_1	2100380	2100571	-	192	0	0	1	2	0	8
IODOLM_02014	contig_1	2101033	2101383	-	351	0	1	2	5	3	8
IODOLM_02015	contig_1	2101732	2102046	-	315	0	27	11	22	18	56
IODOLM_02016	contig_1	2102261	2103919	+	1659	0	22	16	23	19	61
IODOLM_02017	contig_1	2103912	2104907	+	996	1	101	58	46	47	134
IODOLM_02018	contig_1	2104900	2105586	+	687	0	28	24	47	29	98
IODOLM_02019	contig_1	2105586	2106959	+	1374	0	63	31	57	46	91
IODOLM_02020	contig_1	2106978	2107421	+	444	1	11	7	3	11	18
IODOLM_02021	contig_1	2107418	2108545	+	1128	2	41	24	28	33	71
IODOLM_02022	contig_1	2108650	2109114	+	465	1	18	13	18	8	39
IODOLM_02023	contig_1	2109119	2110123	+	1005	4	48	42	33	31	70
IODOLM_02024	contig_1	2110120	2110533	+	414	0	24	18	15	7	41
IODOLM_02025	contig_1	2110536	2110901	+	366	0	9	4	6	7	12
IODOLM_02026	contig_1	2110901	2111638	+	738	1	18	9	11	6	21
IODOLM_02027	contig_1	2111648	2111917	+	270	0	3	0	5	3	8
IODOLM_02028	contig_1	2111925	2112710	+	786	0	10	5	19	13	26
IODOLM_02029	contig_1	2113000	2113623	+	624	2	36	27	1445	1214	2623
IODOLM_02030	contig_1	2113667	2113855	-	189	5	339	148	170	160	449
IODOLM_02031	contig_1	2114018	2114245	+	228	119	3550	1656	2050	1590	3651
IODOLM_02032	contig_1	2114543	2115358	+	816	47	885	450	1728	1335	3741
IODOLM_02033	contig_1	2115355	2117049	-	1695	59	1557	939	1044	892	2306
IODOLM_02034	contig_1	2117220	2117402	-	183	291	5433	2853	213	255	564
IODOLM_02035	contig_1	2117481	2118398	-	918	119	2147	1187	557	587	1409
IODOLM_02036	contig_1	2118571	2119491	+	921	4	219	131	103	102	234
IODOLM_02037	contig_1	2119480	2119950	-	471	8	389	234	180	140	371
IODOLM_02038	contig_1	2119931	2121349	-	1419	98	2275	1204	944	874	2011
IODOLM_02039	contig_1	2121416	2122111	-	696	106	1770	890	1220	1146	2925
IODOLM_02040	contig_1	2122151	2122453	-	303	23	497	263	504	473	1131
IODOLM_02041	contig_1	2123083	2123568	+	486	11	180	81	261	236	547
IODOLM_02042	contig_1	2123788	2123880	+	93	2	17	12	41	38	98
IODOLM_02043	contig_1	2123886	2124275	+	390	3	91	40	74	78	207
IODOLM_02044	contig_1	2124867	2125718	+	852	17	1237	749	2842	2422	5625
IODOLM_02045	contig_1	2125826	2127184	-	1359	23	462	218	664	637	1611
IODOLM_02046	contig_1	2127184	2127966	-	783	17	343	206	353	331	774
IODOLM_02047	contig_1	2127988	2128401	+	414	0	17	12	78	63	143
IODOLM_02048	contig_1	2128510	2129514	+	1005	11	431	215	601	578	1405
IODOLM_02049	contig_1	2129515	2130150	+	636	8	181	96	221	212	501
IODOLM_02050	contig_1	2130407	2131057	+	651	7	237	148	1637	2067	5414
IODOLM_02051	contig_1	2131400	2131930	+	531	0	42	24	327	287	695
IODOLM_02052	contig_1	2132683	2133480	+	798	43	1434	849	443	499	862
IODOLM_02053	contig_1	2133780	2133929	+	150	0	3	1	1	0	6
IODOLM_02054	contig_1	2133943	2141046	+	7104	91	2251	1381	918	953	2165
IODOLM_02055	contig_1	2141656	2142360	-	705	0	8	4	19	9	43
IODOLM_02056	contig_1	2142675	2143991	+	1317	142	3129	1841	3622	3449	7228
IODOLM_02057	contig_1	2144093	2145547	+	1455	39	1278	831	2608	2407	4983
IODOLM_02058	contig_1	2145890	2146606	+	717	20	563	319	936	873	1848
IODOLM_02059	contig_1	2147235	2148689	-	1455	73	1581	978	561	577	1629
IODOLM_02060	contig_1	2148996	2149946	-	951	7	155	84	366	361	1005
IODOLM_02061	contig_1	2150048	2150965	-	918	4	166	92	250	189	510
IODOLM_02062	contig_1	2151423	2152358	-	936	26	793	504	1797	1524	4060
IODOLM_02063	contig_1	2152420	2153499	-	1080	69	1244	717	293	354	927
IODOLM_02064	contig_1	2153511	2154254	-	744	36	805	546	105	143	381
IODOLM_02065	contig_1	2154251	2154793	-	543	40	529	256	175	194	559
IODOLM_02066	contig_1	2155337	2156317	-	981	25	825	455	720	592	1477
IODOLM_02067	contig_1	2157667	2158059	+	393	0	25	10	308	193	631
IODOLM_02068	contig_1	2157984	2158889	-	906	74	1575	933	827	734	1731
IODOLM_02069	contig_1	2158847	2159212	-	366	43	832	513	438	492	1028
IODOLM_02070	contig_1	2159533	2160243	+	711	12	221	123	179	137	410
IODOLM_02071	contig_1	2160571	2163690	+	3120	15	845	533	366	587	1157
IODOLM_02072	contig_1	2163811	2165343	+	1533	8	268	173	188	203	439
IODOLM_02073	contig_1	2165340	2165786	+	447	1	47	33	25	35	87
IODOLM_02074	contig_1	2165849	2166070	+	222	0	8	2	14	8	25
IODOLM_02075	contig_1	2166144	2166512	+	369	0	1	5	9	8	17
IODOLM_02076	contig_1	2166601	2166975	+	375	0	4	3	1	8	14
IODOLM_02077	contig_1	2166972	2167166	+	195	2	88	56	111	84	253
IODOLM_02078	contig_1	2168064	2168393	-	330	203	7803	4202	4822	4393	9931
IODOLM_02079	contig_1	2168565	2169623	-	1059	24	895	536	1250	1026	2471
IODOLM_02080	contig_1	2169821	2170294	-	474	43	1710	808	907	959	2147
IODOLM_02081	contig_1	2170413	2171579	-	1167	32	550	339	343	337	838
IODOLM_02082	contig_1	2171788	2173215	+	1428	113	2766	1846	606	571	1290
IODOLM_02083	contig_1	2173258	2173485	-	228	3	188	100	389	346	984
IODOLM_02084	contig_1	2173499	2174503	-	1005	10	289	156	838	791	2547
IODOLM_02085	contig_1	2174736	2176094	-	1359	36	1006	667	980	997	2171
IODOLM_02086	contig_1	2176084	2176146	-	63	2	58	31	69	58	151
IODOLM_02087	contig_1	2176361	2177311	-	951	162	3954	2051	1434	1251	3384
IODOLM_02088	contig_1	2177336	2178160	-	825	315	10716	5711	3326	3399	8512
IODOLM_02089	contig_1	2178243	2178497	-	255	119	2775	1588	589	594	1946
IODOLM_02090	contig_1	2178494	2178745	-	252	121	3789	2103	1236	1326	3231
IODOLM_02091	contig_1	2179028	2179078	+	51	34	483	167	436	408	1268
IODOLM_02092	contig_1	2179224	2180123	+	900	39	1368	847	932	851	2102
IODOLM_02093	contig_1	2180129	2181433	+	1305	33	1960	1245	955	823	2342
IODOLM_02094	contig_1	2181430	2182500	+	1071	26	1733	1084	764	759	1735
IODOLM_02095	contig_1	2182500	2183567	+	1068	56	2657	1837	1087	1066	2470
IODOLM_02096	contig_1	2183567	2184157	+	591	30	1109	739	472	502	1146
IODOLM_02097	contig_1	2184157	2184894	+	738	42	1131	783	572	572	1350
IODOLM_02098	contig_1	2184876	2185652	+	777	40	1225	777	633	543	1316
IODOLM_02099	contig_1	2185646	2186257	+	612	72	1419	903	989	943	2042
IODOLM_02100	contig_1	2186353	2187333	-	981	504	11066	6441	5076	4541	10901
IODOLM_02101	contig_1	2187479	2188645	-	1167	10	289	120	966	842	1792
IODOLM_02102	contig_1	2188894	2190300	-	1407	361	7710	4531	14085	13303	25718
IODOLM_02103	contig_1	2190428	2190709	-	282	6	130	87	816	839	1796
IODOLM_02104	contig_1	2190927	2191907	-	981	34	1112	663	861	765	1741
IODOLM_02105	contig_1	2191948	2192421	-	474	5	104	91	1234	1026	2025
IODOLM_02106	contig_1	2192423	2193541	-	1119	6	204	172	1401	1525	2741
IODOLM_02107	contig_1	2193526	2194116	-	591	6	192	167	1004	1033	1976
IODOLM_02108	contig_1	2194097	2195089	-	993	33	468	408	1498	1672	3093
IODOLM_02109	contig_1	2195092	2196258	-	1167	42	722	572	972	1325	2409
IODOLM_02110	contig_1	2196258	2197361	-	1104	178	1420	1070	2918	3007	5927
IODOLM_02111	contig_1	2197369	2198616	-	1248	84	1749	1317	1599	1864	3726
IODOLM_02112	contig_1	2198613	2199170	-	558	50	1097	840	1003	1070	2009
IODOLM_02113	contig_1	2199170	2200051	-	882	128	2321	1660	2181	2269	4679
IODOLM_02114	contig_1	2200109	2201008	-	900	147	2440	1644	2084	2016	4115
IODOLM_02115	contig_1	2201008	2202093	-	1086	244	4573	3018	3000	2912	6105
IODOLM_02116	contig_1	2202466	2203359	-	894	179	4150	2114	5557	5149	11744
IODOLM_02117	contig_1	2203534	2204928	-	1395	5	91	55	120	85	246
IODOLM_02118	contig_1	2204939	2206159	-	1221	0	78	67	67	51	132
IODOLM_02119	contig_1	2206156	2207436	-	1281	4	47	45	94	67	153
IODOLM_02120	contig_1	2207712	2209190	-	1479	3	48	36	53	41	104
IODOLM_02121	contig_1	2209192	2210586	-	1395	2	45	27	47	23	85
IODOLM_02122	contig_1	2210641	2212011	-	1371	1	40	18	35	32	57
IODOLM_02123	contig_1	2212116	2213552	-	1437	5	75	46	75	38	115
IODOLM_02124	contig_1	2213555	2214778	-	1224	3	41	20	37	39	70
IODOLM_02125	contig_1	2214775	2215257	-	483	1	12	15	20	15	40
IODOLM_02126	contig_1	2215257	2216222	-	966	0	41	27	58	42	95
IODOLM_02127	contig_1	2216225	2217346	-	1122	1	27	18	98	52	121
IODOLM_02128	contig_1	2217372	2217920	-	549	0	0	5	18	3	11
IODOLM_02129	contig_1	2217936	2218682	-	747	0	8	6	21	19	60
IODOLM_02130	contig_1	2218693	2219910	-	1218	1	26	12	48	24	73
IODOLM_02131	contig_1	2219885	2221102	-	1218	3	19	16	30	22	51
IODOLM_02132	contig_1	2221099	2221587	-	489	1	7	5	10	6	16
IODOLM_02133	contig_1	2221590	2222429	-	840	0	16	12	21	10	50
IODOLM_02134	contig_1	2222522	2224684	-	2163	1	47	22	52	24	55
IODOLM_02135	contig_1	2224687	2225130	-	444	1	2	3	4	6	5
IODOLM_02136	contig_1	2225136	2226275	-	1140	0	6	6	23	5	34
IODOLM_02137	contig_1	2226934	2228517	+	1584	43	1190	777	1312	1083	2742
IODOLM_02138	contig_1	2228791	2230644	-	1854	286	6848	4113	1841	1673	4368
IODOLM_02139	contig_1	2230666	2231247	-	582	149	2736	1526	1633	1611	3900
IODOLM_02140	contig_1	2231339	2231980	-	642	43	1304	864	774	874	1919
IODOLM_02141	contig_1	2232298	2235615	+	3318	148	3593	1885	986	960	2297
IODOLM_02142	contig_1	2235724	2236572	-	849	40	955	505	264	237	554
IODOLM_02143	contig_1	2236706	2238058	+	1353	45	767	519	1260	990	2415
IODOLM_02144	contig_1	2238071	2240017	-	1947	15	406	219	201	192	441
IODOLM_02145	contig_1	2240217	2240678	+	462	0	21	14	135	120	313
IODOLM_02146	contig_1	2240743	2241423	-	681	0	49	19	24	33	52
IODOLM_02147	contig_1	2241501	2242160	-	660	4	90	62	40	46	135
IODOLM_02148	contig_1	2242381	2242440	-	60	0	40	14	16	18	36
IODOLM_02149	contig_1	2242732	2242878	+	147	30	617	294	168	126	349
IODOLM_02150	contig_1	2243048	2244295	+	1248	9	318	189	306	282	757
IODOLM_02151	contig_1	2244295	2247417	+	3123	22	1089	690	517	529	1390
IODOLM_02152	contig_1	2247418	2250495	+	3078	32	1078	673	614	519	1486
IODOLM_02153	contig_1	2250496	2251911	+	1416	8	404	269	235	203	539
IODOLM_02154	contig_1	2251908	2253311	+	1404	20	401	260	240	207	595
IODOLM_02155	contig_1	2253308	2254030	+	723	35	1035	646	425	457	945
IODOLM_02156	contig_1	2254221	2254553	+	333	14	678	333	978	865	2219
IODOLM_02157	contig_1	2254700	2256061	+	1362	90	7736	5532	8959	7346	19532
IODOLM_02158	contig_1	2256334	2256552	-	219	0	60	43	97	90	236
IODOLM_02159	contig_1	2257021	2257338	-	318	0	20	18	37	41	97
IODOLM_02160	contig_1	2257744	2258643	+	900	31	647	248	1543	1244	3002
IODOLM_02161	contig_1	2258725	2259171	-	447	0	5	4	6	13	35
IODOLM_02162	contig_1	2259268	2259567	+	300	2	100	66	137	109	238
IODOLM_02163	contig_1	2259564	2260430	+	867	3	166	81	146	126	343
IODOLM_02164	contig_1	2260427	2260765	-	339	6	223	103	155	149	391
IODOLM_02165	contig_1	2260865	2261905	-	1041	3	75	52	118	161	357
IODOLM_02166	contig_1	2261953	2263308	-	1356	0	75	41	158	187	413
IODOLM_02167	contig_1	2263312	2263596	-	285	0	6	7	25	33	75
IODOLM_02168	contig_1	2263627	2264079	-	453	0	33	26	30	35	71
IODOLM_02169	contig_1	2264089	2264973	-	885	24	1166	913	482	803	1097
IODOLM_02170	contig_1	2265019	2265351	-	333	150	4150	3298	1086	1871	2245
IODOLM_02171	contig_1	2265380	2266234	-	855	1872	53000	33813	8071	11093	11430
IODOLM_02172	contig_1	2266542	2267594	-	1053	121	2617	1442	10866	8783	18863
IODOLM_02173	contig_1	2267851	2269128	+	1278	24	1081	733	144	187	320
IODOLM_02174	contig_1	2269125	2270129	+	1005	18	731	486	186	196	468
IODOLM_02175	contig_1	2270126	2271091	+	966	36	628	366	185	171	394
IODOLM_02176	contig_1	2271065	2271811	-	747	9	264	163	242	235	600
IODOLM_02177	contig_1	2271863	2272681	-	819	7	192	110	140	115	268
IODOLM_02178	contig_1	2272746	2273546	-	801	12	228	122	157	140	385
IODOLM_02179	contig_1	2273543	2274331	-	789	13	350	195	312	300	743
IODOLM_02180	contig_1	2274554	2274826	-	273	32	526	282	245	268	599
IODOLM_02181	contig_1	2274947	2275771	+	825	68	2114	1249	464	412	1007
IODOLM_02182	contig_1	2275990	2276328	+	339	20	354	200	493	430	1257
IODOLM_02183	contig_1	2276410	2277444	-	1035	3	25	16	28	31	53
IODOLM_02184	contig_1	2277460	2279940	-	2481	3	40	14	60	63	161
IODOLM_02185	contig_1	2279956	2280630	-	675	0	1	0	5	3	3
IODOLM_02186	contig_1	2280710	2281252	-	543	0	2	3	10	14	31
IODOLM_02187	contig_1	2281545	2281826	-	282	0	77	39	577	520	1352
IODOLM_02188	contig_1	2282089	2283198	-	1110	213	6463	3527	1703	1634	3740
IODOLM_02189	contig_1	2283330	2285363	+	2034	249	11441	7630	4860	4787	9498
IODOLM_02190	contig_1	2285504	2286328	+	825	6	27	23	24	35	79
IODOLM_02191	contig_1	2286440	2288377	+	1938	1	57	31	60	56	144
IODOLM_02192	contig_1	2288340	2289299	+	960	0	19	4	16	10	17
IODOLM_02193	contig_1	2289309	2292941	+	3633	5	314	224	176	176	402
IODOLM_02194	contig_1	2293002	2293319	+	318	0	1	2	5	4	16
IODOLM_02195	contig_1	2293626	2294714	+	1089	0	21	6	20	20	40
IODOLM_02196	contig_1	2294725	2297004	+	2280	3	87	44	87	66	169
IODOLM_02197	contig_1	2296997	2298133	+	1137	3	60	51	47	27	77
IODOLM_02198	contig_1	2298130	2299974	+	1845	9	214	129	124	90	264
IODOLM_02199	contig_1	2300255	2300716	+	462	1	57	37	54	63	141
IODOLM_02200	contig_1	2300756	2301226	-	471	28	832	469	525	440	1048
IODOLM_02201	contig_1	2301273	2301992	-	720	9	142	101	103	79	212
IODOLM_02202	contig_1	2301989	2303674	-	1686	11	232	157	202	222	417
IODOLM_02203	contig_1	2303896	2304627	+	732	15	391	193	851	800	1881
IODOLM_02204	contig_1	2304687	2304794	+	108	0	58	25	73	92	197
IODOLM_02205	contig_1	2304775	2305506	-	732	15	484	263	477	388	971
IODOLM_02206	contig_1	2305511	2306437	-	927	21	529	301	382	322	750
IODOLM_02207	contig_1	2306430	2307587	-	1158	10	385	209	682	595	1442
IODOLM_02208	contig_1	2307594	2308511	-	918	30	681	358	1494	1260	2929
IODOLM_02209	contig_1	2308722	2310989	-	2268	108	2789	1691	1430	1314	3252
IODOLM_02210	contig_1	2311215	2312930	+	1716	134	3683	2337	4827	4338	9793
IODOLM_02211	contig_1	2312968	2313900	-	933	99	2589	1611	827	873	2227
IODOLM_02212	contig_1	2314074	2314661	-	588	137	4276	2202	1782	1841	4257
IODOLM_02213	contig_1	2314831	2315409	+	579	24	666	386	872	737	1607
IODOLM_02214	contig_1	2315539	2316300	-	762	35	552	288	435	358	868
IODOLM_02215	contig_1	2316353	2317543	-	1191	2	45	24	26	28	49
IODOLM_02216	contig_1	2318468	2319415	-	948	14	232	170	203	165	465
IODOLM_02217	contig_1	2319654	2320052	+	399	8	169	120	888	766	1806
IODOLM_02218	contig_1	2320049	2320744	+	696	11	437	282	1144	979	2644
IODOLM_02219	contig_1	2320874	2321758	+	885	34	1510	794	1143	1236	2579
IODOLM_02220	contig_1	2321908	2322627	+	720	4	92	61	95	91	214
IODOLM_02221	contig_1	2322630	2322869	+	240	0	63	35	44	43	96
IODOLM_02222	contig_1	2323063	2324301	+	1239	0	40	19	64	65	128
IODOLM_02223	contig_1	2324295	2325530	+	1236	5	95	37	83	77	176
IODOLM_02224	contig_1	2325773	2326783	-	1011	1	30	24	78	59	168
IODOLM_02225	contig_1	2326799	2327356	-	558	1	1	1	5	9	22
IODOLM_02226	contig_1	2327359	2328300	-	942	0	11	5	35	40	84
IODOLM_02227	contig_1	2328361	2329359	-	999	12	266	161	431	515	847
IODOLM_02228	contig_1	2329639	2330679	-	1041	5	154	98	162	201	333
IODOLM_02229	contig_1	2330821	2331978	-	1158	39	1933	1142	679	646	1320
IODOLM_02230	contig_1	2331995	2332663	-	669	78	5104	2954	3228	2874	6368
IODOLM_02231	contig_1	2332921	2333757	+	837	43	1123	687	935	941	2384
IODOLM_02232	contig_1	2333789	2335780	-	1992	33	1001	611	10230	8595	19022
IODOLM_02233	contig_1	2336074	2337543	-	1470	56	2079	1392	2404	2198	5036
IODOLM_02234	contig_1	2337748	2338629	-	882	31	1625	939	1027	938	1827
IODOLM_02235	contig_1	2338728	2339777	+	1050	20	612	405	545	559	1222
IODOLM_02236	contig_1	2339851	2340708	+	858	28	576	372	745	592	1357
IODOLM_02237	contig_1	2340711	2341799	+	1089	19	399	261	422	363	931
IODOLM_02238	contig_1	2341906	2343156	-	1251	2	99	40	56	51	98
IODOLM_02239	contig_1	2343256	2344197	-	942	0	28	14	30	20	76
IODOLM_02240	contig_1	2344327	2345025	+	699	0	25	11	48	40	128
IODOLM_02241	contig_1	2345096	2346346	-	1251	10	237	127	207	174	484
IODOLM_02242	contig_1	2346440	2347378	-	939	1	33	21	33	24	71
IODOLM_02243	contig_1	2347366	2348307	-	942	0	23	11	20	20	46
IODOLM_02244	contig_1	2348730	2350421	-	1692	1406	40669	23121	19275	20440	44143
IODOLM_02245	contig_1	2350438	2351376	-	939	543	14479	9156	10172	10991	21205
IODOLM_02246	contig_1	2351376	2352419	-	1044	1401	43343	27190	19842	22671	35420
IODOLM_02247	contig_1	2352873	2354054	+	1182	10	330	225	243	230	492
IODOLM_02248	contig_1	2354051	2354305	-	255	2	127	70	68	73	129
IODOLM_02249	contig_1	2354460	2355032	+	573	39	712	533	763	630	1613
IODOLM_02250	contig_1	2355255	2356721	+	1467	4	170	100	241	247	425
IODOLM_02251	contig_1	2356839	2357825	+	987	11	254	157	396	362	763
IODOLM_02252	contig_1	2357864	2358577	+	714	1	127	85	351	330	709
IODOLM_02253	contig_1	2358989	2359555	+	567	36	897	599	3491	3759	7091
IODOLM_02254	contig_1	2359736	2361292	+	1557	37	1008	630	632	614	1363
IODOLM_02255	contig_1	2361374	2363188	+	1815	16	748	510	645	569	1445
IODOLM_02256	contig_1	2363189	2364283	+	1095	7	375	231	243	201	487
IODOLM_02257	contig_1	2364283	2365308	+	1026	22	572	347	260	290	631
IODOLM_02258	contig_1	2365310	2366899	+	1590	41	953	636	642	521	1236
IODOLM_02259	contig_1	2366903	2367247	-	345	9	433	283	1367	1432	3165
IODOLM_02260	contig_1	2367580	2368770	-	1191	217	5291	3139	2167	1939	4682
IODOLM_02261	contig_1	2368798	2369493	-	696	78	3631	2094	1874	1748	4066
IODOLM_02262	contig_1	2369642	2371402	+	1761	19	967	611	352	319	733
IODOLM_02263	contig_1	2371527	2371811	+	285	57	3965	2806	6544	5946	16392
IODOLM_02264	contig_1	2371950	2372957	-	1008	113	2239	1488	1492	1423	3110
IODOLM_02265	contig_1	2373139	2373366	+	228	8	732	490	610	565	1337
IODOLM_02266	contig_1	2373386	2375146	+	1761	291	7313	4679	2652	2281	5315
IODOLM_02267	contig_1	2375400	2377910	-	2511	96	1919	1075	773	739	1917
IODOLM_02268	contig_1	2378075	2379055	-	981	35	1158	599	819	691	1748
IODOLM_02269	contig_1	2379510	2380157	+	648	109	2210	1131	887	1054	2524
IODOLM_02270	contig_1	2380368	2381420	-	1053	14	290	161	158	150	386
IODOLM_02271	contig_1	2381417	2381974	-	558	6	126	92	44	59	119
IODOLM_02272	contig_1	2381971	2383914	-	1944	8	324	218	176	160	351
IODOLM_02273	contig_1	2383911	2384390	-	480	2	73	62	60	56	103
IODOLM_02274	contig_1	2384387	2384596	-	210	0	19	9	11	11	20
IODOLM_02275	contig_1	2384593	2385330	-	738	12	133	92	106	113	174
IODOLM_02276	contig_1	2385372	2386034	-	663	2	76	56	48	40	95
IODOLM_02277	contig_1	2386031	2386648	-	618	14	176	120	271	213	550
IODOLM_02278	contig_1	2386667	2387269	-	603	15	210	102	325	320	629
IODOLM_02279	contig_1	2387279	2387728	-	450	3	40	22	51	39	107
IODOLM_02280	contig_1	2387725	2388588	-	864	3	62	38	64	64	114
IODOLM_02281	contig_1	2388575	2389270	-	696	3	42	31	73	58	140
IODOLM_02282	contig_1	2389277	2391763	-	2487	11	356	222	370	325	737
IODOLM_02283	contig_1	2391760	2392023	-	264	0	16	8	19	8	23
IODOLM_02284	contig_1	2392013	2392507	-	495	1	53	48	79	46	105
IODOLM_02285	contig_1	2392616	2392780	+	165	0	5	3	4	5	6
IODOLM_02286	contig_1	2392915	2393403	+	489	60	2002	1186	1302	1115	2371
IODOLM_02287	contig_1	2394118	2395764	-	1647	53	947	534	4783	4934	10839
IODOLM_02288	contig_1	2395982	2397625	-	1644	144	2842	1861	1046	994	2268
IODOLM_02289	contig_1	2397701	2398351	-	651	2	122	77	219	181	498
IODOLM_02290	contig_1	2398351	2399415	-	1065	24	692	426	1191	992	2575
IODOLM_02291	contig_1	2399489	2400544	-	1056	8	237	162	541	428	1114
IODOLM_02292	contig_1	2400656	2401759	-	1104	144	3622	2865	27108	22714	54040
IODOLM_02293	contig_1	2402498	2405170	+	2673	395	10974	6651	3783	3757	8204
IODOLM_02294	contig_1	2405187	2405837	+	651	303	8954	5167	4444	3941	7806
IODOLM_02295	contig_1	2406037	2408886	-	2850	410	8198	5071	2527	2212	5472
IODOLM_02296	contig_1	2409053	2410879	+	1827	4	201	132	108	110	219
IODOLM_02297	contig_1	2410876	2412261	+	1386	4	177	105	106	101	254
IODOLM_02298	contig_1	2412457	2413119	+	663	0	34	13	104	66	202
IODOLM_02299	contig_1	2413119	2413769	+	651	0	18	11	44	37	104
IODOLM_02300	contig_1	2413766	2415088	+	1323	4	81	47	86	57	154
IODOLM_02301	contig_1	2415119	2416303	+	1185	8	190	116	84	88	205
IODOLM_02302	contig_1	2416377	2417153	-	777	6	155	92	108	108	224
IODOLM_02303	contig_1	2417158	2418807	-	1650	9	188	97	100	95	237
IODOLM_02304	contig_1	2418808	2419293	-	486	6	116	71	54	49	133
IODOLM_02305	contig_1	2419309	2423202	-	3894	10	277	170	190	157	367
IODOLM_02306	contig_1	2423346	2423969	-	624	1	25	14	16	12	41
IODOLM_02307	contig_1	2423966	2425654	-	1689	5	155	83	99	109	309
IODOLM_02308	contig_1	2425803	2428430	-	2628	883	22544	12998	11353	10395	22663
IODOLM_02309	contig_1	2428577	2429299	+	723	43	2521	1591	1132	1064	2165
IODOLM_02310	contig_1	2429427	2433179	-	3753	105	1879	1165	593	556	1398
IODOLM_02311	contig_1	2433875	2436160	+	2286	170	5589	3729	1220	1329	2596
IODOLM_02312	contig_1	2436394	2437524	+	1131	97	2602	1626	744	770	1504
IODOLM_02313	contig_1	2437524	2437778	+	255	7	258	142	81	75	177
IODOLM_02314	contig_1	2437832	2438482	-	651	46	990	477	781	656	1487
IODOLM_02315	contig_1	2438697	2438903	+	207	0	8	5	8	7	16
IODOLM_02316	contig_1	2438945	2440021	-	1077	70	1491	736	652	659	1415
IODOLM_02317	contig_1	2440026	2441384	-	1359	14	312	184	154	142	200
IODOLM_02318	contig_1	2441657	2443285	+	1629	36	1304	906	119	107	180
IODOLM_02319	contig_1	2443275	2444534	+	1260	4	292	240	66	56	101
IODOLM_02320	contig_1	2444531	2445721	+	1191	2	148	110	40	34	77
IODOLM_02321	contig_1	2445914	2446813	+	900	4	142	75	87	68	239
IODOLM_02322	contig_1	2446826	2447011	+	186	3	173	94	104	117	274
IODOLM_02323	contig_1	2447052	2447855	-	804	7	149	86	33	40	99
IODOLM_02324	contig_1	2447873	2449162	-	1290	8	158	107	45	46	82
IODOLM_02325	contig_1	2449219	2450424	-	1206	2	61	35	23	34	62
IODOLM_02326	contig_1	2450439	2451221	-	783	2	27	7	19	15	35
IODOLM_02327	contig_1	2451441	2452643	-	1203	82	2791	1634	1743	1677	3373
IODOLM_02328	contig_1	2452743	2453285	-	543	6	98	52	121	83	268
IODOLM_02329	contig_1	2453564	2453989	+	426	1	33	15	74	79	162
IODOLM_02330	contig_1	2454028	2454630	-	603	0	21	12	22	18	50
IODOLM_02331	contig_1	2454920	2456077	+	1158	0	3	2	18	14	46
IODOLM_02332	contig_1	2456081	2457049	+	969	0	0	0	0	0	0
IODOLM_02333	contig_1	2457049	2459031	+	1983	0	0	0	0	0	0
IODOLM_02334	contig_1	2459028	2459918	+	891	0	0	0	0	0	0
IODOLM_02335	contig_1	2459918	2461570	+	1653	0	0	0	0	0	0
IODOLM_02336	contig_1	2461567	2461902	+	336	0	0	0	0	0	0
IODOLM_02337	contig_1	2461902	2462288	+	387	0	0	0	0	0	0
IODOLM_02338	contig_1	2462282	2462548	-	267	0	0	0	0	0	0
IODOLM_02339	contig_1	2462658	2464013	-	1356	0	0	0	0	0	0
IODOLM_02340	contig_1	2464010	2464972	-	963	0	0	0	0	0	0
IODOLM_02341	contig_1	2464972	2465829	-	858	0	0	0	0	0	0
IODOLM_02342	contig_1	2465844	2466602	-	759	0	0	0	0	0	0
IODOLM_02343	contig_1	2466599	2468269	-	1671	0	0	0	0	0	0
IODOLM_02344	contig_1	2468358	2469653	-	1296	0	0	0	0	0	0
IODOLM_02345	contig_1	2469732	2470037	-	306	0	0	0	0	0	0
IODOLM_02346	contig_1	2470092	2470553	-	462	0	0	0	0	0	0
IODOLM_02347	contig_1	2470600	2471547	+	948	0	0	0	0	0	0
IODOLM_02348	contig_1	2471581	2471856	+	276	3	134	84	231	221	531
IODOLM_02349	contig_1	2471901	2472278	+	378	8	170	92	196	166	411
IODOLM_02350	contig_1	2472503	2473711	+	1209	1	7	13	40	44	98
IODOLM_02351	contig_1	2473782	2475509	-	1728	3	51	15	52	52	127
IODOLM_02352	contig_1	2475647	2476618	+	972	0	8	4	7	7	29
IODOLM_02353	contig_1	2476721	2477224	+	504	3	22	18	26	18	32
IODOLM_02354	contig_1	2477497	2478213	-	717	2	16	12	68	66	191
IODOLM_02355	contig_1	2478422	2478844	+	423	1	14	15	39	46	114
IODOLM_02356	contig_1	2478903	2479751	+	849	3	89	52	131	120	319
IODOLM_02357	contig_1	2479835	2481292	-	1458	14	690	479	5728	5040	9685
IODOLM_02358	contig_1	2481299	2482828	-	1530	8	333	235	4362	4106	7677
IODOLM_02359	contig_1	2482992	2484833	-	1842	14	665	420	4816	4766	9994
IODOLM_02360	contig_1	2484830	2485132	-	303	8	62	38	402	496	905
IODOLM_02361	contig_1	2485129	2485683	-	555	9	194	118	1319	1410	2895
IODOLM_02362	contig_1	2485695	2486237	-	543	11	239	147	1030	1083	2351
IODOLM_02363	contig_1	2486252	2487229	-	978	23	692	435	2759	2663	5945
IODOLM_02364	contig_1	2487226	2489952	-	2727	76	2983	1933	8982	8630	20077
IODOLM_02365	contig_1	2490005	2491342	-	1338	32	1450	831	3126	3316	7518
IODOLM_02366	contig_1	2491339	2491839	-	501	14	500	279	1877	1827	4140
IODOLM_02367	contig_1	2491842	2493644	-	1803	53	2118	1225	6376	6241	14251
IODOLM_02368	contig_1	2493738	2494400	-	663	40	1166	666	3615	3561	8606
IODOLM_02369	contig_1	2494416	2494859	-	444	22	569	381	3220	3139	7292
IODOLM_02370	contig_1	2495122	2495286	+	165	1	63	26	48	41	95
IODOLM_02371	contig_1	2495490	2496428	-	939	65	2607	1260	1557	1442	3526
IODOLM_02372	contig_1	2497348	2498565	+	1218	29	1160	790	1145	1069	2242
IODOLM_02373	contig_1	2498649	2499248	+	600	14	581	339	180	168	355
IODOLM_02374	contig_1	2499307	2501139	-	1833	38	1280	777	618	534	1322
IODOLM_02375	contig_1	2501226	2501876	-	651	119	3712	2119	1425	1402	3009
IODOLM_02376	contig_1	2501887	2502381	-	495	69	2346	1336	1253	1219	2522
IODOLM_02377	contig_1	2502464	2502919	-	456	77	4608	2449	1738	1462	3615
IODOLM_02378	contig_1	2503257	2504459	+	1203	251	13550	10949	9866	8696	18775
IODOLM_02379	contig_1	2504534	2506678	+	2145	250	14692	10972	9706	8855	17990
IODOLM_02380	contig_1	2506910	2508388	+	1479	3	175	114	354	327	698
IODOLM_02381	contig_1	2508421	2508963	-	543	52	1498	876	846	737	1687
IODOLM_02382	contig_1	2509021	2509572	-	552	64	2015	1091	952	921	2027
IODOLM_02383	contig_1	2509628	2510272	-	645	33	847	506	603	520	1282
IODOLM_02384	contig_1	2510408	2511055	+	648	8	315	161	559	503	1130
IODOLM_02385	contig_1	2511112	2511474	+	363	30	988	616	833	890	1896
IODOLM_02386	contig_1	2511495	2512388	+	894	73	2678	1610	1681	1463	3270
IODOLM_02387	contig_1	2512436	2513326	-	891	17	184	90	221	201	556
IODOLM_02388	contig_1	2513523	2514296	-	774	11	216	98	212	198	441
IODOLM_02389	contig_1	2514304	2515020	-	717	5	113	69	152	130	285
IODOLM_02390	contig_1	2515017	2515703	-	687	5	182	97	245	233	608
IODOLM_02391	contig_1	2515793	2516575	-	783	18	552	306	923	785	1996
IODOLM_02392	contig_1	2516796	2517578	-	783	15	328	183	870	874	2236
IODOLM_02393	contig_1	2517844	2518413	-	570	14	482	282	257	220	514
IODOLM_02394	contig_1	2518508	2520025	-	1518	31	1418	1135	3210	3008	5823
IODOLM_02395	contig_1	2520062	2520550	-	489	39	994	691	2247	2103	4235
IODOLM_02396	contig_1	2520809	2521471	-	663	196	3299	1878	1097	1035	2238
IODOLM_02397	contig_1	2521461	2522729	-	1269	154	2172	1226	1122	1119	2643
IODOLM_02398	contig_1	2522799	2523713	-	915	513	14328	8679	5848	5445	12352
IODOLM_02399	contig_1	2523869	2524528	-	660	145	4037	2632	790	814	1794
IODOLM_02400	contig_1	2524611	2525423	-	813	295	4831	2901	728	647	1787
IODOLM_02401	contig_1	2525423	2526436	-	1014	165	5395	3404	1205	1233	2537
IODOLM_02402	contig_1	2526502	2527638	-	1137	177	5537	3312	2098	1977	4330
IODOLM_02403	contig_1	2527737	2528732	+	996	50	1177	699	564	564	1078
IODOLM_02404	contig_1	2528729	2529907	-	1179	32	837	511	504	471	1107
IODOLM_02405	contig_1	2530172	2531392	-	1221	190	7872	4381	7084	8652	19172
IODOLM_02406	contig_1	2531551	2533557	+	2007	43	813	471	704	701	1528
IODOLM_02407	contig_1	2533678	2533956	-	279	31	791	504	605	611	1080
IODOLM_02408	contig_1	2533990	2534538	-	549	54	1249	887	832	759	1606
IODOLM_02409	contig_1	2534538	2535347	-	810	52	1726	1154	902	815	1766
IODOLM_02410	contig_1	2535347	2536171	-	825	46	1508	1027	766	742	1624
IODOLM_02411	contig_1	2536175	2537260	-	1086	196	4993	3040	1996	1895	4263
IODOLM_02412	contig_1	2537295	2538227	-	933	84	2334	1416	1647	1642	3475
IODOLM_02413	contig_1	2538393	2538944	+	552	50	1128	646	616	559	1272
IODOLM_02414	contig_1	2539015	2539836	-	822	28	1383	771	956	925	2241
IODOLM_02415	contig_1	2539838	2540377	-	540	0	17	8	18	22	35
IODOLM_02416	contig_1	2540374	2540862	-	489	2	17	8	16	17	45
IODOLM_02417	contig_1	2540859	2541371	-	513	3	28	5	23	19	33
IODOLM_02418	contig_1	2541371	2542123	-	753	0	15	6	17	18	51
IODOLM_02419	contig_1	2542143	2543039	-	897	3	36	33	35	36	99
IODOLM_02420	contig_1	2543052	2544788	-	1737	15	229	129	237	268	652
IODOLM_02421	contig_1	2544870	2545433	-	564	0	8	12	20	11	28
IODOLM_02422	contig_1	2546114	2546599	-	486	145	3261	1786	3866	3796	8588
IODOLM_02423	contig_1	2546802	2548946	-	2145	17	333	184	476	429	987
IODOLM_02424	contig_1	2548946	2550256	-	1311	5	124	77	222	250	514
IODOLM_02425	contig_1	2550437	2550721	-	285	103	2114	1212	2301	1820	3560
IODOLM_02426	contig_1	2551093	2552433	+	1341	25	1662	988	997	935	1993
IODOLM_02427	contig_1	2552799	2553857	+	1059	1	21	10	108	85	212
IODOLM_02428	contig_1	2554039	2554794	-	756	54	1260	707	1472	1277	2838
IODOLM_02429	contig_1	2555088	2556020	+	933	14	261	148	342	298	751
IODOLM_02430	contig_1	2556332	2557489	+	1158	2	74	52	91	61	179
IODOLM_02431	contig_1	2558001	2558921	+	921	153	2782	1640	1967	2076	4504
IODOLM_02432	contig_1	2558918	2560249	+	1332	71	1095	779	526	890	1444
IODOLM_02433	contig_1	2560590	2560892	+	303	17	217	114	264	283	586
IODOLM_02434	contig_1	2560864	2561304	-	441	7	120	65	116	113	283
IODOLM_02435	contig_1	2561331	2561933	-	603	1	3	3	7	6	16
IODOLM_02436	contig_1	2561899	2562174	-	276	1	0	0	0	0	3
IODOLM_02437	contig_1	2562174	2562668	-	495	0	1	5	1	2	5
IODOLM_02438	contig_1	2562665	2563033	-	369	0	1	1	2	4	4
IODOLM_02439	contig_1	2563391	2563753	+	363	0	15	7	12	13	31
IODOLM_02440	contig_1	2563819	2564643	+	825	1	31	21	41	41	67
IODOLM_02441	contig_1	2564771	2565307	+	537	1	2	0	10	2	14
IODOLM_02442	contig_1	2565298	2565660	+	363	0	1	2	7	5	11
IODOLM_02443	contig_1	2565660	2565965	+	306	0	4	8	4	9	19
IODOLM_02444	contig_1	2566097	2566297	+	201	37	597	393	263	195	552
IODOLM_02445	contig_1	2566481	2567416	-	936	5	65	46	100	73	200
IODOLM_02446	contig_1	2567634	2568971	+	1338	3	75	35	70	70	159
IODOLM_02447	contig_1	2568989	2570317	+	1329	5	343	176	257	220	543
IODOLM_02448	contig_1	2570425	2571963	-	1539	1	50	28	58	64	200
IODOLM_02449	contig_1	2571963	2573126	-	1164	1	37	15	43	52	126
IODOLM_02450	contig_1	2573542	2574156	+	615	16	413	244	1495	1422	3468
IODOLM_02451	contig_1	2574161	2577754	+	3594	73	1572	1107	1446	1427	3437
IODOLM_02452	contig_1	2577810	2578955	-	1146	4	42	22	101	108	284
IODOLM_02453	contig_1	2579029	2579973	-	945	1	16	9	49	38	118
IODOLM_02454	contig_1	2580043	2581737	-	1695	4	73	20	94	95	215
IODOLM_02455	contig_1	2581791	2583041	-	1251	5	56	27	91	83	188
IODOLM_02456	contig_1	2583554	2584189	-	636	4	44	35	39	39	93
IODOLM_02457	contig_1	2584485	2584760	+	276	0	4	6	6	4	18
IODOLM_02458	contig_1	2584837	2585079	-	243	11	378	190	304	393	782
IODOLM_02459	contig_1	2585432	2586352	+	921	281	11556	6642	2353	2113	4579
IODOLM_02460	contig_1	2586844	2588082	-	1239	108	3996	2157	641	662	1574
IODOLM_02461	contig_1	2588458	2590155	+	1698	40	1000	573	354	315	708
IODOLM_02462	contig_1	2590170	2590904	+	735	46	1030	557	341	325	786
IODOLM_02463	contig_1	2590917	2591774	+	858	20	502	287	229	203	483
IODOLM_02464	contig_1	2591777	2594272	-	2496	5	173	99	139	141	348
IODOLM_02465	contig_1	2594297	2595334	-	1038	2	45	22	36	22	90
IODOLM_02466	contig_1	2595334	2596419	-	1086	1	59	29	38	28	92
IODOLM_02467	contig_1	2596434	2597681	-	1248	1	26	16	34	38	101
IODOLM_02468	contig_1	2597703	2598029	-	327	0	9	2	11	7	24
IODOLM_02469	contig_1	2598248	2599213	-	966	88	2445	1504	1641	1528	3554
IODOLM_02470	contig_1	2599417	2600673	+	1257	9	342	206	200	227	495
IODOLM_02471	contig_1	2600788	2601114	+	327	8	273	164	166	129	376
IODOLM_02472	contig_1	2601255	2602493	-	1239	471	10904	5493	3907	4071	10085
IODOLM_02473	contig_1	2602829	2604031	+	1203	19	746	505	1249	1356	2457
IODOLM_02474	contig_1	2604118	2605230	+	1113	22	642	339	978	964	2532
IODOLM_02475	contig_1	2605253	2605393	+	141	0	12	7	27	29	63
IODOLM_02476	contig_1	2605430	2607619	-	2190	69	1820	1060	706	617	1431
IODOLM_02477	contig_1	2608239	2608598	+	360	20	600	323	229	263	559
IODOLM_02478	contig_1	2608621	2608992	+	372	9	321	168	151	123	322
IODOLM_02479	contig_1	2609044	2610459	-	1416	449	11190	6625	6646	6211	13713
IODOLM_02480	contig_1	2611380	2612264	-	885	18	426	226	462	391	1101
IODOLM_02481	contig_1	2612516	2613772	-	1257	4	209	84	113	87	234
IODOLM_02482	contig_1	2613832	2614665	-	834	1	18	17	21	28	46
IODOLM_02483	contig_1	2614914	2615678	+	765	3	85	28	49	54	135
IODOLM_02484	contig_1	2615717	2616643	-	927	5	224	101	162	165	425
IODOLM_02485	contig_1	2616733	2617731	+	999	46	2279	1054	453	425	854
IODOLM_02486	contig_1	2617728	2617946	-	219	5	119	90	88	79	176
IODOLM_02487	contig_1	2617948	2619963	-	2016	85	1929	1141	1834	1658	3791
IODOLM_02488	contig_1	2620034	2621020	-	987	221	4716	2491	5107	4103	11339
IODOLM_02489	contig_1	2621250	2622011	+	762	13	1082	595	371	336	756
IODOLM_02490	contig_1	2622196	2623167	+	972	145	5987	3256	14255	14178	40865
IODOLM_02491	contig_1	2623551	2623808	+	258	146	5183	2939	6571	6193	12594
IODOLM_02492	contig_1	2623853	2625580	+	1728	976	34887	19869	22771	20947	45284
IODOLM_02493	contig_1	2625621	2626130	+	510	448	15220	8212	11066	10977	22257
IODOLM_02494	contig_1	2626173	2627024	-	852	15	621	355	452	430	923
IODOLM_02495	contig_1	2627129	2627503	+	375	3	57	27	42	38	120
IODOLM_02496	contig_1	2627536	2628270	+	735	9	260	141	120	115	289
IODOLM_02497	contig_1	2628459	2629370	-	912	108	1698	985	783	669	1981
IODOLM_02498	contig_1	2629504	2630601	-	1098	17	664	331	1225	917	3376
IODOLM_02499	contig_1	2630591	2631466	-	876	19	465	303	920	702	2179
IODOLM_02500	contig_1	2631466	2632299	-	834	10	296	175	521	492	1701
IODOLM_02501	contig_1	2632299	2633315	-	1017	13	549	302	1482	1586	4709
IODOLM_02502	contig_1	2633619	2634410	-	792	87	1669	972	1017	954	2096
IODOLM_02503	contig_1	2634539	2635396	-	858	2	39	32	42	30	89
IODOLM_02504	contig_1	2635560	2636456	+	897	3	145	79	75	57	147
IODOLM_02505	contig_1	2636460	2637884	+	1425	3	172	96	81	68	170
IODOLM_02506	contig_1	2637889	2639193	+	1305	12	219	164	105	104	191
IODOLM_02507	contig_1	2639433	2640332	-	900	86	3141	1867	1549	1513	3474
IODOLM_02508	contig_1	2640428	2641003	-	576	46	956	575	669	606	1683
IODOLM_02509	contig_1	2641064	2641513	-	450	14	394	243	218	198	516
IODOLM_02510	contig_1	2641500	2641925	-	426	24	720	361	292	301	729
IODOLM_02511	contig_1	2642139	2643008	+	870	64	1231	661	1279	1132	2743
IODOLM_02512	contig_1	2643012	2643911	+	900	20	716	415	628	548	1473
IODOLM_02513	contig_1	2643917	2644969	-	1053	13	260	153	127	112	288
IODOLM_02514	contig_1	2645015	2645515	-	501	5	203	98	162	139	294
IODOLM_02515	contig_1	2645528	2646187	-	660	7	165	105	115	95	295
IODOLM_02516	contig_1	2646197	2647084	-	888	5	160	89	130	112	372
IODOLM_02517	contig_1	2647105	2648466	-	1362	3	181	136	244	176	489
IODOLM_02518	contig_1	2648645	2649853	+	1209	52	1272	805	808	834	2026
IODOLM_02519	contig_1	2650158	2650685	+	528	15	340	164	92	89	183
IODOLM_02520	contig_1	2651158	2651400	+	243	0	11	7	6	5	21
IODOLM_02521	contig_1	2651412	2651780	+	369	0	26	16	12	9	28
IODOLM_02522	contig_1	2651898	2652314	+	417	2	44	21	25	42	88
IODOLM_02523	contig_1	2652311	2652904	+	594	1	62	41	68	51	132
IODOLM_02524	contig_1	2653379	2653756	+	378	0	12	17	4	9	17
IODOLM_02525	contig_1	2653767	2654159	+	393	3	362	165	223	238	647
IODOLM_02526	contig_1	2654310	2655119	+	810	25	575	329	226	178	418
IODOLM_02527	contig_1	2655268	2656671	-	1404	4	92	41	82	46	140
IODOLM_02528	contig_1	2656668	2657894	-	1227	4	72	48	73	45	145
IODOLM_02529	contig_1	2658111	2659298	-	1188	4	39	30	21	24	65
IODOLM_02530	contig_1	2659288	2660124	-	837	3	25	11	12	12	35
IODOLM_02531	contig_1	2660135	2661538	-	1404	2	15	5	9	17	26
IODOLM_02532	contig_1	2661550	2661837	-	288	0	6	3	5	5	7
IODOLM_02533	contig_1	2661944	2662237	-	294	0	15	6	19	17	39
IODOLM_02534	contig_1	2662276	2663292	-	1017	0	28	15	32	19	64
IODOLM_02535	contig_1	2663289	2664092	-	804	0	7	7	6	9	42
IODOLM_02536	contig_1	2664089	2664790	-	702	0	10	2	12	11	19
IODOLM_02537	contig_1	2664765	2665244	-	480	0	0	0	10	14	16
IODOLM_02538	contig_1	2665257	2665592	-	336	1	4	6	1	7	15
IODOLM_02539	contig_1	2665885	2668164	-	2280	194	4127	2605	2222	2216	5245
IODOLM_02540	contig_1	2668453	2669403	+	951	32	1222	740	5447	4465	10763
IODOLM_02541	contig_1	2669423	2671426	+	2004	152	5199	2695	8722	7070	16889
IODOLM_02542	contig_1	2671521	2672564	-	1044	65	816	535	459	374	944
IODOLM_02543	contig_1	2672690	2673265	-	576	46	1029	620	627	546	1187
IODOLM_02544	contig_1	2673333	2675312	-	1980	17	372	233	220	193	455
IODOLM_02545	contig_1	2675518	2677218	+	1701	51	1341	758	522	510	1249
IODOLM_02546	contig_1	2677382	2680495	+	3114	41	1632	957	555	563	1353
IODOLM_02547	contig_1	2680594	2680653	-	60	73	1662	768	332	360	675
IODOLM_02548	contig_1	2681034	2681390	+	357	14	259	138	479	459	1104
IODOLM_02549	contig_1	2681394	2682521	+	1128	72	1556	944	1493	1349	3387
IODOLM_02550	contig_1	2682549	2682749	+	201	17	440	243	588	478	1247
IODOLM_02551	contig_1	2682859	2683557	-	699	58	1108	537	784	769	1593
IODOLM_02552	contig_1	2683631	2685646	-	2016	64	1548	979	1439	1304	3115
IODOLM_02553	contig_1	2685661	2686524	-	864	116	2085	1147	1495	1365	2901
IODOLM_02554	contig_1	2686692	2687405	-	714	15	1053	869	3365	3354	5849
IODOLM_02555	contig_1	2687477	2687707	+	231	1	8	5	14	18	34
IODOLM_02556	contig_1	2687618	2688652	-	1035	423	10216	5881	5925	5899	12880
IODOLM_02557	contig_1	2688669	2689547	-	879	468	11795	6795	6306	6017	13344
IODOLM_02558	contig_1	2689693	2690265	+	573	50	2317	1242	978	916	2440
IODOLM_02559	contig_1	2690265	2690735	+	471	133	3532	1988	1480	1355	2670
IODOLM_02560	contig_1	2690988	2691605	+	618	0	20	13	17	9	58
IODOLM_02561	contig_1	2691605	2693623	+	2019	2	167	75	100	83	231
IODOLM_02562	contig_1	2693634	2694581	+	948	0	21	26	18	20	28
IODOLM_02563	contig_1	2694598	2696037	+	1440	0	52	36	38	29	76
IODOLM_02564	contig_1	2696049	2696699	+	651	0	30	20	20	25	44
IODOLM_02565	contig_1	2696704	2698284	+	1581	9	222	135	222	196	476
IODOLM_02566	contig_1	2698274	2699941	+	1668	8	201	107	175	160	404
IODOLM_02567	contig_1	2699951	2700496	+	546	3	40	43	41	42	85
IODOLM_02568	contig_1	2700493	2701251	+	759	0	74	50	56	53	142
IODOLM_02569	contig_1	2701244	2701657	+	414	3	52	39	28	28	92
IODOLM_02570	contig_1	2701687	2703699	+	2013	7	121	64	125	122	293
IODOLM_02571	contig_1	2703721	2704569	+	849	2	100	56	82	80	188
IODOLM_02572	contig_1	2704607	2705668	-	1062	64	1961	1060	793	733	1675
IODOLM_02573	contig_1	2705881	2707344	+	1464	115	3164	1928	1021	962	2427
IODOLM_02574	contig_1	2707365	2707724	+	360	45	1239	735	529	452	1190
IODOLM_02575	contig_1	2707862	2708608	-	747	78	1220	631	430	492	1138
IODOLM_02576	contig_1	2708658	2709947	-	1290	7	196	146	334	296	628
IODOLM_02577	contig_1	2710033	2710659	-	627	31	945	556	1703	1571	3451
IODOLM_02578	contig_1	2710984	2712021	+	1038	28	828	728	2486	2411	4440
IODOLM_02579	contig_1	2712021	2712659	+	639	24	640	514	1091	1076	2042
IODOLM_02580	contig_1	2712831	2714897	+	2067	161	6916	4179	2275	2196	4782
IODOLM_02581	contig_1	2714902	2716443	+	1542	216	7057	4075	1749	1610	3477
IODOLM_02582	contig_1	2716482	2718725	-	2244	8	124	51	136	136	301
IODOLM_02583	contig_1	2718907	2719059	-	153	0	2	1	3	2	2
IODOLM_02584	contig_1	2719095	2719268	+	174	20	146	89	699	682	1607
IODOLM_02585	contig_1	2719582	2720097	+	516	2	41	23	43	35	71
IODOLM_02586	contig_1	2720113	2720652	+	540	6	123	73	79	70	228
IODOLM_02587	contig_1	2720745	2722322	-	1578	276	12488	7931	11043	10364	19710
IODOLM_02588	contig_1	2722391	2723857	-	1467	109	4851	3243	6369	5562	11096
IODOLM_02589	contig_1	2724019	2725389	+	1371	85	3591	1915	4841	4212	10898
IODOLM_02590	contig_1	2725386	2725601	-	216	21	479	299	532	519	1144
IODOLM_02591	contig_1	2725671	2727143	-	1473	316	7587	4718	4613	4398	10058
IODOLM_02592	contig_1	2727261	2728439	-	1179	510	12650	8369	6003	5782	12971
IODOLM_02593	contig_1	2728450	2729070	-	621	397	6862	4490	2493	2415	5271
IODOLM_02594	contig_1	2729088	2730362	-	1275	598	13668	8164	6244	5906	12836
IODOLM_02595	contig_1	2730473	2731591	-	1119	396	11346	6918	5992	5712	14121
IODOLM_02596	contig_1	2731618	2732631	-	1014	243	7182	4396	4778	4485	10006
IODOLM_02597	contig_1	2732916	2734070	-	1155	128	3780	2501	3467	3043	7004
IODOLM_02598	contig_1	2734220	2734651	-	432	9	316	186	526	573	1163
IODOLM_02599	contig_1	2734800	2737073	-	2274	14	419	273	347	321	828
IODOLM_02600	contig_1	2737113	2742074	-	4962	257	6699	3912	4974	4361	10848
IODOLM_02601	contig_1	2742281	2743126	+	846	47	1519	909	1002	898	1968
IODOLM_02602	contig_1	2743944	2744720	-	777	43	1433	776	3156	3207	7727
IODOLM_02603	contig_1	2744862	2746145	-	1284	171	5954	3718	9712	9262	22829
IODOLM_02604	contig_1	2746323	2746523	-	201	64	2533	1637	1804	1745	4374
IODOLM_02605	contig_1	2746535	2746870	-	336	195	4749	2983	2849	2763	6779
IODOLM_02606	contig_1	2746872	2748722	-	1851	926	18677	10725	7422	7503	20507
IODOLM_02607	contig_1	2748739	2749254	-	516	230	6024	3763	1981	1881	5868
IODOLM_02608	contig_1	2749350	2749673	-	324	935	30412	17606	5016	5122	13681
IODOLM_02609	contig_1	2749690	2750076	-	387	1303	33338	18015	4912	5278	14636
IODOLM_02610	contig_1	2750104	2751318	-	1215	2128	75266	41584	13844	14057	42076
IODOLM_02611	contig_1	2751430	2751918	-	489	527	21975	11526	7867	8237	23370
IODOLM_02612	contig_1	2752370	2753110	-	741	166	3978	1964	1904	1794	3686
IODOLM_02613	contig_1	2753229	2754032	+	804	28	547	332	1414	1150	3084
IODOLM_02614	contig_1	2754177	2755031	+	855	0	23	15	58	38	122
IODOLM_02615	contig_1	2755222	2756502	+	1281	21	1154	759	655	607	1404
IODOLM_02616	contig_1	2756494	2757633	-	1140	20	708	431	595	587	1243
IODOLM_02617	contig_1	2757793	2758683	-	891	10	84	32	134	167	341
IODOLM_02618	contig_1	2758819	2760180	+	1362	52	1538	889	664	606	1502
IODOLM_02619	contig_1	2760177	2760695	+	519	14	244	173	163	168	474
IODOLM_02620	contig_1	2760695	2761015	+	321	3	148	89	99	79	243
IODOLM_02621	contig_1	2761012	2761824	+	813	21	548	322	300	296	747
IODOLM_02622	contig_1	2761834	2763036	+	1203	29	710	450	314	285	875
IODOLM_02623	contig_1	2763133	2763555	+	423	9	203	103	567	465	1103
IODOLM_02624	contig_1	2763603	2764475	-	873	9	262	143	177	192	380
IODOLM_02625	contig_1	2764487	2765548	-	1062	16	293	182	241	228	537
IODOLM_02626	contig_1	2765614	2766612	-	999	6	91	33	75	98	222
IODOLM_02627	contig_1	2766637	2768148	-	1512	1	80	31	108	96	244
IODOLM_02628	contig_1	2768171	2769154	-	984	3	37	15	55	59	143
IODOLM_02629	contig_1	2769251	2772532	-	3282	20	215	166	118	92	286
IODOLM_02630	contig_1	2772650	2773843	+	1194	48	1038	511	535	533	1328
IODOLM_02631	contig_1	2774041	2775294	-	1254	201	7307	4628	7622	7473	13565
IODOLM_02632	contig_1	2775622	2776812	+	1191	66	1124	524	289	275	652
IODOLM_02633	contig_1	2776857	2777195	-	339	53	1445	746	618	584	1412
IODOLM_02634	contig_1	2777256	2778590	-	1335	65	1693	929	892	802	1947
IODOLM_02635	contig_1	2778580	2779293	-	714	33	972	597	704	627	1580
IODOLM_02636	contig_1	2779458	2780840	-	1383	72	1629	861	909	863	1967
IODOLM_02637	contig_1	2781443	2785330	-	3888	47	1737	1741	7565	7551	14779
IODOLM_02638	contig_1	2785588	2787144	+	1557	16	258	145	166	153	364
IODOLM_02639	contig_1	2787141	2787644	-	504	25	358	205	849	708	1711
IODOLM_02640	contig_1	2787702	2788337	-	636	31	864	450	1760	1640	3406
IODOLM_02641	contig_1	2788546	2789394	+	849	10	268	152	331	266	671
IODOLM_02642	contig_1	2789450	2789710	+	261	7	164	90	270	204	699
IODOLM_02643	contig_1	2790405	2790785	-	381	20	444	240	288	257	615
IODOLM_02644	contig_1	2790785	2791516	-	732	158	2530	1474	1423	1298	2981
IODOLM_02645	contig_1	2791528	2792256	-	729	64	1406	928	808	758	1741
IODOLM_02646	contig_1	2792268	2793173	-	906	259	6543	3931	3054	2913	6436
IODOLM_02647	contig_1	2793170	2793850	-	681	188	3550	2250	1942	1782	4280
IODOLM_02648	contig_1	2794122	2795096	-	975	430	8477	5154	3197	2997	7115
IODOLM_02649	contig_1	2795112	2796911	-	1800	348	10603	6806	5848	5349	12819
IODOLM_02650	contig_1	2797109	2797588	-	480	39	954	715	959	816	2134
IODOLM_02651	contig_1	2797585	2798541	-	957	131	3765	2559	3235	2719	7591
IODOLM_02652	contig_1	2798541	2799191	-	651	336	9171	5550	17332	16706	34854
IODOLM_02653	contig_1	2799224	2799799	-	576	462	8611	4591	8084	7915	17212
IODOLM_02654	contig_1	2800207	2801829	+	1623	40	1040	675	720	649	1635
IODOLM_02655	contig_1	2801814	2802551	-	738	50	936	508	366	322	843
IODOLM_02656	contig_1	2802683	2804017	+	1335	80	2090	1477	2433	2039	4919
IODOLM_02657	contig_1	2804226	2805107	-	882	74	1814	967	477	391	985
IODOLM_02658	contig_1	2805210	2805797	+	588	26	517	243	167	194	451
IODOLM_02659	contig_1	2805853	2806236	-	384	115	4555	2896	40895	35964	71548
IODOLM_02660	contig_1	2806541	2807230	+	690	24	690	375	469	375	1024
IODOLM_02661	contig_1	2807278	2808315	-	1038	156	3599	2038	2011	1730	4012
IODOLM_02662	contig_1	2808522	2808941	+	420	52	2043	1009	991	970	2054
IODOLM_02663	contig_1	2809010	2809708	+	699	16	403	276	205	206	450
IODOLM_02664	contig_1	2809740	2812400	+	2661	86	2429	1418	1265	1203	2805
IODOLM_02665	contig_1	2812514	2813869	+	1356	170	5276	3071	3728	3152	7684
IODOLM_02666	contig_1	2813966	2814238	+	273	0	121	82	118	87	223
IODOLM_02667	contig_1	2814235	2815533	-	1299	469	12512	6286	24181	25176	59223
IODOLM_02668	contig_1	2817118	2817237	-	120	35990	7736	5167	4079	149	589
IODOLM_02669	contig_1	2819503	2819757	-	255	72416	2026	2512	3451	192	706
IODOLM_02670	contig_1	2821387	2823960	-	2574	397	10268	5926	35903	39589	99656
IODOLM_02671	contig_1	2824090	2824821	-	732	44	1107	701	874	795	2026
IODOLM_02672	contig_1	2824818	2825798	-	981	72	1913	1210	1893	1709	4039
IODOLM_02673	contig_1	2825933	2826670	+	738	287	7398	4367	3577	3323	7276
IODOLM_02674	contig_1	2826941	2827282	+	342	1308	57743	29454	4723	4755	7582
IODOLM_02675	contig_1	2827532	2828692	+	1161	100	3739	2507	4486	4482	9095
IODOLM_02676	contig_1	2828735	2829856	-	1122	125	2528	1519	4458	3512	8929
IODOLM_02677	contig_1	2829867	2830937	-	1071	94	2985	1683	6497	4914	12741
IODOLM_02678	contig_1	2831150	2831512	+	363	3	82	40	144	123	320
IODOLM_02679	contig_1	2831662	2832180	+	519	10	278	176	451	380	1138
IODOLM_02680	contig_1	2832170	2833396	+	1227	10	429	250	418	425	933
IODOLM_02681	contig_1	2833412	2833894	+	483	10	193	106	391	392	882
IODOLM_02682	contig_1	2833970	2834317	-	348	474	11326	7144	16968	16457	33992
IODOLM_02683	contig_1	2834359	2835126	-	768	1571	25349	15747	43075	39257	84473
IODOLM_02684	contig_1	2835157	2835705	-	549	1242	22327	14187	38037	34589	69866
IODOLM_02685	contig_1	2835724	2835972	-	249	342	7821	4957	17719	16654	33534
IODOLM_02686	contig_1	2836221	2837582	-	1362	510	14074	8102	5134	4904	10673
IODOLM_02687	contig_1	2837674	2838540	+	867	37	865	493	600	530	1169
IODOLM_02688	contig_1	2838606	2839847	+	1242	88	2216	1425	616	585	1441
IODOLM_02689	contig_1	2839902	2840495	-	594	142	4196	2420	8655	9673	20591
IODOLM_02690	contig_1	2840618	2841496	+	879	30	1102	680	981	817	2020
IODOLM_02691	contig_1	2841582	2843243	+	1662	12	374	241	238	234	525
IODOLM_02692	contig_1	2843392	2843733	+	342	94	4033	2110	2120	1941	4448
IODOLM_02693	contig_1	2843795	2844085	-	291	20	535	287	156	143	339
IODOLM_02694	contig_1	2844075	2844524	-	450	42	1007	535	376	392	835
IODOLM_02695	contig_1	2844683	2845165	+	483	21	796	545	1142	945	2250
IODOLM_02697	contig_1	2845946	2847187	+	1242	55	1778	997	711	676	1586
IODOLM_02698	contig_1	2847431	2848387	-	957	10	183	118	296	280	700
IODOLM_02699	contig_1	2848431	2848643	+	213	1	9	7	22	24	67
IODOLM_02700	contig_1	2848772	2850181	+	1410	0	48	26	104	65	173
IODOLM_02701	contig_1	2850334	2850960	+	627	3	30	9	42	47	107
IODOLM_02702	contig_1	2851138	2853327	-	2190	19	698	492	849	741	1842
IODOLM_02703	contig_1	2853324	2854940	-	1617	28	671	419	773	711	1833
IODOLM_02704	contig_1	2855705	2856778	+	1074	224	4835	2520	3249	2920	7189
IODOLM_02705	contig_1	2856771	2857142	+	372	28	772	454	1024	847	2208
IODOLM_02706	contig_1	2857497	2858360	+	864	2	115	52	78	72	190
IODOLM_02707	contig_1	2858452	2859273	+	822	1	29	15	57	53	102
IODOLM_02708	contig_1	2859490	2860191	+	702	0	4	10	21	17	28
IODOLM_02709	contig_1	2860232	2860468	+	237	0	4	1	4	2	13
IODOLM_02710	contig_1	2860468	2860911	+	444	0	7	2	16	7	15
IODOLM_02711	contig_1	2860935	2861402	+	468	0	15	10	24	28	58
IODOLM_02712	contig_1	2861627	2861941	-	315	2	95	38	110	93	224
IODOLM_02713	contig_1	2861954	2862547	-	594	12	256	144	131	84	304
IODOLM_02714	contig_1	2862623	2862823	-	201	3	47	29	34	35	56
IODOLM_02715	contig_1	2863105	2864808	+	1704	21	379	269	348	389	812
IODOLM_02716	contig_1	2865706	2866164	+	459	0	0	0	6	0	4
IODOLM_02717	contig_1	2866173	2866655	+	483	0	1	2	3	4	14
IODOLM_02718	contig_1	2866664	2866864	+	201	0	6	2	14	5	25
IODOLM_02719	contig_1	2866902	2867219	+	318	0	2	3	7	7	14
IODOLM_02720	contig_1	2867240	2867569	+	330	2	7	2	13	8	25
IODOLM_02721	contig_1	2867933	2872513	-	4581	34	505	304	895	920	2251
IODOLM_02722	contig_1	2873425	2874216	-	792	0	29	15	23	33	69
IODOLM_02723	contig_1	2874316	2874798	-	483	0	2	2	2	8	21
IODOLM_02724	contig_1	2876184	2876516	+	333	0	1	0	2	4	5
IODOLM_02725	contig_1	2876535	2877221	+	687	0	2	1	0	8	4
IODOLM_02726	contig_1	2877234	2878025	+	792	0	17	11	14	9	32
IODOLM_02727	contig_1	2878772	2879749	+	978	9	202	102	368	340	904
IODOLM_02728	contig_1	2879769	2881037	+	1269	5	262	139	593	454	1352
IODOLM_02729	contig_1	2881060	2882508	+	1449	20	571	317	1476	1219	2946
IODOLM_02730	contig_1	2882522	2883802	+	1281	35	1093	580	1380	1135	2559
IODOLM_02731	contig_1	2884040	2885440	+	1401	1	419	255	494	440	1031
IODOLM_02732	contig_1	2885461	2886123	+	663	31	933	496	563	474	1138
IODOLM_02733	contig_1	2886124	2886573	-	450	134	4562	2392	2958	2603	5726
IODOLM_02734	contig_1	2886657	2886815	-	159	13	251	105	307	300	855
IODOLM_02735	contig_1	2886998	2887297	+	300	17	661	274	109	96	303
IODOLM_02736	contig_1	2887307	2887831	+	525	33	1209	526	388	404	786
IODOLM_02737	contig_1	2887878	2888282	-	405	2	34	25	132	138	461
IODOLM_02738	contig_1	2888951	2889400	+	450	136	3267	1980	1248	1582	3945
IODOLM_02739	contig_1	2889437	2889781	-	345	12	280	147	297	273	755
IODOLM_02740	contig_1	2889933	2890262	+	330	203	7088	3819	2252	2159	6842
IODOLM_02741	contig_1	2890510	2890755	+	246	29	801	507	411	398	1000
IODOLM_02742	contig_1	2890752	2891162	+	411	38	815	513	358	387	1013
IODOLM_02743	contig_1	2891135	2893279	+	2145	213	6450	4178	1657	1625	4129
IODOLM_02744	contig_1	2893289	2894248	+	960	31	1624	1141	744	644	1534
IODOLM_02745	contig_1	2894602	2895624	+	1023	17	189	132	4582	4393	8881
IODOLM_02746	contig_1	2895653	2895928	+	276	12	137	94	320	265	589
IODOLM_02747	contig_1	2895973	2896350	+	378	13	195	135	278	250	574
IODOLM_02748	contig_1	2896574	2897638	+	1065	8	192	119	510	392	1085
IODOLM_02749	contig_1	2897696	2898688	+	993	5	128	68	424	362	891
IODOLM_02750	contig_1	2898880	2899146	+	267	0	19	9	88	68	176
IODOLM_02751	contig_1	2899140	2900057	+	918	3	65	26	127	129	295
IODOLM_02752	contig_1	2900181	2900918	+	738	21	926	581	1003	935	2140
IODOLM_02753	contig_1	2900908	2901243	+	336	7	163	105	279	270	691
IODOLM_02754	contig_1	2901334	2901864	+	531	20	1019	639	1682	1587	3729
IODOLM_02755	contig_1	2901991	2903163	+	1173	15	462	257	1124	1027	2341
IODOLM_02756	contig_1	2903180	2904718	+	1539	12	482	269	805	782	1803
IODOLM_02757	contig_1	2904782	2905297	-	516	133	4076	2180	5271	4693	9441
IODOLM_02758	contig_1	2905447	2907003	-	1557	263	6275	3865	5170	4446	10292
IODOLM_02759	contig_1	2907076	2907504	-	429	24	670	414	488	493	1052
IODOLM_02760	contig_1	2907501	2908067	-	567	33	830	483	547	451	1109
IODOLM_02761	contig_1	2909525	2909710	-	186	420	10457	5364	12828	11723	22936
IODOLM_02762	contig_1	2909945	2912575	-	2631	944	26934	17296	13488	12661	28424
IODOLM_02763	contig_1	2912703	2913203	-	501	4	73	45	75	72	180
IODOLM_02764	contig_1	2913272	2914333	-	1062	256	6333	3480	3252	3266	6565
IODOLM_02765	contig_1	2914413	2914910	-	498	17	404	261	320	312	741
IODOLM_02766	contig_1	2915055	2916245	-	1191	35	708	440	644	545	1265
IODOLM_02767	contig_1	2916396	2916959	+	564	0	20	8	11	14	18
IODOLM_02768	contig_1	2916956	2917915	+	960	0	22	15	7	17	27
IODOLM_02769	contig_1	2917926	2918297	+	372	1	4	3	3	5	9
IODOLM_02770	contig_1	2918301	2919080	+	780	4	109	59	63	67	127
IODOLM_02771	contig_1	2919185	2919544	+	360	1	25	17	33	41	94
IODOLM_02772	contig_1	2919611	2920384	+	774	14	314	215	242	224	563
IODOLM_02773	contig_1	2920377	2921342	+	966	11	334	191	238	234	507
IODOLM_02774	contig_1	2921339	2922853	-	1515	70	1313	632	296	283	675
IODOLM_02775	contig_1	2923040	2924479	+	1440	10	229	129	254	215	569
IODOLM_02776	contig_1	2924476	2925609	+	1134	6	183	101	144	120	328
IODOLM_02777	contig_1	2925737	2927989	-	2253	21	546	277	535	467	1107
IODOLM_02778	contig_1	2928142	2928669	-	528	5	101	58	267	208	497
IODOLM_02779	contig_1	2928818	2929831	-	1014	21	465	184	75	61	206
IODOLM_02780	contig_1	2930088	2931545	+	1458	9	298	211	206	205	510
IODOLM_02781	contig_1	2931554	2932978	+	1425	16	414	255	311	287	696
IODOLM_02782	contig_1	2933137	2933607	-	471	29	499	241	202	211	464
IODOLM_02783	contig_1	2933600	2934010	-	411	4	89	44	67	46	147
IODOLM_02784	contig_1	2934007	2934774	-	768	1	75	51	60	57	146
IODOLM_02785	contig_1	2934774	2935316	-	543	1	24	10	36	21	73
IODOLM_02786	contig_1	2935326	2937035	-	1710	1	99	56	158	170	502
IODOLM_02787	contig_1	2937053	2937976	-	924	0	35	19	100	109	284
IODOLM_02788	contig_1	2937979	2939805	-	1827	3	87	63	421	353	878
IODOLM_02789	contig_1	2939802	2940413	-	612	0	30	21	299	235	616
IODOLM_02790	contig_1	2940538	2940999	-	462	1	39	29	296	198	614
IODOLM_02791	contig_1	2941211	2941561	+	351	1	37	24	50	61	146
IODOLM_02792	contig_1	2941565	2942437	+	873	8	240	160	301	274	580
IODOLM_02793	contig_1	2942428	2942700	+	273	0	48	18	51	38	92
IODOLM_02794	contig_1	2942700	2943821	+	1122	13	354	217	301	279	630
IODOLM_02795	contig_1	2943818	2944828	+	1011	30	565	345	345	321	927
IODOLM_02796	contig_1	2944902	2946980	+	2079	15	442	280	527	466	1176
IODOLM_02797	contig_1	2947017	2947370	-	354	16	375	150	137	116	258
IODOLM_02798	contig_1	2947447	2947581	-	135	0	4	4	3	3	14
IODOLM_02799	contig_1	2947657	2950218	+	2562	60	2210	1317	637	564	1322
IODOLM_02800	contig_1	2950324	2950980	+	657	0	19	12	25	34	81
IODOLM_02801	contig_1	2951031	2951798	-	768	34	787	412	166	159	374
IODOLM_02802	contig_1	2951994	2952902	+	909	2	77	52	40	41	82
IODOLM_02803	contig_1	2952899	2954065	+	1167	4	120	67	129	115	286
IODOLM_02804	contig_1	2954157	2954795	+	639	2	97	65	125	104	251
IODOLM_02805	contig_1	2954800	2955576	+	777	5	100	62	85	83	194
IODOLM_02806	contig_1	2955665	2957029	+	1365	6	286	149	149	128	367
IODOLM_02807	contig_1	2957123	2958115	-	993	3498	69332	36419	29242	28059	67802
IODOLM_02808	contig_1	2958178	2959317	-	1140	2142	42254	21560	9299	10249	24249
IODOLM_02809	contig_1	2959457	2960083	-	627	63	1349	796	876	795	1957
IODOLM_02810	contig_1	2960077	2960838	-	762	61	733	465	908	839	2017
IODOLM_02811	contig_1	2960819	2961868	-	1050	77	1145	772	1242	1162	2875
IODOLM_02812	contig_1	2961865	2962344	-	480	17	357	213	408	390	931
IODOLM_02813	contig_1	2962344	2963054	-	711	22	442	247	591	551	1308
IODOLM_02814	contig_1	2963073	2963384	-	312	41	570	335	447	433	1076
IODOLM_02815	contig_1	2963578	2963901	-	324	5	70	27	273	263	728
IODOLM_02816	contig_1	2963951	2964556	-	606	8	163	92	261	195	700
IODOLM_02817	contig_1	2964556	2965983	-	1428	43	987	558	1895	1629	5100
IODOLM_02818	contig_1	2965985	2966893	-	909	10	300	134	1372	1396	3816
IODOLM_02819	contig_1	2967145	2968182	+	1038	32	604	307	567	530	1307
IODOLM_02820	contig_1	2969133	2969417	-	285	4	176	110	80	80	187
IODOLM_02821	contig_1	2969419	2970336	-	918	8	250	169	250	226	530
IODOLM_02822	contig_1	2970352	2970951	-	600	12	124	73	159	187	372
IODOLM_02823	contig_1	2970938	2971612	-	675	3	63	33	121	132	307
IODOLM_02824	contig_1	2971615	2972706	-	1092	5	76	75	166	156	382
IODOLM_02825	contig_1	2972719	2973201	-	483	2	33	27	49	55	157
IODOLM_02826	contig_1	2973194	2974702	-	1509	2	105	83	102	98	294
IODOLM_02827	contig_1	2975117	2977783	-	2667	9	158	84	221	214	588
IODOLM_02828	contig_1	2978142	2978876	-	735	26	413	212	898	638	2117
IODOLM_02829	contig_1	2978951	2980663	-	1713	30	887	547	1971	1548	4739
IODOLM_02830	contig_1	2980663	2982462	-	1800	18	761	417	2052	1873	6197
IODOLM_02831	contig_1	2982778	2983143	+	366	2	133	94	180	183	415
IODOLM_02832	contig_1	2983221	2984492	+	1272	1	66	39	85	76	177
IODOLM_02833	contig_1	2984483	2984743	+	261	0	7	2	9	12	23
IODOLM_02834	contig_1	2984760	2985335	+	576	2	43	21	31	36	86
IODOLM_02835	contig_1	2985483	2986343	-	861	8	128	67	56	52	98
IODOLM_02836	contig_1	2986340	2987119	-	780	1	68	46	35	33	81
IODOLM_02837	contig_1	2987097	2988506	-	1410	0	65	48	45	49	112
IODOLM_02838	contig_1	2988528	2989982	-	1455	5	92	54	88	71	213
IODOLM_02839	contig_1	2990052	2990837	-	786	0	1	1	4	6	12
IODOLM_02840	contig_1	2991156	2992433	+	1278	1	10	10	14	18	31
IODOLM_02841	contig_1	2992460	2993938	+	1479	11	193	89	79	63	123
IODOLM_02842	contig_1	2995311	2995982	-	672	31	1430	668	673	583	1443
IODOLM_02843	contig_1	2996121	2996261	+	141	0	0	1	0	1	3
IODOLM_02844	contig_1	2997207	2998505	-	1299	1877	57129	34357	32551	29574	56184
IODOLM_02845	contig_1	2998593	3000230	-	1638	899	22868	13509	9487	8808	18639
IODOLM_02846	contig_1	3000458	3001249	-	792	69	955	526	1017	1033	2628
IODOLM_02847	contig_1	3001320	3001655	-	336	11	252	121	272	271	736
IODOLM_02848	contig_1	3001655	3001903	-	249	7	268	150	211	193	478
IODOLM_02849	contig_1	3001981	3003987	-	2007	101	2510	1488	667	686	1597
IODOLM_02850	contig_1	3003972	3004877	-	906	78	1552	916	788	723	1597
IODOLM_02851	contig_1	3004835	3005200	-	366	50	921	544	467	441	985
IODOLM_02852	contig_1	3005276	3005551	-	276	114	2201	1188	674	616	1430
IODOLM_02853	contig_1	3005599	3006900	-	1302	65	2088	1189	642	596	1424
IODOLM_02854	contig_1	3006957	3009713	+	2757	69	2625	1606	600	599	1334
IODOLM_02855	contig_1	3009945	3011285	-	1341	6	307	198	154	145	350
IODOLM_02856	contig_1	3011306	3012646	-	1341	9	230	153	64	75	159
IODOLM_02857	contig_1	3012648	3014000	-	1353	5	158	106	69	51	134
IODOLM_02858	contig_1	3014435	3014884	-	450	40	1165	621	647	544	1170
IODOLM_02859	contig_1	3014902	3015684	-	783	57	1173	742	517	401	914
IODOLM_02860	contig_1	3015684	3016013	-	330	19	572	353	222	175	448
IODOLM_02861	contig_1	3016635	3017180	-	546	21	914	520	375	304	762
IODOLM_02862	contig_1	3017248	3018096	+	849	75	1610	888	595	524	1100
IODOLM_02863	contig_1	3018208	3019572	+	1365	37	1411	908	1431	1281	3174
IODOLM_02864	contig_1	3020129	3021418	+	1290	32	1330	905	1514	1442	2812
IODOLM_02865	contig_1	3021476	3022843	+	1368	20	476	337	651	557	1268
IODOLM_02866	contig_1	3022955	3023710	+	756	7	196	131	185	149	411
IODOLM_02867	contig_1	3023765	3024913	-	1149	13	398	224	273	326	604
IODOLM_02868	contig_1	3024941	3025588	-	648	1	86	49	58	53	140
IODOLM_02869	contig_1	3026135	3027451	+	1317	0	119	54	24	33	57
IODOLM_02870	contig_1	3027484	3029259	+	1776	10	210	136	209	149	389
IODOLM_02871	contig_1	3029368	3030786	+	1419	7	206	146	98	111	250
IODOLM_02872	contig_1	3030788	3031210	+	423	15	342	206	140	153	347
IODOLM_02873	contig_1	3031268	3031999	+	732	21	549	319	243	210	526
IODOLM_02874	contig_1	3032043	3033143	-	1101	66	1770	1055	1198	1117	2529
IODOLM_02875	contig_1	3033136	3033531	-	396	18	407	205	263	218	504
IODOLM_02876	contig_1	3033550	3034467	-	918	22	551	270	473	397	1028
IODOLM_02877	contig_1	3034810	3035037	-	228	14	289	159	1243	1038	2435
IODOLM_02878	contig_1	3035229	3036434	+	1206	94	2681	1487	1562	1317	3096
IODOLM_02879	contig_1	3036434	3036877	+	444	61	1199	705	682	591	1409
IODOLM_02880	contig_1	3036928	3037734	-	807	146	2990	1741	693	699	1542
IODOLM_02881	contig_1	3037973	3039070	-	1098	111	2487	1567	1706	1672	4233
IODOLM_02882	contig_1	3039649	3040902	-	1254	91	1856	1140	1979	1678	4529
IODOLM_02883	contig_1	3041134	3042465	+	1332	46	1011	577	1548	1381	3071
IODOLM_02884	contig_1	3042527	3044353	-	1827	143	2945	1968	1139	1027	2305
IODOLM_02885	contig_1	3044353	3047895	-	3543	432	8524	5945	2461	2282	4860
IODOLM_02886	contig_1	3047888	3050776	-	2889	419	10927	7175	1519	1652	3081
IODOLM_02887	contig_1	3050952	3054320	-	3369	188	7228	4752	1544	1397	3199
IODOLM_02888	contig_1	3054333	3054656	-	324	7	114	70	62	59	141
IODOLM_02889	contig_1	3054641	3055048	-	408	6	145	103	80	80	156
IODOLM_02890	contig_1	3055045	3055608	-	564	3	234	102	73	85	184
IODOLM_02891	contig_1	3055599	3056069	-	471	3	47	28	53	29	103
IODOLM_02892	contig_1	3056253	3057047	-	795	113	3870	2622	1672	1629	3550
IODOLM_02893	contig_1	3057054	3057929	-	876	105	3307	2300	1018	1031	2008
IODOLM_02894	contig_1	3058080	3060326	-	2247	677	19468	12504	2532	2669	5161
IODOLM_02895	contig_1	3060339	3060869	-	531	207	5819	3337	1254	1216	2346
IODOLM_02896	contig_1	3061222	3061368	-	147	0	24	10	13	11	25
IODOLM_02897	contig_1	3061554	3062243	+	690	23	700	386	290	292	654
IODOLM_02898	contig_1	3062312	3063025	+	714	35	889	500	616	590	1430
IODOLM_02899	contig_1	3063163	3063381	+	219	20	974	394	883	625	1661
IODOLM_02900	contig_1	3063489	3064529	+	1041	64	3843	2245	2878	2583	5845
IODOLM_02901	contig_1	3064561	3065754	-	1194	60	1512	897	867	739	1803
IODOLM_02902	contig_1	3065747	3067906	-	2160	89	2091	1238	1083	907	2204
IODOLM_02903	contig_1	3068491	3069522	+	1032	32	1259	704	524	501	1177
IODOLM_02904	contig_1	3069529	3070791	-	1263	56	991	460	202	185	406
IODOLM_02905	contig_1	3070913	3071848	+	936	3	96	77	143	107	318
IODOLM_02906	contig_1	3071835	3072527	-	693	94	1610	1013	526	551	1244
IODOLM_02907	contig_1	3072656	3074074	-	1419	34	736	429	534	544	1228
IODOLM_02908	contig_1	3074389	3075150	-	762	6	149	94	84	87	260
IODOLM_02909	contig_1	3075180	3076016	-	837	0	72	47	103	94	267
IODOLM_02910	contig_1	3076303	3077484	-	1182	10	207	111	144	176	397
IODOLM_02911	contig_1	3077739	3078968	+	1230	25	967	676	422	430	891
IODOLM_02912	contig_1	3079428	3080060	+	633	0	22	13	22	41	88
IODOLM_02913	contig_1	3080142	3080273	-	132	0	0	1	1	5	5
IODOLM_02914	contig_1	3080583	3081203	+	621	11	170	91	97	67	187
IODOLM_02915	contig_1	3081196	3081678	+	483	5	43	27	24	21	61
IODOLM_02916	contig_1	3081711	3081851	-	141	0	1	0	0	3	3
IODOLM_02917	contig_1	3081827	3082252	-	426	0	1	0	7	7	12
IODOLM_02918	contig_1	3082446	3082892	+	447	0	3	2	6	9	14
IODOLM_02919	contig_1	3083160	3083651	+	492	0	3	1	7	2	12
IODOLM_02920	contig_1	3083986	3085362	+	1377	1	9	9	10	9	19
IODOLM_02921	contig_1	3085530	3085748	+	219	0	10	9	10	12	26
IODOLM_02922	contig_1	3085933	3086307	+	375	1	1	1	4	0	8
IODOLM_02923	contig_1	3086352	3086795	-	444	0	8	7	6	9	19
IODOLM_02924	contig_1	3086829	3086984	-	156	0	3	0	1	1	4
IODOLM_02925	contig_1	3087206	3087637	-	432	0	1	2	3	6	12
IODOLM_02926	contig_1	3087640	3087912	-	273	1	8	5	26	34	83
IODOLM_02927	contig_1	3088264	3089169	-	906	74	1517	837	783	701	1624
IODOLM_02928	contig_1	3089127	3089492	-	366	53	934	537	540	470	1037
IODOLM_02929	contig_1	3089926	3090720	-	795	4	118	63	163	135	390
IODOLM_02930	contig_1	3091028	3091783	-	756	64	1263	706	583	528	1280
IODOLM_02931	contig_1	3092198	3094495	+	2298	3	130	69	160	116	334
IODOLM_02932	contig_1	3094506	3095384	+	879	2	33	27	45	39	114
IODOLM_02933	contig_1	3095381	3095860	+	480	0	37	17	29	30	59
IODOLM_02934	contig_1	3095900	3097678	-	1779	26	635	418	441	506	965
IODOLM_02935	contig_1	3098157	3099344	+	1188	0	11	4	14	11	40
IODOLM_02936	contig_1	3099402	3100598	+	1197	0	19	22	36	18	73
IODOLM_02937	contig_1	3100656	3101867	+	1212	0	39	27	66	61	135
IODOLM_02938	contig_1	3101920	3103305	+	1386	0	48	27	46	45	101
IODOLM_02939	contig_1	3103353	3104285	+	933	11	329	168	251	211	513
IODOLM_02940	contig_1	3104506	3106131	-	1626	10	288	178	148	117	265
IODOLM_02941	contig_1	3106179	3106949	-	771	1	47	29	52	51	84
IODOLM_02942	contig_1	3107052	3107630	+	579	2	69	32	557	451	1169
IODOLM_02943	contig_1	3107952	3111050	+	3099	2	85	44	87	72	223
IODOLM_02944	contig_1	3111053	3112381	+	1329	0	41	19	46	35	113
IODOLM_02945	contig_1	3112432	3113211	+	780	2	44	31	41	48	68
IODOLM_02946	contig_1	3113208	3116078	+	2871	14	371	247	383	322	815
IODOLM_02947	contig_1	3116243	3117643	+	1401	1	38	17	56	41	139
IODOLM_02948	contig_1	3117661	3118977	+	1317	2	118	83	159	157	332
IODOLM_02949	contig_1	3119013	3120380	+	1368	5	216	134	169	133	329
IODOLM_02950	contig_1	3120416	3120904	-	489	2	44	28	40	49	114
IODOLM_02951	contig_1	3120904	3122823	-	1920	8	114	71	116	105	328
IODOLM_02952	contig_1	3123259	3124707	+	1449	1	3	3	8	12	30
IODOLM_02953	contig_1	3124709	3124834	+	126	0	2	0	4	6	7
IODOLM_02954	contig_1	3124831	3124902	-	72	1	3	2	2	2	11
IODOLM_02955	contig_1	3124957	3125505	+	549	3	150	78	371	359	902
IODOLM_02956	contig_1	3125549	3127066	-	1518	630	18397	12198	8637	7834	16393
IODOLM_02957	contig_1	3127076	3127957	-	882	303	7721	4828	3926	3639	7800
IODOLM_02958	contig_1	3128265	3129998	-	1734	218	5184	3374	3050	2760	6414
IODOLM_02959	contig_1	3130004	3130714	-	711	106	1883	1162	1425	1312	2997
IODOLM_02960	contig_1	3130739	3131635	-	897	69	1548	891	1057	972	2368
IODOLM_02961	contig_1	3131747	3132268	+	522	56	1898	936	704	622	1345
IODOLM_02962	contig_1	3132308	3132715	-	408	33	584	339	584	502	1136
IODOLM_02963	contig_1	3132696	3132962	-	267	33	642	358	561	565	1250
IODOLM_02964	contig_1	3133205	3134185	+	981	111	3392	1999	1503	1367	2935
IODOLM_02965	contig_1	3134381	3135040	-	660	139	2741	1424	2446	2374	5071
IODOLM_02966	contig_1	3135204	3135515	-	312	16	401	231	168	221	378
IODOLM_02967	contig_1	3135560	3136993	+	1434	99	3483	2111	1341	1193	2778
IODOLM_02968	contig_1	3137050	3137793	-	744	28	576	444	573	643	1410
IODOLM_02969	contig_1	3138060	3140933	-	2874	530	22236	16998	13927	15366	30144
IODOLM_02970	contig_1	3141052	3141441	-	390	156	4432	3390	3224	3535	6778
IODOLM_02971	contig_1	3141465	3142559	-	1095	478	10950	7846	7442	7647	15814
IODOLM_02972	contig_1	3143007	3144209	-	1203	121	3189	1923	1224	1058	2439
IODOLM_02973	contig_1	3144232	3145410	-	1179	186	5104	3155	1831	1665	4071
IODOLM_02974	contig_1	3145407	3146732	-	1326	307	10041	6358	3988	3710	8036
IODOLM_02975	contig_1	3146758	3147336	-	579	102	4333	2644	2081	1953	4207
IODOLM_02976	contig_1	3147504	3147833	+	330	433	11374	5735	4838	4678	10219
IODOLM_02977	contig_1	3148079	3148681	+	603	222	4444	2393	2279	1971	4563
IODOLM_02978	contig_1	3149070	3150302	-	1233	790	20512	12480	6977	6997	15452
IODOLM_02979	contig_1	3150558	3151217	-	660	53	1973	1080	1383	1228	2565
IODOLM_02980	contig_1	3151273	3151503	-	231	0	22	20	16	26	37
IODOLM_02981	contig_1	3151645	3152538	+	894	60	2508	1366	679	659	1484
IODOLM_02982	contig_1	3152742	3154886	+	2145	7	162	103	114	101	260
IODOLM_02983	contig_1	3154879	3155874	+	996	5	56	34	71	45	101
IODOLM_02984	contig_1	3155885	3156670	+	786	1	35	16	71	75	160
IODOLM_02985	contig_1	3156694	3158172	+	1479	3	80	56	73	80	176
IODOLM_02986	contig_1	3158169	3159065	-	897	7	89	50	137	140	320
IODOLM_02987	contig_1	3159232	3159972	-	741	46	1230	686	1661	1452	3587
IODOLM_02988	contig_1	3160065	3160700	-	636	1	196	111	830	720	1754
IODOLM_02989	contig_1	3160839	3161699	-	861	103	3368	1888	9819	7579	17799
IODOLM_02990	contig_1	3162057	3163136	-	1080	1671	58428	36518	24682	24645	43434
IODOLM_02991	contig_1	3163351	3164514	-	1164	1104	45751	29698	17768	18446	38145
IODOLM_02992	contig_1	3164564	3165583	-	1020	1193	33612	21054	10144	10483	19494
IODOLM_02993	contig_1	3165868	3166581	-	714	28	683	418	549	452	1133
IODOLM_02994	contig_1	3166578	3167087	-	510	25	629	325	424	330	743
IODOLM_02995	contig_1	3167109	3168074	-	966	6	118	51	46	61	111
IODOLM_02996	contig_1	3168071	3169348	-	1278	7	135	72	92	72	173
IODOLM_02997	contig_1	3169363	3170652	-	1290	1	50	29	50	35	103
IODOLM_02998	contig_1	3170687	3171667	+	981	52	1255	697	866	720	1789
IODOLM_02999	contig_1	3171705	3171950	-	246	1	20	21	48	39	122
IODOLM_03000	contig_1	3171978	3172421	-	444	0	8	5	3	5	1
IODOLM_03001	contig_1	3172735	3174726	-	1992	294	14040	9476	6925	6464	13280
IODOLM_03002	contig_1	3175004	3175762	+	759	89	1332	781	912	764	1935
IODOLM_03003	contig_1	3175968	3176888	-	921	78	2964	1792	3124	3014	6254
IODOLM_03004	contig_1	3177026	3179002	-	1977	545	12863	7765	11477	10346	23708
IODOLM_03005	contig_1	3179797	3180951	+	1155	94	4016	2291	1917	1666	4114
IODOLM_03006	contig_1	3181375	3182769	+	1395	6	198	135	1470	1145	3001
IODOLM_03007	contig_1	3182888	3183343	+	456	2	57	35	72	61	186
IODOLM_03008	contig_1	3183438	3184145	+	708	1	79	40	118	114	289
IODOLM_03009	contig_1	3184225	3184956	+	732	47	1038	638	599	546	1226
IODOLM_03010	contig_1	3184969	3185919	+	951	105	3561	2117	1672	1529	3628
IODOLM_03011	contig_1	3185956	3186591	+	636	161	4627	2990	1914	1726	3758
IODOLM_03012	contig_1	3186591	3187007	+	417	105	2463	1527	920	923	1875
IODOLM_03013	contig_1	3187191	3188171	-	981	10	97	58	23	26	70
IODOLM_03014	contig_1	3188189	3188893	+	705	31	931	542	348	337	867
IODOLM_03015	contig_1	3188911	3189477	+	567	60	1709	1032	641	583	1173
IODOLM_03016	contig_1	3189474	3189764	+	291	15	372	251	143	122	288
IODOLM_03017	contig_1	3189772	3190365	+	594	42	1171	735	476	439	1002
IODOLM_03018	contig_1	3190358	3191494	+	1137	92	2340	1481	644	635	1549
IODOLM_03019	contig_1	3191649	3192656	-	1008	5	47	24	20	31	66
IODOLM_03020	contig_1	3192773	3193819	-	1047	13	396	234	824	777	1783
IODOLM_03021	contig_1	3193995	3194714	-	720	52	1314	727	507	451	1271
IODOLM_03022	contig_1	3194898	3195224	-	327	100	1809	990	1287	1208	2776
IODOLM_03023	contig_1	3195224	3195943	-	720	53	1304	802	1223	1146	2878
IODOLM_03024	contig_1	3196104	3197156	+	1053	58	1380	959	1192	1175	2518
IODOLM_03025	contig_1	3197184	3197459	+	276	16	649	391	442	454	872
IODOLM_03026	contig_1	3197524	3198603	+	1080	28	813	552	537	511	1097
IODOLM_03027	contig_1	3198805	3199506	+	702	4	142	75	184	180	356
IODOLM_03028	contig_1	3199576	3200784	+	1209	8	223	128	268	260	590
IODOLM_03029	contig_1	3200781	3203747	+	2967	115	2612	1608	1780	1639	3995
IODOLM_03030	contig_1	3203945	3204754	+	810	3	139	60	139	133	328
IODOLM_03031	contig_1	3204820	3205230	+	411	1	3	5	29	23	42
IODOLM_03032	contig_1	3205389	3206243	+	855	1	12	7	9	17	28
IODOLM_03033	contig_1	3206327	3207169	+	843	0	18	13	21	23	52
IODOLM_03034	contig_1	3207171	3207707	+	537	13	110	57	67	57	136
IODOLM_03035	contig_1	3208037	3208744	-	708	3	219	107	168	170	304
IODOLM_03036	contig_1	3209142	3211277	+	2136	200	5116	2727	1161	1242	2966
IODOLM_03037	contig_1	3211327	3211929	-	603	21	545	333	563	500	1212
IODOLM_03038	contig_1	3212036	3213244	+	1209	2	148	67	224	181	523
IODOLM_03039	contig_1	3213254	3214879	-	1626	4	39	26	24	16	62
IODOLM_03040	contig_1	3215364	3217046	-	1683	3	119	61	130	124	387
IODOLM_03041	contig_1	3217401	3219572	-	2172	50	1070	628	815	790	1695
IODOLM_03042	contig_1	3219594	3219998	-	405	11	168	120	116	84	254
IODOLM_03043	contig_1	3220003	3221226	-	1224	11	364	202	272	212	510
IODOLM_03044	contig_1	3221237	3222289	-	1053	2	152	79	35	49	119
IODOLM_03045	contig_1	3222289	3223788	-	1500	5	271	157	70	66	202
IODOLM_03046	contig_1	3224039	3224803	+	765	12	261	160	547	524	1229
IODOLM_03047	contig_1	3224810	3225946	-	1137	3	80	36	45	43	103
IODOLM_03048	contig_1	3225981	3226961	+	981	40	1294	740	922	841	1916
IODOLM_03049	contig_1	3227108	3228175	-	1068	1	41	21	45	42	95
IODOLM_03050	contig_1	3228221	3228979	-	759	1	16	13	13	10	39
IODOLM_03051	contig_1	3229011	3229709	-	699	1	18	8	22	25	55
IODOLM_03052	contig_1	3229898	3230590	+	693	0	7	9	9	9	29
IODOLM_03053	contig_1	3230639	3232138	-	1500	1	79	44	69	59	156
IODOLM_03054	contig_1	3232430	3234289	-	1860	109	4157	2614	3024	2705	6221
IODOLM_03055	contig_1	3234494	3235360	+	867	105	3534	1996	1435	1279	2652
IODOLM_03056	contig_1	3235483	3235731	-	249	3	166	109	77	84	197
IODOLM_03057	contig_1	3235744	3236085	-	342	3	131	72	44	53	157
IODOLM_03058	contig_1	3236078	3236566	-	489	25	474	287	348	342	841
IODOLM_03059	contig_1	3236559	3237053	-	495	33	633	377	428	449	950
IODOLM_03060	contig_1	3237053	3238756	-	1704	41	952	545	793	750	2020
IODOLM_03061	contig_1	3238753	3239931	-	1179	4	126	59	148	170	390
IODOLM_03062	contig_1	3239921	3240907	-	987	6	70	40	231	197	542
IODOLM_03063	contig_1	3240910	3242028	-	1119	8	268	123	636	534	1570
IODOLM_03064	contig_1	3242217	3242504	-	288	0	12	6	21	28	80
IODOLM_03065	contig_1	3242623	3243033	-	411	7	193	90	155	171	442
IODOLM_03066	contig_1	3243033	3243386	-	354	14	215	84	141	120	381
IODOLM_03067	contig_1	3243364	3243507	-	144	1	30	12	28	28	63
IODOLM_03068	contig_1	3243664	3244704	+	1041	23	941	594	324	346	600
IODOLM_03069	contig_1	3244744	3245238	-	495	17	555	293	765	797	1635
IODOLM_03070	contig_1	3245429	3246313	+	885	16	328	152	646	470	1179
IODOLM_03071	contig_1	3246585	3247010	-	426	555	11560	6018	3515	3563	7896
IODOLM_03072	contig_1	3247017	3247751	-	735	805	16473	8615	7325	6803	15645
IODOLM_03073	contig_1	3248003	3249190	+	1188	71	1376	711	396	380	842
IODOLM_03074	contig_1	3249330	3249989	+	660	71	2992	1641	894	795	1628
IODOLM_03075	contig_1	3250029	3250985	-	957	12	172	97	191	171	512
IODOLM_03076	contig_1	3251122	3252285	+	1164	8	479	259	606	539	1323
IODOLM_03077	contig_1	3252390	3253217	+	828	28	678	388	1791	1509	3452
IODOLM_03078	contig_1	3253417	3254343	+	927	4	69	34	70	63	165
IODOLM_03079	contig_1	3254394	3254651	+	258	1	38	11	29	32	63
IODOLM_03080	contig_1	3254694	3256913	-	2220	165	6003	4282	3524	3166	7152
IODOLM_03081	contig_1	3257024	3258436	-	1413	66	1966	1270	2174	1910	4684
IODOLM_03082	contig_1	3258511	3259248	-	738	24	1038	609	828	799	1826
IODOLM_03083	contig_1	3259482	3261740	-	2259	232	7194	4346	2256	2105	4872
IODOLM_03084	contig_1	3261878	3263485	-	1608	37	906	429	1148	897	2311
IODOLM_03085	contig_1	3263618	3264013	-	396	106	2987	1334	964	965	2267
IODOLM_03086	contig_1	3264015	3264311	-	297	136	2240	1051	1146	1213	2831
IODOLM_03087	contig_1	3264516	3264998	-	483	7	220	130	822	673	1693
IODOLM_03088	contig_1	3265051	3265443	-	393	18	755	429	1784	1652	3769
IODOLM_03089	contig_1	3265595	3266254	+	660	19	363	196	87	86	234
IODOLM_03090	contig_1	3266251	3267600	+	1350	39	883	518	183	170	433
IODOLM_03091	contig_1	3268297	3268878	+	582	14	402	244	356	340	735
IODOLM_03092	contig_1	3268909	3269223	+	315	130	2008	1075	1677	1672	3459
IODOLM_03093	contig_1	3269271	3271163	-	1893	362	8344	4878	3202	3165	7119
IODOLM_03094	contig_1	3271192	3271773	-	582	38	1087	666	835	703	1786
IODOLM_03095	contig_1	3271773	3272600	-	828	138	4076	2402	1647	1714	3585
IODOLM_03096	contig_1	3272625	3273047	-	423	67	1339	774	531	526	1041
IODOLM_03097	contig_1	3273048	3273677	-	630	72	1144	693	650	588	1425
IODOLM_03098	contig_1	3273882	3275363	+	1482	95	2862	1735	8388	7497	17347
IODOLM_03099	contig_1	3275511	3276182	+	672	129	4652	2579	1757	1487	3679
IODOLM_03100	contig_1	3276188	3277348	+	1161	213	7697	4688	2014	1756	3803
IODOLM_03101	contig_1	3277386	3278201	-	816	23	586	320	296	304	699
IODOLM_03102	contig_1	3278317	3279090	+	774	152	4367	2475	1294	1100	2498
IODOLM_03103	contig_1	3279580	3280233	-	654	1893	52720	29128	9530	10979	28802
IODOLM_03104	contig_1	3280607	3280897	+	291	17	700	464	486	453	1058
IODOLM_03105	contig_1	3281181	3281732	+	552	1	9	5	14	21	39
IODOLM_03106	contig_1	3281954	3282319	+	366	41	901	535	542	433	1101
IODOLM_03107	contig_1	3282277	3283182	+	906	75	1507	855	778	737	1660
IODOLM_03108	contig_1	3283167	3285632	+	2466	4	71	77	92	91	237
IODOLM_03109	contig_1	3285648	3286397	+	750	0	11	8	10	8	36
IODOLM_03110	contig_1	3286399	3287463	+	1065	0	19	16	38	33	85
IODOLM_03111	contig_1	3287506	3287706	-	201	23	1146	592	1700	1519	3874
IODOLM_03112	contig_1	3287975	3288604	+	630	0	39	33	57	68	149
IODOLM_03113	contig_1	3288631	3290292	+	1662	2	93	76	100	85	209
IODOLM_03114	contig_1	3290533	3290592	+	60	3	32	12	21	21	69
IODOLM_03115	contig_1	3290908	3290967	+	60	0	9	6	23	10	53
IODOLM_03116	contig_1	3291087	3292520	-	1434	205	5759	3611	974	933	2209
IODOLM_03117	contig_1	3292568	3295408	-	2841	390	7264	4718	930	970	2403
IODOLM_03118	contig_1	3295431	3296732	-	1302	182	3542	2141	493	525	1165
IODOLM_03119	contig_1	3296974	3297594	+	621	10	439	263	515	462	1294
IODOLM_03120	contig_1	3297658	3298896	+	1239	123	3261	1670	2161	2006	4298
IODOLM_03121	contig_1	3299077	3299898	-	822	50	1078	607	397	411	822
IODOLM_03122	contig_1	3299988	3300356	-	369	15	433	226	94	86	299
IODOLM_03123	contig_1	3300461	3301078	+	618	25	710	403	494	431	1015
IODOLM_03124	contig_1	3301091	3302023	-	933	0	32	18	52	44	107
IODOLM_03125	contig_1	3302230	3303141	+	912	0	14	9	22	26	50
IODOLM_03126	contig_1	3303138	3303743	+	606	0	13	5	16	11	36
IODOLM_03127	contig_1	3303791	3305254	+	1464	1	37	24	36	15	61
IODOLM_03128	contig_1	3305297	3306310	-	1014	86	1852	1082	1258	1122	2615
IODOLM_03129	contig_1	3306548	3306763	+	216	274	9317	5252	6837	6160	14965
IODOLM_03130	contig_1	3306874	3308619	+	1746	246	6501	3919	4703	4242	10663
IODOLM_03131	contig_1	3308814	3310655	+	1842	520	17151	10878	28695	27641	64456
IODOLM_03132	contig_1	3310734	3311240	-	507	62	1084	609	1316	1191	2632
IODOLM_03133	contig_1	3311494	3312258	-	765	45	1276	656	3132	2784	6535
IODOLM_03134	contig_1	3312546	3313169	+	624	14	416	234	3819	3694	7796
IODOLM_03135	contig_1	3313323	3314843	-	1521	21	364	170	476	424	1100
IODOLM_03136	contig_1	3315150	3316640	+	1491	231	5745	3335	5907	5066	10683
IODOLM_03137	contig_1	3316682	3317014	-	333	0	11	5	12	10	29
IODOLM_03138	contig_1	3317233	3318216	+	984	6	345	197	442	354	888
IODOLM_03139	contig_1	3318400	3321492	+	3093	4	86	38	96	92	187
IODOLM_03140	contig_1	3321489	3321938	+	450	1	10	5	15	18	37
IODOLM_03141	contig_1	3322001	3323434	+	1434	0	7	4	31	26	93
IODOLM_03142	contig_1	3323568	3324638	+	1071	0	2	0	8	9	30
IODOLM_03143	contig_1	3324655	3327006	+	2352	6	96	66	92	69	195
IODOLM_03144	contig_1	3327432	3329450	+	2019	8	272	148	142	163	252
IODOLM_03145	contig_1	3329495	3329911	-	417	5	162	62	96	81	257
IODOLM_03146	contig_1	3329908	3330222	-	315	12	101	66	65	58	162
IODOLM_03147	contig_1	3330506	3331642	-	1137	33	849	552	838	645	1601
IODOLM_03148	contig_1	3331727	3332230	+	504	2	61	38	56	46	109
IODOLM_03149	contig_1	3332307	3332999	+	693	0	8	10	26	16	32
IODOLM_03150	contig_1	3333078	3334064	+	987	67	1910	1216	455	453	996
IODOLM_03151	contig_1	3334347	3335312	+	966	47	1215	606	1678	1444	3202
IODOLM_03152	contig_1	3335711	3336955	+	1245	277	10821	6881	1530	1603	3528
IODOLM_03153	contig_1	3336960	3337511	-	552	5	154	86	259	187	482
IODOLM_03154	contig_1	3337594	3339081	-	1488	16	331	214	330	289	665
IODOLM_03155	contig_1	3339096	3340508	-	1413	3	293	163	282	275	627
IODOLM_03156	contig_1	3340991	3342289	+	1299	18	577	417	615	535	1236
IODOLM_03157	contig_1	3342419	3343195	+	777	124	3143	1767	1499	1309	2988
IODOLM_03158	contig_1	3343540	3344202	+	663	174	5732	3024	1192	1050	2304
IODOLM_03159	contig_1	3344206	3344589	+	384	51	1256	696	440	337	1029
IODOLM_03160	contig_1	3344736	3345104	+	369	85	1806	1012	8843	6480	14950
IODOLM_03161	contig_1	3345142	3345447	+	306	23	971	558	4071	3254	8081
IODOLM_03162	contig_1	3345450	3345854	+	405	57	934	525	3788	3171	7109
IODOLM_03163	contig_1	3345844	3346143	+	300	27	747	394	2862	2175	4943
IODOLM_03164	contig_1	3346239	3346721	+	483	10	267	132	950	727	1894
IODOLM_03165	contig_1	3346791	3347777	+	987	34	795	404	1502	1178	2885
IODOLM_03166	contig_1	3348071	3348436	+	366	5	201	114	892	760	2214
IODOLM_03167	contig_1	3348678	3349034	+	357	0	12	8	58	34	138
IODOLM_03168	contig_1	3349085	3349981	-	897	101	2276	1169	511	488	1193
IODOLM_03169	contig_1	3350086	3350787	+	702	5	146	90	59	78	150
IODOLM_03170	contig_1	3350810	3350974	+	165	9	337	157	265	245	566
IODOLM_03171	contig_1	3351108	3352418	-	1311	21	336	196	450	496	1348
IODOLM_03172	contig_1	3352446	3353777	-	1332	9	217	199	259	276	801
IODOLM_03173	contig_1	3354052	3355416	-	1365	10	183	99	118	122	305
IODOLM_03174	contig_1	3355488	3355877	-	390	1	63	34	54	60	149
IODOLM_03175	contig_1	3355891	3358185	-	2295	2	152	80	205	169	423
IODOLM_03176	contig_1	3358219	3359427	-	1209	1	19	11	44	51	116
IODOLM_03177	contig_1	3359453	3360784	-	1332	0	64	41	136	132	288
IODOLM_03178	contig_1	3360806	3361795	-	990	0	17	8	15	15	48
IODOLM_03179	contig_1	3361894	3362832	-	939	1	43	27	13	23	25
IODOLM_03180	contig_1	3363621	3364160	+	540	0	0	1	11	7	10
IODOLM_03181	contig_1	3364182	3365369	+	1188	0	4	4	24	32	45
IODOLM_03182	contig_1	3366392	3367537	-	1146	22	505	308	205	182	476
IODOLM_03183	contig_1	3367634	3368524	-	891	6	205	107	98	89	204
IODOLM_03184	contig_1	3368554	3369324	-	771	1	26	19	22	21	63
IODOLM_03185	contig_1	3369340	3370674	-	1335	1	27	30	26	23	53
IODOLM_03186	contig_1	3371049	3372620	+	1572	7	246	121	141	138	303
IODOLM_03187	contig_1	3372769	3373104	+	336	16	334	171	591	556	1510
IODOLM_03188	contig_1	3373104	3373568	+	465	17	445	270	673	573	1296
IODOLM_03189	contig_1	3373623	3374432	-	810	133	2581	1311	697	688	1696
IODOLM_03190	contig_1	3374681	3375961	+	1281	2	54	28	28	33	53
IODOLM_03191	contig_1	3375984	3376457	+	474	1	27	16	19	20	50
IODOLM_03192	contig_1	3376468	3376869	+	402	1	34	26	17	21	44
IODOLM_03193	contig_1	3376937	3377392	+	456	1	90	49	32	30	76
IODOLM_03194	contig_1	3377743	3378897	+	1155	0	41	27	22	17	39
IODOLM_03195	contig_1	3378910	3379770	+	861	1	24	20	5	6	24
IODOLM_03196	contig_1	3379937	3380413	+	477	1	2	0	49	62	97
IODOLM_03197	contig_1	3380452	3381255	+	804	0	14	7	23	20	69
IODOLM_03198	contig_1	3381245	3382036	+	792	3	43	22	26	33	87
IODOLM_03199	contig_1	3382091	3382792	+	702	1	24	9	27	27	64
IODOLM_03200	contig_1	3383193	3383777	+	585	1	32	15	35	39	111
IODOLM_03201	contig_1	3383857	3384552	+	696	0	4	2	6	8	20
IODOLM_03202	contig_1	3384581	3387097	+	2517	8	127	74	120	92	271
IODOLM_03203	contig_1	3387108	3388199	+	1092	3	134	63	89	98	213
IODOLM_03204	contig_1	3388242	3389102	-	861	39	963	534	323	284	687
IODOLM_03205	contig_1	3389167	3391203	+	2037	133	4610	2902	1508	1386	3028
IODOLM_03206	contig_1	3391161	3391556	+	396	26	628	403	217	183	547
IODOLM_03207	contig_1	3391576	3392166	+	591	51	1400	861	695	682	1574
IODOLM_03208	contig_1	3392176	3392751	+	576	70	1875	1152	815	735	1598
IODOLM_03209	contig_1	3392865	3393905	-	1041	26	607	351	1107	979	2337
IODOLM_03210	contig_1	3393978	3394613	-	636	21	430	237	212	191	513
IODOLM_03211	contig_1	3394741	3395259	+	519	18	482	251	301	272	616
IODOLM_03212	contig_1	3395239	3395682	-	444	16	446	217	213	219	576
IODOLM_03213	contig_1	3395733	3396035	+	303	8	158	72	80	87	190
IODOLM_03214	contig_1	3396022	3396525	-	504	85	1599	854	1199	1119	2242
IODOLM_03215	contig_1	3396519	3397043	-	525	119	2276	1288	1460	1437	2976
IODOLM_03216	contig_1	3397252	3398247	+	996	1	27	23	107	106	178
IODOLM_03217	contig_1	3398256	3399134	+	879	11	104	48	129	103	226
IODOLM_03218	contig_1	3399215	3400222	+	1008	4	321	207	507	416	945
IODOLM_03219	contig_1	3400340	3401584	-	1245	133	2951	1866	10289	8841	13482
IODOLM_03220	contig_1	3401738	3403627	-	1890	5781	151359	90408	62274	60584	130642
IODOLM_03221	contig_1	3403620	3403700	-	81	256	3252	2107	1979	1595	3381
IODOLM_03222	contig_1	3403807	3404691	-	885	4753	80364	44751	40582	37291	85864
IODOLM_03223	contig_1	3404800	3406935	-	2136	1585	47471	29608	32261	29608	62190
IODOLM_03224	contig_1	3407182	3407451	-	270	637	15026	8035	22119	19549	39515
IODOLM_03225	contig_1	3407600	3408544	-	945	155	3817	2542	5850	5093	12503
IODOLM_03226	contig_1	3408544	3408945	-	402	98	2151	1522	2935	2643	6394
IODOLM_03227	contig_1	3409109	3411781	-	2673	1731	43287	28948	37417	34152	79201
IODOLM_03228	contig_1	3411806	3413293	-	1488	571	17240	10695	14421	13371	30153
IODOLM_03229	contig_1	3413321	3413773	-	453	114	3449	2118	3932	3716	8533
IODOLM_03230	contig_1	3414404	3415747	+	1344	111	2333	1366	2663	2233	5221
IODOLM_03231	contig_1	3415755	3417272	-	1518	4	66	47	55	56	122
IODOLM_03232	contig_1	3417940	3418272	-	333	61	2460	1247	2543	2274	5414
IODOLM_03233	contig_1	3418500	3419837	-	1338	263	4984	3190	2824	2881	6641
IODOLM_03234	contig_1	3419830	3420678	-	849	48	908	601	910	886	2066
IODOLM_03235	contig_1	3420768	3422711	-	1944	1853	59925	37070	57484	59991	134703
IODOLM_03236	contig_1	3422802	3423431	-	630	684	16277	9672	14613	15056	33963
IODOLM_03237	contig_1	3423557	3423850	+	294	123	4010	2018	1227	1082	2532
IODOLM_03238	contig_1	3424006	3424482	-	477	76	1733	863	1150	1046	2436
IODOLM_03239	contig_1	3424730	3426163	+	1434	37	1129	621	631	565	1247
IODOLM_03240	contig_1	3426349	3427521	-	1173	538	12332	7709	4163	4283	10539
IODOLM_03241	contig_1	3427537	3428502	-	966	232	4873	3062	2282	2062	4996
IODOLM_03242	contig_1	3428629	3428886	-	258	305	10855	6189	5733	5586	12621
IODOLM_03243	contig_1	3428907	3429218	-	312	618	15703	9032	8292	7939	17751
IODOLM_03244	contig_1	3429477	3430448	+	972	136	5360	3232	2356	2148	4727
IODOLM_03245	contig_1	3430676	3430954	+	279	12	216	112	253	199	479
IODOLM_03246	contig_1	3431002	3432261	-	1260	297	6660	4094	3451	3176	7029
IODOLM_03247	contig_1	3432316	3432585	-	270	42	1282	716	821	719	1630
IODOLM_03248	contig_1	3432730	3433023	-	294	52	1362	803	873	841	1701
IODOLM_03249	contig_1	3433023	3433658	-	636	99	2947	1789	2083	1981	4570
IODOLM_03250	contig_1	3433677	3434228	-	552	106	2080	1291	1304	1161	3008
IODOLM_03251	contig_1	3434233	3435015	-	783	152	3153	1780	1761	1515	3332
IODOLM_03252	contig_1	3435023	3435832	-	810	214	3909	2099	3270	2846	7048
IODOLM_03253	contig_1	3436042	3437019	+	978	57	1130	761	791	638	1634
IODOLM_03254	contig_1	3437033	3438019	+	987	153	2944	1765	1275	1190	2928
IODOLM_03255	contig_1	3438040	3438606	+	567	90	2367	1427	1155	1102	2669
IODOLM_03256	contig_1	3438603	3439178	+	576	165	3680	2169	1508	1301	3173
IODOLM_03257	contig_1	3439147	3439704	+	558	168	4553	2907	1972	1939	4365
IODOLM_03258	contig_1	3439711	3440436	+	726	181	4793	3165	1588	1446	3383
IODOLM_03259	contig_1	3440484	3441917	+	1434	688	16434	10565	4031	3840	8746
IODOLM_03260	contig_1	3441940	3442227	+	288	296	6385	3783	2169	2036	4552
IODOLM_03261	contig_1	3442345	3442836	+	492	173	5516	3570	2235	2238	4710
IODOLM_03262	contig_1	3442882	3443736	+	855	108	2955	2053	2622	2224	5211
IODOLM_03263	contig_1	3443733	3444005	+	273	12	215	139	323	279	782
IODOLM_03264	contig_1	3444219	3444851	+	633	906	20505	11153	23137	19885	41879
IODOLM_03265	contig_1	3444848	3445576	-	729	18	445	283	308	265	629
IODOLM_03266	contig_1	3445573	3446226	-	654	60	1395	844	538	532	1173
IODOLM_03267	contig_1	3446456	3448792	-	2337	351	10076	6084	2239	2017	4380
IODOLM_03268	contig_1	3448888	3449817	-	930	7	108	60	66	59	173
IODOLM_03269	contig_1	3450399	3454952	+	4554	1696	90458	59041	23700	24949	56388
IODOLM_03270	contig_1	3454965	3456383	+	1419	868	22202	14795	8249	8373	18269
IODOLM_03271	contig_1	3456943	3457707	+	765	1	34	19	348	314	635
IODOLM_03272	contig_1	3457879	3458553	+	675	0	3	0	20	26	57
IODOLM_03273	contig_1	3458574	3460955	+	2382	2	111	71	247	201	600
IODOLM_03274	contig_1	3460952	3461431	+	480	2	44	19	77	64	165
IODOLM_03275	contig_1	3461469	3462449	-	981	36	1178	637	828	722	1633
IODOLM_03276	contig_1	3462451	3462696	+	246	0	16	5	30	21	62
IODOLM_03277	contig_1	3462693	3463409	+	717	2	121	62	217	215	542
IODOLM_03278	contig_1	3463594	3464721	+	1128	7	283	182	453	387	1125
IODOLM_03279	contig_1	3464781	3465245	-	465	2	177	87	266	200	545
IODOLM_03280	contig_1	3465242	3466117	-	876	11	162	73	306	235	698
IODOLM_03281	contig_1	3466114	3466803	-	690	8	125	74	146	121	333
IODOLM_03282	contig_1	3466851	3468341	-	1491	4	257	149	294	264	634
IODOLM_03283	contig_1	3468450	3469343	-	894	5	151	77	80	77	165
IODOLM_03284	contig_1	3469465	3470256	-	792	38	1221	730	679	709	1724
IODOLM_03285	contig_1	3470636	3472003	+	1368	2	55	28	31	12	56
IODOLM_03286	contig_1	3472046	3472543	-	498	109	3765	2168	2678	2639	5913
IODOLM_03287	contig_1	3472549	3473187	-	639	180	7508	4658	5585	4976	10430
IODOLM_03288	contig_1	3473582	3473974	-	393	322	14031	9096	24897	22584	45323
IODOLM_03289	contig_1	3473990	3474418	-	429	590	18770	12660	36192	31728	64162
IODOLM_03290	contig_1	3474637	3475764	-	1128	67	1924	1196	1128	1104	2616
IODOLM_03291	contig_1	3475958	3476356	+	399	245	8739	4798	2087	1972	4052
IODOLM_03292	contig_1	3476510	3477877	+	1368	105	2484	1458	1191	1091	2664
IODOLM_03293	contig_1	3477967	3479034	+	1068	103	2218	1251	667	638	1573
IODOLM_03294	contig_1	3479097	3480035	-	939	79	3090	1765	9498	9561	20967
IODOLM_03295	contig_1	3480470	3480940	+	471	26	843	402	671	605	1447
IODOLM_03296	contig_1	3481305	3481568	+	264	2	300	156	485	386	1006
IODOLM_03297	contig_1	3481624	3481896	-	273	17	382	218	261	234	550
IODOLM_03298	contig_1	3481988	3483955	-	1968	19	548	295	401	312	885
IODOLM_03299	contig_1	3483961	3484893	-	933	6	187	98	136	131	376
IODOLM_03300	contig_1	3484901	3485104	-	204	0	28	12	38	39	93
IODOLM_03301	contig_1	3485287	3486216	+	930	30	1663	973	679	643	1511
IODOLM_03302	contig_1	3486350	3487795	-	1446	580	9478	4981	3124	2836	6587
IODOLM_03303	contig_1	3488225	3492025	-	3801	151	2882	1909	2202	2010	5074
IODOLM_03304	contig_1	3492093	3493562	-	1470	410	7052	4399	2181	1930	4508
IODOLM_03305	contig_1	3493552	3494145	-	594	91	1362	823	959	809	2371
IODOLM_03306	contig_1	3494154	3494642	-	489	82	1443	922	681	618	1414
IODOLM_03307	contig_1	3494642	3495745	-	1104	120	4771	3404	2522	2298	5183
IODOLM_03308	contig_1	3495811	3496854	-	1044	273	12082	7896	6550	6324	13832
IODOLM_03309	contig_1	3497159	3499099	-	1941	58	1403	845	2060	1840	4593
IODOLM_03310	contig_1	3499251	3500225	+	975	41	815	450	559	532	1227
IODOLM_03311	contig_1	3501203	3501673	+	471	223	4634	3073	3592	3378	6807
IODOLM_03312	contig_1	3501684	3503033	+	1350	380	9158	5985	5838	5414	11114
IODOLM_03313	contig_1	3503142	3503384	+	243	1	66	33	51	39	115
IODOLM_03314	contig_1	3503374	3504825	+	1452	23	857	574	477	427	953
IODOLM_03315	contig_1	3504837	3505718	+	882	56	1467	985	1004	939	1908
IODOLM_03316	contig_1	3506047	3507012	+	966	630	9168	6072	23750	20601	46457
IODOLM_03317	contig_1	3507038	3507334	+	297	149	2363	1676	8684	8250	17931
IODOLM_03318	contig_1	3507420	3508304	+	885	0	30	29	98	82	206
IODOLM_03319	contig_1	3508388	3508567	+	180	0	19	11	12	9	16
IODOLM_03320	contig_1	3508570	3509232	-	663	0	10	4	6	9	18
IODOLM_03321	contig_1	3509631	3510788	+	1158	1	12	7	16	23	32
IODOLM_03322	contig_1	3510800	3513904	+	3105	16	465	296	267	272	641
IODOLM_03323	contig_1	3513761	3514051	-	291	0	2	0	6	4	8
IODOLM_03324	contig_1	3514157	3514378	+	222	0	80	34	63	65	149
IODOLM_03325	contig_1	3514809	3515045	+	237	0	34	19	23	25	75
IODOLM_03326	contig_1	3515042	3515833	+	792	1	75	40	87	79	195
IODOLM_03327	contig_1	3515901	3517082	+	1182	0	35	23	46	39	97
IODOLM_03328	contig_1	3517092	3518195	+	1104	3	68	40	51	35	76
IODOLM_03329	contig_1	3518203	3518961	+	759	9	154	100	70	60	167
IODOLM_03330	contig_1	3523088	3523342	-	255	72448	1997	2439	3494	165	670
IODOLM_03331	contig_1	3525003	3525557	+	555	147	4197	2383	1735	1692	3235
IODOLM_03332	contig_1	3525533	3525790	-	258	92	1328	721	324	332	743
IODOLM_03333	contig_1	3525787	3526605	-	819	196	4513	2706	954	1010	2184
IODOLM_03334	contig_1	3526610	3527182	-	573	122	2090	1353	830	855	1822
IODOLM_03335	contig_1	3527187	3527729	-	543	123	3746	2082	1559	1580	3459
IODOLM_03336	contig_1	3527758	3528231	-	474	198	6666	3644	1834	1712	3996
IODOLM_03337	contig_1	3528203	3529327	-	1125	47	1307	696	563	529	1191
IODOLM_03338	contig_1	3529457	3529966	+	510	223	4363	2505	2758	2530	5477
IODOLM_03339	contig_1	3529981	3530928	+	948	246	6073	4072	4273	3638	8078
IODOLM_03340	contig_1	3530974	3532263	+	1290	129	3693	2546	2981	2588	5951
IODOLM_03341	contig_1	3532285	3533661	+	1377	118	3054	1883	1553	1421	3323
IODOLM_03342	contig_1	3533791	3534201	+	411	39	987	535	1210	1087	2563
IODOLM_03343	contig_1	3534198	3534416	-	219	14	238	127	683	709	1959
IODOLM_03344	contig_1	3534472	3534897	-	426	29	718	430	1654	1822	4569
IODOLM_03345	contig_1	3534908	3535276	-	369	32	840	494	1465	1611	3925
IODOLM_03346	contig_1	3535383	3535766	-	384	901	18278	12937	34146	31026	76282
IODOLM_03347	contig_1	3535807	3536796	-	990	3506	80614	55962	125442	113010	254225
IODOLM_03348	contig_1	3536822	3537442	-	621	2659	46900	32530	66445	61266	139253
IODOLM_03349	contig_1	3537476	3537865	-	390	1406	26535	18485	36011	34478	76993
IODOLM_03350	contig_1	3537882	3538238	-	357	2177	36340	25103	52045	49243	107720
IODOLM_03351	contig_1	3538385	3538501	-	117	818	13180	8695	17514	16867	34176
IODOLM_03352	contig_1	3538533	3539864	-	1332	3607	83317	56464	111594	104413	227271
IODOLM_03353	contig_1	3539872	3540306	-	435	1112	28070	20576	34231	30140	66946
IODOLM_03354	contig_1	3540310	3540489	-	180	258	5745	4311	5834	5536	14139
IODOLM_03355	contig_1	3540493	3540996	-	504	847	26355	18861	29697	26842	56708
IODOLM_03356	contig_1	3541011	3541364	-	354	579	17465	12458	16744	16313	38876
IODOLM_03357	contig_1	3541374	3541907	-	534	1184	35619	25501	32239	31415	76480
IODOLM_03358	contig_1	3541920	3542312	-	393	730	17970	12905	20689	18869	47264
IODOLM_03359	contig_1	3542346	3542651	-	306	1458	31847	22965	32044	27910	64892
IODOLM_03360	contig_1	3542666	3543205	-	540	1640	48368	33320	42013	39856	86830
IODOLM_03361	contig_1	3543220	3543534	-	315	863	20964	13852	21936	20726	45433
IODOLM_03362	contig_1	3543545	3543916	-	372	1447	33500	20482	40315	37078	85755
IODOLM_03363	contig_1	3544081	3544335	-	255	216	5370	3561	30002	25976	60690
IODOLM_03364	contig_1	3544335	3544526	-	192	147	2450	1928	17763	14599	34278
IODOLM_03365	contig_1	3544526	3544936	-	411	243	4882	4124	45366	39267	85912
IODOLM_03366	contig_1	3544949	3545650	-	702	330	8394	7811	79056	69967	163731
IODOLM_03367	contig_1	3545668	3546000	-	333	169	4102	3900	34643	31237	71968
IODOLM_03368	contig_1	3546015	3546293	-	279	108	2774	2808	25213	20527	48132
IODOLM_03369	contig_1	3546310	3547131	-	822	343	11114	11006	77652	70669	163096
IODOLM_03370	contig_1	3547149	3547451	-	303	214	4848	4558	29331	25385	60152
IODOLM_03371	contig_1	3547448	3548053	-	606	238	8166	7974	43376	40897	98068
IODOLM_03372	contig_1	3548064	3548693	-	630	443	14559	13574	77016	69347	157291
IODOLM_03373	contig_1	3548726	3549037	-	312	302	7890	7120	54323	45214	106788
IODOLM_03374	contig_1	3549275	3549694	-	420	6	43	35	66	48	114
IODOLM_03375	contig_1	3549696	3551165	-	1470	3	54	31	56	59	178
IODOLM_03376	contig_1	3551345	3552160	+	816	0	12	10	48	41	119
IODOLM_03377	contig_1	3552144	3554096	+	1953	4	113	61	170	133	419
IODOLM_03378	contig_1	3554106	3555587	+	1482	1	49	17	64	44	135
IODOLM_03379	contig_1	3555584	3556780	+	1197	3	31	17	26	21	71
IODOLM_03380	contig_1	3556790	3557227	+	438	0	13	3	10	11	26
IODOLM_03381	contig_1	3557235	3557744	+	510	0	11	12	14	11	36
IODOLM_03382	contig_1	3557741	3558118	+	378	1	8	8	11	9	16
IODOLM_03383	contig_1	3558111	3558698	+	588	0	12	4	21	16	34
IODOLM_03384	contig_1	3558691	3559674	+	984	0	23	10	17	13	54
IODOLM_03385	contig_1	3559689	3560852	+	1164	0	53	27	32	18	72
IODOLM_03386	contig_1	3560849	3561310	+	462	0	17	5	19	18	37
IODOLM_03387	contig_1	3561310	3561987	+	678	2	100	50	53	40	140
IODOLM_03388	contig_1	3562016	3562492	-	477	92	1699	877	1142	1079	2465
IODOLM_03389	contig_1	3562564	3562758	-	195	15	554	354	409	490	1305
IODOLM_03390	contig_1	3562927	3564444	-	1518	21	583	324	402	377	848
IODOLM_03391	contig_1	3564535	3565620	-	1086	2	76	35	113	118	281
IODOLM_03392	contig_1	3565912	3567096	-	1185	1714	75094	50448	89592	79164	163635
IODOLM_03393	contig_1	3567167	3569281	-	2115	3704	123213	87600	161806	143502	298453
IODOLM_03394	contig_1	3569309	3569848	-	540	1076	27501	19388	45209	41118	87335
IODOLM_03395	contig_1	3569945	3570319	-	375	738	24641	16484	42729	39510	82471
IODOLM_03396	contig_1	3570445	3570732	-	288	25	690	474	1368	1359	3609
IODOLM_03397	contig_1	3570740	3571099	-	360	14	558	349	273	274	609
IODOLM_03398	contig_1	3571099	3571485	-	387	54	1306	772	484	515	1113
IODOLM_03399	contig_1	3571485	3572207	-	723	112	3135	1993	1498	1374	3206
IODOLM_03400	contig_1	3572374	3573186	-	813	216	6223	3398	3765	3873	8429
IODOLM_03401	contig_1	3573407	3573625	+	219	12	282	184	354	360	787
IODOLM_03402	contig_1	3573674	3574264	-	591	526	16214	8366	6849	6316	12732
IODOLM_03403	contig_1	3574359	3574559	-	201	10	209	104	222	210	546
IODOLM_03404	contig_1	3574569	3576374	-	1806	70	1532	784	576	607	1453
IODOLM_03405	contig_1	3576374	3576925	-	552	23	407	188	235	217	567
IODOLM_03406	contig_1	3577056	3578969	+	1914	143	4953	3304	1244	1179	2769
IODOLM_03407	contig_1	3578969	3579991	+	1023	35	1774	1238	429	441	874
IODOLM_03408	contig_1	3579985	3580203	+	219	6	376	232	141	128	358
IODOLM_03409	contig_1	3580257	3581126	+	870	25	992	675	632	553	1421
IODOLM_03410	contig_1	3581181	3581585	-	405	49	1384	766	453	528	1010
IODOLM_03411	contig_1	3581887	3582519	+	633	311	7009	4192	6026	5583	11332
IODOLM_03412	contig_1	3582570	3584660	+	2091	43	1511	1043	1171	987	2213
IODOLM_03413	contig_1	3584727	3585947	-	1221	54	1384	769	1110	941	2327
IODOLM_03414	contig_1	3586033	3586596	-	564	21	321	198	278	210	554
IODOLM_03415	contig_1	3586628	3587230	-	603	54	875	447	604	506	1230
IODOLM_03416	contig_1	3587220	3587387	-	168	8	238	107	195	149	329
IODOLM_03417	contig_1	3587492	3588064	-	573	17	598	364	404	410	812
IODOLM_03418	contig_1	3588335	3589516	+	1182	23	927	816	4445	4183	7407
IODOLM_03419	contig_1	3589778	3592321	+	2544	102	5108	4156	1464	1168	2082
IODOLM_03420	contig_1	3592318	3592644	+	327	3	145	111	105	79	180
IODOLM_03421	contig_1	3592770	3593576	+	807	1	57	47	52	38	83
IODOLM_03422	contig_1	3593595	3594968	+	1374	136	3711	1968	563	574	1265
IODOLM_03423	contig_1	3595215	3595382	+	168	1	34	13	62	49	144
IODOLM_03424	contig_1	3595677	3597014	+	1338	0	3	1	1	4	5
IODOLM_03425	contig_1	3597035	3598057	+	1023	2	78	51	54	49	99
IODOLM_03426	contig_1	3598107	3598937	+	831	6	79	52	51	56	130
IODOLM_03427	contig_1	3598934	3599719	+	786	11	214	112	158	125	283
IODOLM_03428	contig_1	3599819	3600550	+	732	11	230	150	363	323	691
IODOLM_03429	contig_1	3600702	3601787	-	1086	9	131	77	101	87	234
IODOLM_03430	contig_1	3601799	3603103	-	1305	2	95	60	86	81	191
IODOLM_03431	contig_1	3603115	3603468	-	354	0	25	15	11	10	44
IODOLM_03432	contig_1	3603479	3604357	-	879	0	19	8	13	19	34
IODOLM_03433	contig_1	3604354	3605580	-	1227	2	24	21	20	16	44
IODOLM_03434	contig_1	3605580	3606743	-	1164	0	13	8	20	11	34
IODOLM_03435	contig_1	3606827	3607189	-	363	0	27	18	22	38	45
IODOLM_03436	contig_1	3607206	3608111	-	906	9	116	72	85	107	159
IODOLM_03437	contig_1	3608401	3609405	-	1005	243	5132	2867	2489	2636	5645
IODOLM_03438	contig_1	3609398	3610156	-	759	67	1749	993	1276	1243	2874
IODOLM_03439	contig_1	3610149	3610826	-	678	41	1659	1005	1434	1421	3012
IODOLM_03440	contig_1	3610844	3611680	-	837	49	1349	752	1354	1217	2813
IODOLM_03441	contig_1	3611787	3613073	-	1287	308	8207	5343	6048	5399	12763
IODOLM_03442	contig_1	3613165	3614253	-	1089	489	8721	5143	3976	3854	8863
IODOLM_03443	contig_1	3614310	3614831	-	522	238	5485	3189	2073	2076	4539
IODOLM_03444	contig_1	3615232	3616440	-	1209	7	145	86	88	82	164
IODOLM_03445	contig_1	3616382	3616786	-	405	1	31	9	20	11	40
IODOLM_03446	contig_1	3616776	3617216	-	441	0	28	11	12	15	48
IODOLM_03447	contig_1	3617200	3617739	-	540	2	51	18	29	25	75
IODOLM_03448	contig_1	3617739	3618518	-	780	8	250	144	125	92	257
IODOLM_03449	contig_1	3618638	3621190	+	2553	150	5478	3505	1068	1140	2432
IODOLM_03450	contig_1	3621356	3621916	-	561	71	1544	717	892	903	2144
IODOLM_03451	contig_1	3622236	3624371	+	2136	48	2023	1300	912	793	1992
IODOLM_03452	contig_1	3624436	3625104	+	669	38	984	513	2467	2128	5112
IODOLM_03453	contig_1	3625115	3625516	+	402	24	634	343	2162	2248	5742
IODOLM_03454	contig_1	3625541	3626419	+	879	58	1864	1120	5415	6305	14229
IODOLM_03455	contig_1	3626482	3628206	-	1725	15	435	258	295	279	587
IODOLM_03456	contig_1	3628585	3630207	+	1623	58	2343	1559	1587	1499	2952
IODOLM_03457	contig_1	3630283	3631635	-	1353	56	1271	781	989	886	2087
IODOLM_03458	contig_1	3631632	3632351	-	720	42	1627	969	2091	1875	4202
IODOLM_03459	contig_1	3632579	3633055	+	477	9	226	112	257	217	481
IODOLM_03460	contig_1	3633152	3635473	+	2322	138	3610	2415	1522	1395	3097
IODOLM_03461	contig_1	3635930	3636157	+	228	26	2817	1853	1988	1593	4068
IODOLM_03462	contig_1	3636174	3638495	+	2322	632	27325	18031	9750	8120	16827
IODOLM_03463	contig_1	3638495	3638731	+	237	72	2075	1357	661	628	1335
IODOLM_03464	contig_1	3638934	3639812	+	879	0	109	64	154	147	337
IODOLM_03465	contig_1	3639841	3640611	-	771	44	681	366	212	215	464
IODOLM_03466	contig_1	3640649	3641332	+	684	12	476	296	658	667	1669
IODOLM_03467	contig_1	3641391	3641966	+	576	164	5810	3627	4709	4977	11373
IODOLM_03468	contig_1	3642326	3643642	+	1317	14	486	290	521	527	1107
IODOLM_03469	contig_1	3643753	3645837	-	2085	50	1384	843	1515	1392	3352
IODOLM_03470	contig_1	3645847	3648240	-	2394	26	894	535	1403	1280	2855
IODOLM_03471	contig_1	3648852	3651557	+	2706	29	962	582	1373	1389	2646
IODOLM_03472	contig_1	3651600	3652616	-	1017	30	595	326	883	862	1994
IODOLM_03473	contig_1	3652620	3653846	-	1227	13	294	159	1270	1137	2557
IODOLM_03474	contig_1	3654035	3655633	+	1599	2	78	52	68	54	134
IODOLM_03475	contig_1	3655615	3656373	-	759	66	2087	1291	690	638	1474
IODOLM_03476	contig_1	3656390	3657220	-	831	106	2095	1158	798	692	1653
IODOLM_03477	contig_1	3657265	3657591	-	327	4	268	133	243	242	543
IODOLM_03478	contig_1	3657781	3659286	+	1506	88	2945	1563	1015	921	2208
IODOLM_03479	contig_1	3659492	3659773	-	282	6	122	64	143	96	278
IODOLM_03480	contig_1	3659902	3662349	-	2448	169	4885	3041	6051	5333	13118
IODOLM_03481	contig_1	3662368	3663801	-	1434	53	2470	1597	4058	3702	9078
IODOLM_03482	contig_1	3663801	3665096	-	1296	82	2412	1573	3117	2815	7073
IODOLM_03483	contig_1	3665114	3667087	-	1974	104	2794	1858	3439	3110	7765
IODOLM_03484	contig_1	3667084	3669270	-	2187	231	5380	3470	6573	5825	13657
IODOLM_03485	contig_1	3669543	3670646	-	1104	843	12509	6973	6856	6973	15311
IODOLM_03486	contig_1	3670839	3671432	+	594	11	404	226	402	376	800
IODOLM_03487	contig_1	3671489	3672829	-	1341	9	260	140	354	295	659
IODOLM_03488	contig_1	3672833	3673360	-	528	2	92	57	93	92	241
IODOLM_03489	contig_1	3673499	3674494	-	996	43	1212	683	996	859	2096
IODOLM_03490	contig_1	3674718	3675413	-	696	25	880	453	723	681	1488
IODOLM_03491	contig_1	3675536	3676573	-	1038	72	2146	1210	1496	1279	2906
IODOLM_03492	contig_1	3676906	3677394	+	489	2	146	75	196	232	502
IODOLM_03493	contig_1	3677631	3678809	+	1179	0	13	3	13	11	23
IODOLM_03494	contig_1	3678806	3679222	+	417	0	3	0	3	1	11
IODOLM_03495	contig_1	3679251	3679526	+	276	5	135	86	249	216	596
IODOLM_03496	contig_1	3679571	3679948	+	378	5	163	93	178	167	403
IODOLM_03497	contig_1	3680172	3680327	+	156	1	17	13	9	12	26
IODOLM_03498	contig_1	3680527	3680811	+	285	1	26	14	82	71	190
IODOLM_03499	contig_1	3680849	3682591	-	1743	29	804	427	1897	1644	3313
IODOLM_03500	contig_1	3682711	3683151	+	441	39	981	554	1446	1283	2875
IODOLM_03501	contig_1	3683138	3683881	-	744	24	416	241	531	527	1387
IODOLM_03502	contig_1	3683878	3684948	-	1071	15	261	124	524	439	1135
IODOLM_03503	contig_1	3684950	3685795	-	846	0	26	17	163	149	350
IODOLM_03504	contig_1	3685792	3686679	-	888	0	10	8	138	129	303
IODOLM_03505	contig_1	3686777	3688093	-	1317	7	163	102	868	836	1906
IODOLM_03506	contig_1	3688492	3689205	-	714	6	133	71	158	149	347
IODOLM_03507	contig_1	3689207	3689974	-	768	10	144	87	127	123	317
IODOLM_03508	contig_1	3689971	3691248	-	1278	7	291	183	340	327	711
IODOLM_03509	contig_1	3691245	3692171	-	927	3	182	113	278	257	679
IODOLM_03510	contig_1	3692219	3693328	-	1110	7	208	135	593	508	1374
IODOLM_03511	contig_1	3693752	3694135	+	384	20	515	276	197	214	522
IODOLM_03512	contig_1	3694323	3695426	-	1104	22	523	288	189	200	447
IODOLM_03513	contig_1	3695697	3696551	-	855	527	15232	7329	11110	10088	22956
IODOLM_03514	contig_1	3696796	3697854	-	1059	141	3695	2305	1575	1532	3784
IODOLM_03515	contig_1	3697847	3698515	-	669	114	3248	1974	1013	1049	2373
IODOLM_03516	contig_1	3698518	3700011	-	1494	284	6441	3796	2054	2006	4331
IODOLM_03517	contig_1	3700161	3700757	+	597	25	502	288	276	254	632
IODOLM_03518	contig_1	3700747	3701016	+	270	4	158	81	124	79	206
IODOLM_03519	contig_1	3701019	3701378	-	360	7	281	132	120	124	262
IODOLM_03520	contig_1	3701519	3702145	+	627	24	651	441	966	853	1772
IODOLM_03521	contig_1	3702219	3704417	+	2199	214	5984	4275	4259	3646	7614
IODOLM_03522	contig_1	3704519	3704764	-	246	11	450	226	628	470	1531
IODOLM_03523	contig_1	3704985	3705650	+	666	29	628	394	14222	3478	24852
IODOLM_03524	contig_1	3705723	3706280	+	558	78	2698	1389	7465	3268	14799
IODOLM_03525	contig_1	3706284	3707534	-	1251	99	2173	1121	919	879	2006
IODOLM_03526	contig_1	3707633	3708682	+	1050	24	501	299	393	332	873
IODOLM_03527	contig_1	3708737	3709324	+	588	17	441	307	494	447	1076
IODOLM_03528	contig_1	3709435	3711009	+	1575	0	40	46	87	75	188
IODOLM_03529	contig_1	3711009	3711953	+	945	0	34	20	54	32	92
IODOLM_03530	contig_1	3711950	3712783	+	834	1	45	36	37	38	87
IODOLM_03531	contig_1	3712783	3713547	+	765	1	53	35	57	41	123
IODOLM_03532	contig_1	3713544	3714350	+	807	4	41	37	51	33	125
IODOLM_03533	contig_1	3714356	3714757	+	402	2	230	123	83	92	245
IODOLM_03534	contig_1	3714960	3719195	+	4236	20	429	264	460	379	807
IODOLM_03535	contig_1	3719167	3719550	+	384	1	11	12	6	4	8
IODOLM_03536	contig_1	3719655	3719900	+	246	0	6	7	3	2	10
IODOLM_03537	contig_1	3720146	3721282	+	1137	1	38	25	34	33	81
IODOLM_03538	contig_1	3721447	3722571	-	1125	4	141	86	187	160	516
IODOLM_03539	contig_1	3722571	3725306	-	2736	14	418	288	620	525	1707
IODOLM_03540	contig_1	3725303	3726370	-	1068	59	938	504	1322	1246	3795
IODOLM_03541	contig_1	3726736	3728358	-	1623	4	78	60	118	110	256
IODOLM_03542	contig_1	3728620	3728991	-	372	0	15	6	5	3	18
IODOLM_03543	contig_1	3728988	3730226	-	1239	2	22	18	35	26	84
IODOLM_03544	contig_1	3730609	3731661	+	1053	4	70	52	256	232	442
IODOLM_03545	contig_1	3731976	3733178	-	1203	17	495	335	722	622	1744
IODOLM_03546	contig_1	3733410	3734909	+	1500	307	7787	5092	2804	2532	5113
IODOLM_03547	contig_1	3735153	3735488	-	336	88	3083	1457	1601	1594	3857
IODOLM_03548	contig_1	3735879	3736313	+	435	111	2229	1608	5551	5390	11911
IODOLM_03549	contig_1	3736630	3738099	+	1470	46	1259	822	972	995	2523
IODOLM_03550	contig_1	3738148	3738900	-	753	21	492	214	541	544	1399
IODOLM_03551	contig_1	3738908	3740950	-	2043	120	3872	2238	5335	5035	11954
IODOLM_03552	contig_1	3741153	3741995	+	843	23	1550	997	1042	954	2203
IODOLM_03553	contig_1	3742067	3743419	+	1353	112	4301	2498	1566	1403	3541
IODOLM_03554	contig_1	3743584	3743757	+	174	10	306	200	252	226	460
IODOLM_03555	contig_1	3744296	3744649	+	354	6	95	55	51	54	114
IODOLM_03556	contig_1	3744703	3745992	+	1290	2	171	97	93	68	196
IODOLM_03557	contig_1	3746005	3746430	+	426	3	55	46	40	25	83
IODOLM_03558	contig_1	3747059	3747841	+	783	2	16	7	49	24	80
IODOLM_03559	contig_1	3747950	3748930	-	981	46	1207	665	823	688	1817
IODOLM_03560	contig_1	3749729	3750295	+	567	39	1303	805	2448	1856	3931
IODOLM_03561	contig_1	3750451	3750981	+	531	0	34	25	224	159	497
IODOLM_03562	contig_1	3751023	3751598	-	576	1	64	60	127	93	215
IODOLM_03563	contig_1	3751734	3752072	-	339	44	1153	1183	1148	834	1582
IODOLM_03564	contig_1	3752176	3752508	-	333	73	2155	2049	1942	1471	2723
IODOLM_03565	contig_1	3752763	3753335	+	573	19	880	791	385	317	600
IODOLM_03566	contig_1	3754134	3754661	+	528	58	1358	926	1130	733	1694
IODOLM_03567	contig_1	3754662	3754940	-	279	0	5	0	7	8	15
IODOLM_03568	contig_1	3755000	3756157	+	1158	3	214	194	414	286	684
IODOLM_03569	contig_1	3756182	3759295	+	3114	21	879	741	792	567	1300
IODOLM_03570	contig_1	3759658	3760386	-	729	10	346	244	4113	3448	8411
IODOLM_03571	contig_1	3760754	3761578	-	825	28	708	442	3033	2568	8425
IODOLM_03572	contig_1	3761948	3763348	-	1401	38	2175	2070	2127	1705	3182
IODOLM_03573	contig_1	3763559	3764956	-	1398	7	113	55	112	103	312
IODOLM_03574	contig_1	3765360	3767009	+	1650	34	1326	656	966	727	1884
IODOLM_03575	contig_1	3767060	3767662	-	603	3	106	66	222	193	425
IODOLM_03576	contig_1	3768110	3769081	+	972	3	73	55	96	115	242
IODOLM_03577	contig_1	3769130	3770143	+	1014	23	837	479	754	640	1513
IODOLM_03578	contig_1	3770554	3771876	+	1323	27	927	546	764	687	1753
IODOLM_03579	contig_1	3772058	3774118	-	2061	57	1444	733	1231	969	2501
IODOLM_03580	contig_1	3774188	3774955	-	768	3	28	17	37	30	80
IODOLM_03581	contig_1	3775187	3776116	+	930	37	1003	613	934	792	1875
IODOLM_03582	contig_1	3776212	3777708	-	1497	65	1758	1024	1013	929	2254
IODOLM_03583	contig_1	3777929	3779215	-	1287	28	1033	621	1637	2460	3487
IODOLM_03584	contig_1	3779398	3781347	-	1950	50	1577	923	528	434	1097
IODOLM_03585	contig_1	3781468	3784941	-	3474	53	1213	644	1165	1018	2347
IODOLM_03586	contig_1	3784923	3786029	-	1107	6	92	67	152	142	379
IODOLM_03587	contig_1	3786036	3788339	-	2304	5	188	107	385	261	725
IODOLM_03588	contig_1	3788386	3791004	-	2619	5	216	124	361	320	772
IODOLM_03589	contig_1	3791001	3791729	-	729	5	117	54	186	182	453
IODOLM_03590	contig_1	3791765	3791953	-	189	24	230	107	202	248	545
IODOLM_03591	contig_1	3792238	3793797	+	1560	39	1429	882	1850	1631	4045
IODOLM_03592	contig_1	3793794	3793985	+	192	1	38	27	68	67	151
IODOLM_03593	contig_1	3793982	3795661	+	1680	33	1115	751	713	748	1597
IODOLM_03594	contig_1	3795748	3795855	-	108	10	111	47	62	46	106
IODOLM_03595	contig_1	3796331	3797602	+	1272	5	374	242	313	335	748
IODOLM_03596	contig_1	3797632	3798636	-	1005	30	761	468	775	860	1539
IODOLM_03597	contig_1	3798633	3799616	-	984	33	864	488	758	675	1486
IODOLM_03598	contig_1	3799627	3800529	-	903	20	504	316	517	523	1113
IODOLM_03599	contig_1	3800539	3801558	-	1020	22	815	448	653	680	1415
IODOLM_03600	contig_1	3801866	3803473	-	1608	456	10241	6209	8249	8344	16331
IODOLM_03601	contig_1	3804384	3806075	-	1692	134	2553	1707	1023	957	2142
IODOLM_03602	contig_1	3806399	3807607	-	1209	4	296	179	4372	3909	8890
IODOLM_03603	contig_1	3807836	3808534	-	699	17	397	169	759	676	2059
IODOLM_03604	contig_1	3808692	3809255	+	564	28	647	401	590	460	1019
IODOLM_03605	contig_1	3809252	3809692	+	441	9	250	157	214	178	437
IODOLM_03606	contig_1	3809661	3811994	-	2334	162	3651	2323	1146	1083	2429
IODOLM_03607	contig_1	3812147	3812806	+	660	1	51	20	64	66	210
IODOLM_03608	contig_1	3812910	3813884	+	975	73	3149	2032	1820	1701	3429
IODOLM_03609	contig_1	3813934	3814644	-	711	168	3544	2051	4546	4137	8847
IODOLM_03610	contig_1	3815078	3815368	+	291	76	2996	1757	1706	1369	2995
IODOLM_03611	contig_1	3815649	3815861	+	213	691	48332	26144	21656	19758	39239
IODOLM_03612	contig_1	3816048	3816200	-	153	0	3	2	1	1	3
IODOLM_03613	contig_1	3816280	3816801	+	522	6	297	158	136	141	328
IODOLM_03614	contig_1	3817284	3817649	+	366	3	181	68	61	53	162
IODOLM_03615	contig_1	3817928	3819997	-	2070	740	22793	13564	8019	7812	15860
IODOLM_03616	contig_1	3820007	3820918	-	912	236	6594	3964	3382	3056	6789
IODOLM_03617	contig_1	3821013	3821312	-	300	1	15	11	140	107	312
IODOLM_03618	contig_1	3821487	3822482	+	996	6	205	94	104	94	249
IODOLM_03619	contig_1	3822524	3822961	-	438	0	44	24	75	86	188
IODOLM_03620	contig_1	3823007	3823348	-	342	0	7	1	18	23	46
IODOLM_03621	contig_1	3823517	3824971	-	1455	26	410	214	136	130	350
IODOLM_03622	contig_1	3825043	3826365	-	1323	23	1187	634	238	261	566
IODOLM_03623	contig_1	3826731	3827723	+	993	0	20	16	34	29	82
IODOLM_03624	contig_1	3827801	3829342	+	1542	2	58	22	36	35	107
IODOLM_03625	contig_1	3829320	3830501	+	1182	6	127	60	105	98	207
IODOLM_03626	contig_1	3830579	3831757	+	1179	8	448	246	238	179	452
IODOLM_03627	contig_1	3831953	3832777	-	825	157	4553	2614	2102	2075	4332
IODOLM_03628	contig_1	3833097	3835127	+	2031	8	252	153	127	131	302
IODOLM_03629	contig_1	3835305	3836558	+	1254	133	3127	1657	1730	1708	3433
IODOLM_03630	contig_1	3836709	3837182	-	474	5	206	125	233	222	458
IODOLM_03631	contig_1	3837284	3838132	-	849	23	593	415	663	578	1257
IODOLM_03632	contig_1	3838333	3839331	+	999	4	24	18	25	19	52
IODOLM_03633	contig_1	3839343	3839810	+	468	0	1	1	5	4	5
IODOLM_03634	contig_1	3839928	3840401	+	474	0	4	2	2	3	5
IODOLM_03635	contig_1	3840404	3841681	+	1278	1	8	2	9	13	21
IODOLM_03636	contig_1	3841694	3842680	+	987	0	11	4	12	11	21
IODOLM_03637	contig_1	3842684	3844180	+	1497	3	56	24	49	49	107
IODOLM_03638	contig_1	3844177	3844839	+	663	1	14	9	14	8	41
IODOLM_03639	contig_1	3844832	3845692	+	861	2	22	13	24	15	47
IODOLM_03640	contig_1	3845686	3846381	+	696	1	68	29	62	49	111
IODOLM_03641	contig_1	3846728	3847468	-	741	2	71	32	48	61	141
IODOLM_03642	contig_1	3847592	3848566	+	975	8	190	112	255	248	622
IODOLM_03643	contig_1	3848563	3849699	-	1137	5	39	22	61	44	146
IODOLM_03644	contig_1	3849705	3850028	-	324	0	3	3	6	7	26
IODOLM_03645	contig_1	3850142	3850354	+	213	1	6	4	19	6	31
IODOLM_03646	contig_1	3850573	3852111	-	1539	20	719	387	346	375	670
IODOLM_03647	contig_1	3852276	3853427	-	1152	0	5	5	31	19	67
IODOLM_03648	contig_1	3853617	3855461	-	1845	74	1662	1034	1089	1003	2480
IODOLM_03649	contig_1	3855458	3856849	-	1392	45	1313	792	640	653	1497
IODOLM_03650	contig_1	3856947	3857555	-	609	12	286	162	442	377	965
IODOLM_03651	contig_1	3857783	3861916	+	4134	18	393	205	382	361	848
IODOLM_03652	contig_1	3861937	3862779	+	843	9	129	72	82	97	254
IODOLM_03653	contig_1	3862827	3863522	+	696	1	108	60	54	65	167
IODOLM_03654	contig_1	3863777	3864238	+	462	0	22	20	26	26	96
IODOLM_03655	contig_1	3865843	3866979	-	1137	7	87	43	99	57	225
IODOLM_03656	contig_1	3866982	3867344	-	363	2	34	20	48	53	93
IODOLM_03657	contig_1	3867881	3869794	+	1914	72	2224	1275	1766	2502	3143
IODOLM_03658	contig_1	3870024	3871172	+	1149	45	1388	904	960	929	2093
IODOLM_03659	contig_1	3871172	3871759	+	588	11	320	215	321	262	628
IODOLM_03660	contig_1	3871771	3871980	-	210	155	3440	1666	725	709	1668
IODOLM_03661	contig_1	3872265	3872627	+	363	18	1094	607	565	457	1091
IODOLM_03662	contig_1	3872999	3874654	+	1656	1	112	81	617	666	1510
IODOLM_03663	contig_1	3874654	3875430	+	777	2	122	47	366	396	850
IODOLM_03664	contig_1	3875427	3876617	+	1191	4	251	132	915	873	2044
IODOLM_03665	contig_1	3876815	3877288	+	474	4	111	89	93	82	174
IODOLM_03666	contig_1	3877341	3878162	-	822	158	4234	2442	2465	2177	5682
IODOLM_03667	contig_1	3878242	3879261	-	1020	148	3565	2144	3517	2928	7023
IODOLM_03668	contig_1	3879261	3879728	-	468	144	4795	2890	4295	4122	8773
IODOLM_03669	contig_1	3879791	3880042	-	252	36	2029	1224	1879	1719	3822
IODOLM_03670	contig_1	3880184	3880615	-	432	83	2772	1674	2094	1920	4039
IODOLM_03671	contig_1	3880860	3882404	+	1545	310	15360	9107	5675	4927	10090
IODOLM_03672	contig_1	3882438	3883697	+	1260	85	2015	1184	646	545	1502
IODOLM_03673	contig_1	3883701	3884660	+	960	32	923	615	349	328	762
IODOLM_03674	contig_1	3884647	3885681	-	1035	7	69	36	301	271	746
IODOLM_03675	contig_1	3885920	3886945	-	1026	80	3072	1906	1964	1740	4018
IODOLM_03676	contig_1	3886955	3888151	-	1197	95	3421	2128	1914	1775	4055
IODOLM_03677	contig_1	3888426	3889298	-	873	41	1069	629	675	633	1424
IODOLM_03678	contig_1	3889587	3890519	+	933	121	4531	2726	2172	2006	4504
IODOLM_03679	contig_1	3890529	3891575	+	1047	132	2975	1966	1037	1010	2212
IODOLM_03680	contig_1	3891579	3892538	+	960	56	1448	920	455	437	1116
IODOLM_03681	contig_1	3892548	3893807	+	1260	54	1041	730	423	440	918
IODOLM_03682	contig_1	3893839	3894912	-	1074	6	197	176	821	822	1653
IODOLM_03683	contig_1	3894945	3895796	-	852	6	163	154	300	374	727
IODOLM_03684	contig_1	3895867	3896565	-	699	5	195	113	412	479	898
IODOLM_03685	contig_1	3896583	3897599	-	1017	24	499	309	588	695	1374
IODOLM_03686	contig_1	3897639	3898658	-	1020	63	945	609	694	760	1650
IODOLM_03687	contig_1	3898658	3899737	-	1080	108	2011	1357	841	864	1777
IODOLM_03688	contig_1	3899781	3900716	-	936	119	1341	1186	446	550	954
IODOLM_03689	contig_1	3900753	3901550	-	798	91	2112	1438	587	606	1343
IODOLM_03690	contig_1	3901543	3902667	-	1125	175	3564	2571	1054	1061	2168
IODOLM_03691	contig_1	3902664	3903734	-	1071	153	4724	3107	1651	1719	3542
IODOLM_03692	contig_1	3904140	3905417	+	1278	28	821	480	671	571	1438
IODOLM_03693	contig_1	3905425	3905904	+	480	15	624	306	397	372	812
IODOLM_03694	contig_1	3905943	3906752	-	810	12	244	148	415	441	1090
IODOLM_03695	contig_1	3906850	3907017	-	168	90	2807	1679	4218	3828	8312
IODOLM_03696	contig_1	3907038	3907274	-	237	364	12565	7875	18624	16161	37133
IODOLM_03697	contig_1	3907491	3908159	-	669	25	869	481	1041	1020	2038
IODOLM_03698	contig_1	3908331	3909551	+	1221	37	1927	1132	604	565	1318
IODOLM_03699	contig_1	3909529	3909987	+	459	27	936	593	441	437	904
IODOLM_03700	contig_1	3910094	3910690	+	597	12	649	367	517	526	1115
IODOLM_03701	contig_1	3910727	3911368	-	642	23	359	184	132	132	251
IODOLM_03702	contig_1	3911434	3912150	-	717	43	957	519	820	725	1575
IODOLM_03703	contig_1	3912277	3913140	+	864	172	5117	2817	1925	1905	3976
IODOLM_03704	contig_1	3913361	3914185	+	825	5	203	119	109	121	285
IODOLM_03705	contig_1	3914475	3915092	+	618	33	1981	1068	188	239	595
IODOLM_03706	contig_1	3915089	3916771	-	1683	14	254	153	128	135	298
IODOLM_03707	contig_1	3917029	3917652	+	624	220	4420	2542	3127	2857	7630
IODOLM_03708	contig_1	3917707	3917982	+	276	188	3985	2405	2009	2044	5013
IODOLM_03709	contig_1	3918001	3920115	+	2115	284	7934	5102	5375	4657	10957
IODOLM_03710	contig_1	3920122	3920811	+	690	35	1203	803	643	622	1273
IODOLM_03711	contig_1	3920817	3922898	+	2082	96	3079	2108	1323	1297	2812
IODOLM_03712	contig_1	3923067	3924272	-	1206	76	1715	989	1453	1372	3249
IODOLM_03713	contig_1	3924552	3925943	+	1392	8	566	579	1687	1629	3051
IODOLM_03714	contig_1	3926064	3927773	+	1710	96	3045	1743	1233	1136	2612
IODOLM_03715	contig_1	3927826	3930144	-	2319	13	458	296	220	211	557
IODOLM_03716	contig_1	3930154	3931536	-	1383	5	62	30	28	34	111
IODOLM_03717	contig_1	3932560	3933744	+	1185	1	16	6	29	19	85
IODOLM_03718	contig_1	3933855	3934778	+	924	23	485	305	289	202	465
IODOLM_03719	contig_1	3934782	3935600	-	819	38	815	431	1186	1021	2904
IODOLM_03720	contig_1	3935822	3936115	+	294	1	36	13	468	400	1095
IODOLM_03721	contig_1	3936156	3937394	-	1239	15	452	239	626	629	1485
IODOLM_03722	contig_1	3937557	3938009	-	453	1	321	196	183	149	359
IODOLM_03723	contig_1	3938062	3939396	-	1335	2	73	42	45	38	102
IODOLM_03724	contig_1	3939571	3941337	+	1767	2	200	154	425	385	888
IODOLM_03725	contig_1	3941383	3942774	-	1392	12	204	118	539	858	983
IODOLM_03726	contig_1	3942912	3944231	-	1320	4	194	128	272	246	657
IODOLM_03727	contig_1	3944241	3945743	-	1503	18	626	381	929	894	2140
IODOLM_03728	contig_1	3945743	3946333	-	591	31	714	415	932	1033	2281
IODOLM_03729	contig_1	3946409	3946699	-	291	3	98	50	276	262	596
IODOLM_03730	contig_1	3946703	3948391	-	1689	22	635	400	2593	2562	5407
IODOLM_03731	contig_1	3949160	3949249	+	90	22	580	307	327	273	614
IODOLM_03732	contig_1	3949529	3950713	+	1185	65	1928	1273	1555	1623	4330
IODOLM_03733	contig_1	3950721	3951218	-	498	18	248	120	120	128	224
IODOLM_03734	contig_1	3951215	3951577	-	363	9	188	98	83	57	162
IODOLM_03735	contig_1	3951567	3951914	-	348	11	413	216	171	158	306
IODOLM_03736	contig_1	3952022	3952471	+	450	5	120	47	122	94	198
IODOLM_03737	contig_1	3952518	3954011	-	1494	3	127	74	97	94	246
IODOLM_03738	contig_1	3954008	3955723	-	1716	0	32	21	37	33	105
IODOLM_03739	contig_1	3955890	3956783	+	894	1	36	24	37	57	131
IODOLM_03740	contig_1	3956780	3956956	-	177	1	12	6	14	7	28
IODOLM_03741	contig_1	3956956	3957594	-	639	3	76	43	80	48	143
IODOLM_03742	contig_1	3957594	3958079	-	486	1	15	4	6	6	18
IODOLM_03743	contig_1	3958104	3959210	-	1107	1	15	9	16	25	30
IODOLM_03744	contig_1	3959506	3960222	+	717	1	69	30	36	40	73
IODOLM_03745	contig_1	3960219	3961880	-	1662	33	955	535	859	851	1991
IODOLM_03746	contig_1	3962076	3962504	-	429	19	785	468	6321	6967	16135
IODOLM_03747	contig_1	3962616	3963029	-	414	9	688	365	7562	7878	17730
IODOLM_03748	contig_1	3963407	3963667	+	261	50	1089	606	2241	2020	4428
IODOLM_03749	contig_1	3963669	3964883	-	1215	26	822	546	375	378	789
IODOLM_03750	contig_1	3964984	3966048	+	1065	1	94	62	90	77	238
IODOLM_03751	contig_1	3966045	3967337	-	1293	2	87	67	67	74	145
IODOLM_03752	contig_1	3967457	3968605	-	1149	7	266	166	130	116	268
IODOLM_03753	contig_1	3968602	3969219	-	618	9	140	79	50	51	120
IODOLM_03754	contig_1	3969203	3970081	-	879	20	383	242	137	128	324
IODOLM_03755	contig_1	3970078	3970767	-	690	10	506	284	224	213	538
IODOLM_03756	contig_1	3971045	3971701	+	657	5	175	83	111	84	207
IODOLM_03757	contig_1	3971747	3972559	-	813	84	2702	1600	951	813	1906
IODOLM_03758	contig_1	3972674	3973072	-	399	5	122	81	159	161	337
IODOLM_03759	contig_1	3973312	3975726	-	2415	602	14475	8835	10588	9959	23634
IODOLM_03760	contig_1	3975755	3976828	-	1074	53	1214	768	1831	1696	4067
IODOLM_03761	contig_1	3976828	3977928	-	1101	270	5962	4031	6036	5385	12540
IODOLM_03762	contig_1	3977933	3979336	-	1404	445	8494	5395	10805	9400	23836
IODOLM_03763	contig_1	3979633	3979713	+	81	1	41	25	93	58	223
IODOLM_03764	contig_1	3979943	3980083	+	141	79	4230	2590	4603	4131	9065
IODOLM_03765	contig_1	3980133	3980459	+	327	28	1759	1400	3271	2883	6678
IODOLM_03766	contig_1	3980683	3982329	+	1647	312	13734	9725	13840	12985	28451
IODOLM_03767	contig_1	3982435	3983799	+	1365	67	2256	1352	1612	1401	3315
IODOLM_03768	contig_1	3984337	3985752	+	1416	3	89	39	47	35	98
IODOLM_03769	contig_1	3985843	3987090	+	1248	0	10	5	32	28	90
IODOLM_03770	contig_1	3987222	3988397	+	1176	1	121	55	65	61	169
IODOLM_03771	contig_1	3988372	3989331	+	960	6	228	113	162	145	330
IODOLM_03772	contig_1	3989488	3990237	+	750	17	260	171	1082	969	2151
IODOLM_03773	contig_1	3990259	3990825	+	567	26	579	327	1124	1045	2158
IODOLM_03774	contig_1	3990879	3992216	-	1338	66	2356	2071	2675	2918	5517
IODOLM_03775	contig_1	3992381	3993046	+	666	5	279	167	334	310	696
IODOLM_03776	contig_1	3993113	3993580	+	468	3	66	32	135	148	426
IODOLM_03777	contig_1	3993629	3994216	+	588	7	95	70	222	221	556
IODOLM_03778	contig_1	3994278	3995000	-	723	1	58	31	60	51	132
IODOLM_03779	contig_1	3995015	3996184	-	1170	3	26	12	61	61	176
IODOLM_03780	contig_1	3996211	3997827	-	1617	0	19	9	48	35	123
IODOLM_03781	contig_1	3997896	3999308	-	1413	0	15	10	26	12	60
IODOLM_03782	contig_1	3999327	4001204	-	1878	1	28	12	19	18	61
IODOLM_03783	contig_1	4001338	4002174	-	837	0	20	8	14	18	44
IODOLM_03784	contig_1	4002460	4003185	-	726	31	1272	767	1031	1081	2738
IODOLM_03785	contig_1	4003200	4003973	-	774	73	1916	1292	1934	2078	4944
IODOLM_03786	contig_1	4004156	4005046	-	891	36	1728	1076	973	980	2375
IODOLM_03787	contig_1	4005046	4006005	-	960	35	1379	795	722	735	1847
IODOLM_03788	contig_1	4006092	4007132	-	1041	46	2216	1286	1918	2295	5747
IODOLM_03789	contig_1	4007446	4009275	-	1830	315	8863	5851	4365	4143	8959
IODOLM_03790	contig_1	4009437	4010807	-	1371	289	6705	4004	2748	2575	5600
IODOLM_03791	contig_1	4011160	4011579	-	420	158	3017	1892	8364	7874	17106
IODOLM_03792	contig_1	4011600	4012982	-	1383	352	9241	6353	20868	19297	38568
IODOLM_03793	contig_1	4013009	4013872	-	864	313	5922	4213	10729	9391	20778
IODOLM_03794	contig_1	4013923	4015464	-	1542	576	17605	12335	25107	23487	45864
IODOLM_03795	contig_1	4015477	4016010	-	534	234	5157	3728	5856	5878	11199
IODOLM_03796	contig_1	4016025	4016495	-	471	357	5963	4132	7614	7196	14857
IODOLM_03797	contig_1	4016557	4016796	-	240	200	4715	3217	4793	4673	9647
IODOLM_03798	contig_1	4016843	4017658	-	816	426	9831	6115	12233	11195	24419
IODOLM_03799	contig_1	4017667	4018047	-	381	78	1980	1170	1622	1444	3297
IODOLM_03800	contig_1	4018664	4019287	-	624	37	1155	677	676	703	1515
IODOLM_03801	contig_1	4019351	4021240	-	1890	241	7333	4802	3522	3439	8294
IODOLM_03802	contig_1	4021619	4022062	-	444	119	3002	1688	1877	1510	3305
IODOLM_03803	contig_1	4022152	4022610	-	459	0	67	42	209	162	457
IODOLM_03804	contig_1	4022762	4023754	+	993	2259	84168	43413	2552	3217	4939
IODOLM_03805	contig_1	4023759	4025210	-	1452	22	701	417	657	512	1247
IODOLM_03806	contig_1	4025204	4026700	-	1497	16	550	406	504	493	1053
IODOLM_03807	contig_1	4026923	4028791	+	1869	66	1534	936	1188	1131	2530
IODOLM_03808	contig_1	4028958	4029377	+	420	364	6863	3770	666	1142	1017
IODOLM_03809	contig_1	4029385	4030890	+	1506	147	3492	2501	555	1098	863
IODOLM_03810	contig_1	4030895	4031860	+	966	29	658	463	431	394	825
IODOLM_03811	contig_1	4031885	4032775	+	891	78	1754	1030	1394	1294	3144
IODOLM_03812	contig_1	4032901	4033830	+	930	15	337	194	454	367	1023
IODOLM_03813	contig_1	4033834	4034772	+	939	5	116	54	107	121	281
IODOLM_03814	contig_1	4034606	4035511	-	906	64	1579	867	803	674	1708
IODOLM_03815	contig_1	4035469	4035834	-	366	45	959	556	527	473	1112
IODOLM_03816	contig_1	4035845	4036162	+	318	3	39	17	51	45	123
IODOLM_03817	contig_1	4036128	4037555	-	1428	15	527	342	422	340	903
IODOLM_03818	contig_1	4037578	4038270	-	693	26	872	476	928	772	1765
IODOLM_03819	contig_1	4039938	4040192	+	255	68405	1773	2270	3141	176	587
IODOLM_03820	contig_1	4044071	4044910	-	840	63	1501	809	643	580	1236
IODOLM_03821	contig_1	4045029	4045367	+	339	52	1739	746	891	810	2128
IODOLM_03822	contig_1	4045392	4046912	-	1521	5	144	87	115	87	239
IODOLM_03823	contig_1	4047067	4047156	+	90	0	9	0	2	9	14
IODOLM_03824	contig_1	4047450	4047500	+	51	3	53	27	70	52	184
IODOLM_03825	contig_1	4047503	4048486	+	984	97	2107	1227	3213	3053	9542
IODOLM_03826	contig_1	4048611	4049147	+	537	8	235	131	798	713	2504
IODOLM_03827	contig_1	4049144	4049407	+	264	2	29	23	314	312	1179
IODOLM_03828	contig_1	4049427	4050356	+	930	44	2037	1341	5463	5480	16247
IODOLM_03829	contig_1	4050421	4052271	+	1851	154	4911	3033	3179	3165	10105
IODOLM_03830	contig_1	4052274	4053818	+	1545	133	3391	2031	2007	2026	6469
IODOLM_03831	contig_1	4053870	4054763	-	894	26	744	391	281	225	571
IODOLM_03832	contig_1	4054913	4056388	+	1476	41	934	521	3358	3826	4081
IODOLM_03833	contig_1	4056475	4056756	-	282	18	586	323	445	390	750
IODOLM_03834	contig_1	4057185	4057403	-	219	6	225	133	171	159	374
IODOLM_03835	contig_1	4057620	4059641	+	2022	92	2577	1614	848	754	1880
IODOLM_03836	contig_1	4059688	4061172	-	1485	362	9148	6058	3570	3364	7341
IODOLM_03837	contig_1	4061308	4062573	-	1266	403	11842	7307	5414	5164	11281
IODOLM_03838	contig_1	4062704	4063033	+	330	439	10617	5049	5773	5368	11767
IODOLM_03839	contig_1	4063360	4064619	+	1260	694	29178	18680	37593	33788	72105
IODOLM_03840	contig_1	4064629	4064847	+	219	10	290	174	428	372	774
IODOLM_03841	contig_1	4064859	4065962	+	1104	112	2756	1664	2641	2346	5041
IODOLM_03842	contig_1	4065974	4067020	+	1047	92	2833	1866	2291	2068	4887
IODOLM_03843	contig_1	4067076	4068206	+	1131	113	2108	1340	2487	2337	5231
IODOLM_03844	contig_1	4068203	4069465	+	1263	113	2498	1814	2998	2719	6219
IODOLM_03845	contig_1	4069465	4070532	+	1068	74	1322	874	2387	1990	4954
IODOLM_03846	contig_1	4070551	4071432	+	882	43	988	680	1786	1609	3824
IODOLM_03847	contig_1	4071410	4072084	+	675	18	403	278	1036	931	2133
IODOLM_03848	contig_1	4072089	4073219	+	1131	39	800	462	1850	1714	3852
IODOLM_03849	contig_1	4073221	4074471	+	1251	33	845	465	1159	1039	2328
IODOLM_03850	contig_1	4074468	4075547	+	1080	29	778	474	901	754	1723
IODOLM_03851	contig_1	4075544	4076896	+	1353	18	556	330	517	438	895
IODOLM_03852	contig_1	4076899	4077639	+	741	18	347	210	459	376	801
IODOLM_03853	contig_1	4077830	4079215	+	1386	49	1110	645	932	822	1692
IODOLM_03854	contig_1	4079901	4081136	+	1236	4	69	38	90	90	204
IODOLM_03855	contig_1	4081295	4082950	-	1656	4	111	72	128	115	264
IODOLM_03856	contig_1	4083629	4084825	-	1197	94	2876	1891	2258	2075	4759
IODOLM_03857	contig_1	4084828	4086009	-	1182	107	3059	2039	2122	1904	4397
IODOLM_03858	contig_1	4086031	4086771	-	741	59	2056	1358	827	785	1754
IODOLM_03859	contig_1	4086768	4087730	-	963	88	4200	2734	1542	1518	3214
IODOLM_03860	contig_1	4088096	4090642	+	2547	1167	41879	24464	11643	10558	26273
IODOLM_03861	contig_1	4090682	4091002	-	321	9	251	101	91	81	172
IODOLM_03862	contig_1	4091465	4091668	+	204	41	1107	606	544	521	1284
IODOLM_03863	contig_1	4091705	4092529	+	825	168	4045	2304	1179	1135	2869
IODOLM_03864	contig_1	4092526	4092993	+	468	68	1372	789	457	461	1107
IODOLM_03865	contig_1	4093042	4093233	+	192	17	329	193	110	108	274
IODOLM_03866	contig_1	4093230	4094126	+	897	63	1156	624	624	605	1373
IODOLM_03867	contig_1	4094126	4094842	+	717	48	788	501	407	405	1033
IODOLM_03868	contig_1	4094926	4097088	+	2163	283	6853	3870	2520	2182	5540
IODOLM_03869	contig_1	4097235	4097999	-	765	1	20	13	27	12	55
IODOLM_03870	contig_1	4098369	4099319	+	951	47	1622	1022	1312	1219	2921
IODOLM_03871	contig_1	4099362	4099742	-	381	4	46	25	62	52	134
IODOLM_03872	contig_1	4099756	4100136	-	381	0	2	2	5	6	20
IODOLM_03873	contig_1	4100231	4101121	-	891	1	209	103	161	169	358
IODOLM_03874	contig_1	4101173	4101640	-	468	7	122	49	452	409	1157
IODOLM_03875	contig_1	4101805	4102674	+	870	32	698	410	548	531	1170
IODOLM_03876	contig_1	4102801	4104636	+	1836	54	1713	1045	874	749	1704
IODOLM_03877	contig_1	4104700	4105320	+	621	77	1965	1247	916	896	1810
IODOLM_03878	contig_1	4105382	4106002	-	621	14	378	178	262	219	485
IODOLM_03879	contig_1	4106113	4107135	+	1023	117	2621	1606	1387	1178	2814
IODOLM_03880	contig_1	4107143	4107943	+	801	69	2195	1376	812	786	1749
IODOLM_03881	contig_1	4108019	4108918	+	900	24	690	393	771	621	1363
IODOLM_03882	contig_1	4108806	4109759	-	954	28	869	454	1176	993	2030
IODOLM_03883	contig_1	4109996	4112257	+	2262	19	760	402	3708	3277	7666
IODOLM_03884	contig_1	4112297	4113112	-	816	25	697	406	2035	1635	4136
IODOLM_03885	contig_1	4113374	4114135	+	762	62	3798	2489	1673	1778	2614
IODOLM_03886	contig_1	4114276	4115703	+	1428	29	690	406	421	387	805
IODOLM_03887	contig_1	4115798	4116553	+	756	76	2745	1632	1520	1425	3038
IODOLM_03888	contig_1	4116567	4117172	+	606	52	1798	1086	809	703	1506
IODOLM_03889	contig_1	4117169	4118809	+	1641	165	3830	2544	1475	1332	2877
IODOLM_03890	contig_1	4118888	4119157	+	270	154	3287	1786	1176	1114	2366
IODOLM_03891	contig_1	4119161	4119676	+	516	123	2791	1913	1210	1185	2574
IODOLM_03892	contig_1	4119679	4120455	+	777	64	2517	1570	1163	1030	2224
IODOLM_03893	contig_1	4120497	4121279	+	783	39	720	512	375	338	804
IODOLM_03894	contig_1	4121276	4121764	-	489	7	202	121	383	376	1023
IODOLM_03895	contig_1	4121931	4123424	+	1494	113	3001	1783	2123	2052	4789
IODOLM_03896	contig_1	4123470	4124171	+	702	159	3554	1984	1754	1622	3814
IODOLM_03897	contig_1	4124552	4125715	-	1164	11	209	179	238	228	538
IODOLM_03898	contig_1	4125725	4127914	-	2190	3	243	164	401	418	906
IODOLM_03899	contig_1	4128104	4129435	+	1332	205	5436	3359	2163	1828	4315
IODOLM_03900	contig_1	4129435	4130049	+	615	29	954	574	373	337	837
IODOLM_03901	contig_1	4130088	4131539	+	1452	85	2072	1224	1038	890	2021
IODOLM_03902	contig_1	4131551	4132096	+	546	33	781	482	308	281	640
IODOLM_03903	contig_1	4133661	4133915	+	255	68827	1779	2191	3175	149	642
IODOLM_03904	contig_1	4137849	4138376	-	528	33	618	340	109	108	255
IODOLM_03905	contig_1	4138358	4138942	-	585	23	549	313	170	159	390
IODOLM_03906	contig_1	4139012	4139281	+	270	63	2584	1255	555	564	1027
IODOLM_03907	contig_1	4139358	4140344	+	987	116	3459	1938	1161	1177	2329
IODOLM_03908	contig_1	4140361	4140987	+	627	148	3441	1755	1591	1531	3492
IODOLM_03909	contig_1	4141142	4142572	+	1431	3	94	66	185	142	429
IODOLM_03910	contig_1	4142613	4143545	-	933	5	165	89	104	89	212
IODOLM_03911	contig_1	4143665	4143850	-	186	0	1	1	1	5	5
IODOLM_03912	contig_1	4143909	4146695	+	2787	406	10727	6735	2190	2170	4722
IODOLM_03913	contig_1	4147076	4147708	-	633	67	2159	1081	801	823	1653
IODOLM_03914	contig_1	4148290	4148799	+	510	51	1856	1009	874	864	1904
IODOLM_03915	contig_1	4148988	4150361	+	1374	147	4256	2585	1245	1109	2532
IODOLM_03916	contig_1	4150590	4150700	-	111	59	1014	539	673	720	1752
IODOLM_03917	contig_1	4150812	4152221	-	1410	82	2295	1409	996	790	2144
IODOLM_03918	contig_1	4152233	4153282	-	1050	35	1112	641	671	545	1440
IODOLM_03919	contig_1	4153568	4154977	-	1410	242	9227	5544	6948	5422	12752
IODOLM_03920	contig_1	4155350	4157173	+	1824	1169	36600	24083	22355	21726	41780
IODOLM_03921	contig_1	4157390	4158100	+	711	4	44	32	44	38	82
IODOLM_03922	contig_1	4158108	4159088	+	981	3	46	30	73	43	147
IODOLM_03923	contig_1	4159190	4160455	+	1266	2	38	17	45	41	132
IODOLM_03924	contig_1	4160546	4161238	-	693	0	5	4	25	8	71
IODOLM_03925	contig_1	4161306	4162709	-	1404	6	158	104	167	149	321
IODOLM_03926	contig_1	4162752	4164137	-	1386	0	45	28	45	52	112
IODOLM_03927	contig_1	4164183	4166219	-	2037	2	91	49	110	75	211
IODOLM_03928	contig_1	4166386	4166661	+	276	6	162	90	273	237	628
IODOLM_03929	contig_1	4166706	4167083	+	378	15	179	100	183	206	407
IODOLM_03930	contig_1	4167195	4168121	-	927	0	4	3	10	10	29
IODOLM_03931	contig_1	4168235	4169476	-	1242	1	92	41	40	34	76
IODOLM_03932	contig_1	4169493	4170371	-	879	1	19	15	8	12	32
IODOLM_03933	contig_1	4170395	4171291	-	897	0	10	6	20	12	29
IODOLM_03934	contig_1	4171459	4172355	+	897	15	209	120	96	82	243
IODOLM_03935	contig_1	4172389	4173174	+	786	18	293	177	342	319	700
IODOLM_03936	contig_1	4173273	4173872	+	600	34	732	336	604	544	1367
IODOLM_03937	contig_1	4173866	4174738	+	873	23	519	316	601	506	1273
IODOLM_03938	contig_1	4174735	4175172	+	438	58	903	521	417	406	953
IODOLM_03939	contig_1	4175217	4176158	+	942	81	1692	948	762	650	1644
IODOLM_03940	contig_1	4176569	4176676	+	108	0	4	1	13	15	41
IODOLM_03941	contig_1	4177011	4177229	+	219	0	3	4	3	2	6
IODOLM_03942	contig_1	4177447	4177689	+	243	7	85	50	77	70	179
IODOLM_03943	contig_1	4178019	4178948	-	930	51	1945	1128	1620	1489	3580
IODOLM_03944	contig_1	4178945	4179580	-	636	30	773	389	1698	1550	4040
IODOLM_03945	contig_1	4179577	4180479	-	903	44	1048	628	3143	2887	6591
IODOLM_03946	contig_1	4180492	4183542	-	3051	161	5209	2871	12625	11620	27942
IODOLM_03947	contig_1	4183736	4184569	+	834	58	1534	860	666	582	1495
IODOLM_03948	contig_1	4184722	4185777	+	1056	0	34	17	35	34	87
IODOLM_03949	contig_1	4185827	4187575	-	1749	2	56	22	51	47	108
IODOLM_03950	contig_1	4187575	4188645	-	1071	4	109	69	73	53	138
IODOLM_03951	contig_1	4188635	4190086	-	1452	0	32	17	31	25	65
IODOLM_03952	contig_1	4190097	4190543	-	447	1	4	2	9	7	15
IODOLM_03953	contig_1	4190844	4191158	-	315	0	8	4	7	7	12
IODOLM_03954	contig_1	4191168	4191992	-	825	1	27	15	29	19	69
IODOLM_03955	contig_1	4192443	4193702	-	1260	1	23	16	23	24	46
IODOLM_03956	contig_1	4193699	4195168	-	1470	3	27	17	23	13	43
IODOLM_03957	contig_1	4195456	4196292	+	837	3	35	20	35	24	64
IODOLM_03958	contig_1	4196276	4197214	+	939	4	42	18	29	26	62
IODOLM_03959	contig_1	4197211	4198245	-	1035	4	121	88	83	87	203
IODOLM_03960	contig_1	4198530	4199150	+	621	109	4446	2511	7062	5899	11491
IODOLM_03961	contig_1	4199410	4200393	+	984	18	198	99	103	90	181
IODOLM_03962	contig_1	4200542	4201216	+	675	28	496	298	222	236	532
IODOLM_03963	contig_1	4201322	4202695	-	1374	257	5049	2996	2320	2061	4965
IODOLM_03964	contig_1	4202692	4203390	-	699	107	3419	2033	2220	1960	4348
IODOLM_03965	contig_1	4203540	4204040	+	501	622	17004	8542	15129	13711	25493
IODOLM_03966	contig_1	4204189	4205091	+	903	121	3740	2115	1333	1168	2786
IODOLM_03967	contig_1	4205037	4205141	-	105	0	2	0	6	5	9
IODOLM_03968	contig_1	4205272	4206234	+	963	570	16450	9482	8816	8065	17077
IODOLM_03969	contig_1	4206554	4207543	+	990	74	1041	519	752	520	1366
IODOLM_03970	contig_1	4207650	4208405	+	756	5	149	65	173	111	332
IODOLM_03971	contig_1	4208460	4209227	-	768	360	10767	5976	8485	7797	15271
IODOLM_03972	contig_1	4209335	4209934	-	600	12	236	182	125	85	221
IODOLM_03973	contig_1	4210035	4210475	+	441	27	651	372	202	157	434
IODOLM_03974	contig_1	4210687	4210986	+	300	16	511	295	532	513	1171
IODOLM_03975	contig_1	4211013	4211441	+	429	17	909	531	829	852	1715
IODOLM_03976	contig_1	4211446	4212192	-	747	34	1069	682	880	643	1560
IODOLM_03977	contig_1	4212289	4213299	-	1011	22	852	456	578	542	1203
IODOLM_03978	contig_1	4213434	4214942	-	1509	25	935	645	576	557	1181
IODOLM_03979	contig_1	4214965	4215810	-	846	16	684	420	244	293	429
IODOLM_03980	contig_1	4216241	4216480	+	240	144	4301	2426	2397	2278	4837
IODOLM_03981	contig_1	4216565	4217050	-	486	268	5312	2340	1887	1904	4725
IODOLM_03982	contig_1	4217143	4218069	-	927	17	489	315	419	436	1129
IODOLM_03983	contig_1	4218136	4219467	-	1332	99	4051	2450	13706	16036	35983
IODOLM_03984	contig_1	4219477	4220007	-	531	25	999	574	4672	5253	14059
IODOLM_03985	contig_1	4220100	4220954	-	855	30	1456	923	1184	994	2282
IODOLM_03986	contig_1	4221151	4222176	-	1026	24	864	502	646	639	1304
IODOLM_03987	contig_1	4222332	4224530	-	2199	36	1301	826	1678	1329	3418
IODOLM_03988	contig_1	4224733	4224945	+	213	121	5734	3942	7800	6404	19208
IODOLM_03989	contig_1	4225006	4225614	-	609	54	1286	630	888	710	1551
IODOLM_03990	contig_1	4225798	4226115	-	318	119	2574	1210	2029	1855	3914
IODOLM_03991	contig_1	4226392	4227552	+	1161	77	1552	815	1760	1539	3716
IODOLM_03992	contig_1	4227555	4229987	+	2433	117	3892	2312	3906	3130	7830
IODOLM_03993	contig_1	4230336	4231226	+	891	80	1804	924	488	418	957
IODOLM_03994	contig_1	4231555	4233735	+	2181	166	4831	2372	2040	1773	4137
IODOLM_03995	contig_1	4233828	4234733	+	906	18	598	315	315	241	580
IODOLM_03996	contig_1	4234760	4235377	-	618	2	23	7	22	15	34
IODOLM_03997	contig_1	4235652	4236755	-	1104	13	274	169	288	321	609
IODOLM_03998	contig_1	4236766	4237428	-	663	1	50	32	44	41	85
IODOLM_03999	contig_1	4237440	4239941	-	2502	0	51	30	26	29	58
IODOLM_04000	contig_1	4240250	4241329	+	1080	1	32	29	18	15	43
IODOLM_04001	contig_1	4241344	4241664	+	321	0	10	8	6	6	19
IODOLM_04002	contig_1	4241715	4244012	+	2298	10	204	128	137	108	307
IODOLM_04003	contig_1	4243978	4244856	+	879	3	103	53	34	29	84
IODOLM_04004	contig_1	4244858	4245199	+	342	0	30	16	14	19	32
IODOLM_04005	contig_1	4245186	4246037	-	852	3	145	73	153	121	303
IODOLM_04006	contig_1	4246252	4247985	-	1734	77	3053	2225	2499	2607	4797
IODOLM_04007	contig_1	4248167	4250818	-	2652	737	38719	25953	10012	9673	19648
IODOLM_04008	contig_1	4251416	4252567	-	1152	129	3164	1945	1362	1218	2773
IODOLM_04009	contig_1	4252721	4253725	+	1005	37	945	541	1150	963	2424
IODOLM_04010	contig_1	4253733	4254509	+	777	31	573	327	896	749	1991
IODOLM_04011	contig_1	4254570	4255943	+	1374	31	1251	724	1847	1541	3885
IODOLM_04012	contig_1	4256210	4257127	+	918	184	5418	2942	2407	2087	5109
IODOLM_04013	contig_1	4257110	4258510	-	1401	57	1219	560	1862	2107	5134
IODOLM_04014	contig_1	4258787	4259491	+	705	68	1649	933	1502	1337	3091
IODOLM_04015	contig_1	4259491	4259850	+	360	44	1211	731	1122	1127	2262
IODOLM_04016	contig_1	4259890	4260990	-	1101	115	2577	1520	1244	1173	2777
IODOLM_04017	contig_1	4261359	4263203	+	1845	77	2492	1558	1601	1553	3337
IODOLM_04018	contig_1	4263148	4264005	+	858	49	1310	805	376	346	729
IODOLM_04019	contig_1	4265566	4265820	+	255	68296	1722	2168	3159	146	644
IODOLM_04020	contig_1	4268095	4268214	+	120	34837	7207	4832	3819	147	580
IODOLM_04021	contig_1	4269777	4270805	+	1029	118	3080	1714	886	849	1821
IODOLM_04022	contig_1	4270802	4271767	+	966	99	2449	1429	415	397	792
IODOLM_04023	contig_1	4271796	4272722	-	927	32	1051	581	506	480	964
IODOLM_04024	contig_1	4272803	4273069	-	267	0	2	1	16	4	26
IODOLM_04025	contig_1	4273663	4274847	+	1185	740	33388	21090	43968	38694	81178
IODOLM_04026	contig_1	4275077	4275460	+	384	285	10285	6003	5475	4674	10665
IODOLM_04027	contig_1	4275462	4276007	+	546	525	12605	7607	6806	6352	13984
IODOLM_04028	contig_1	4276166	4276594	+	429	307	7510	5122	39109	34186	72752
IODOLM_04029	contig_1	4276598	4277302	+	705	608	16706	11008	77199	69564	148262
IODOLM_04030	contig_1	4277715	4278212	+	498	1171	25150	15510	64267	57298	127938
IODOLM_04031	contig_1	4278279	4278644	+	366	599	18855	12147	51290	46491	93538
IODOLM_04032	contig_1	4278964	4282992	+	4029	2873	92651	67118	103326	98776	236565
IODOLM_04033	contig_1	4283069	4287292	+	4224	1627	51650	38171	112778	103099	227847
IODOLM_04034	contig_1	4287505	4288044	+	540	3	63	45	104	100	264
IODOLM_04035	contig_1	4288454	4289587	-	1134	12	221	152	168	137	349
IODOLM_04036	contig_1	4289584	4290354	-	771	4	145	105	72	75	206
IODOLM_04037	contig_1	4290356	4290556	-	201	1	17	30	7	8	31
IODOLM_04038	contig_1	4290540	4291295	-	756	0	124	80	64	62	197
IODOLM_04039	contig_1	4291288	4291923	-	636	3	130	76	68	59	169
IODOLM_04040	contig_1	4291923	4293818	-	1896	17	657	380	534	445	1405
IODOLM_04041	contig_1	4294051	4294527	-	477	84	1577	768	1167	1260	3069
IODOLM_04042	contig_1	4294622	4295395	+	774	47	1326	825	1154	938	2095
IODOLM_04043	contig_1	4295435	4296499	+	1065	92	3089	1893	1428	1381	3132
IODOLM_04044	contig_1	4296509	4297180	+	672	41	1570	985	1050	840	2044
IODOLM_04045	contig_1	4297223	4297813	+	591	60	1609	959	1009	947	1942
IODOLM_04046	contig_1	4298000	4298272	+	273	125	2809	1656	3644	3339	6761
IODOLM_04047	contig_1	4298345	4298980	+	636	17	266	145	483	368	848
IODOLM_04048	contig_1	4298982	4299407	-	426	0	28	9	184	163	425
IODOLM_04049	contig_1	4299410	4299538	-	129	0	0	0	0	0	1
IODOLM_04050	contig_1	4299645	4301042	+	1398	22	263	149	157	151	358
IODOLM_04051	contig_1	4301039	4302364	+	1326	36	574	358	271	252	589
IODOLM_04052	contig_1	4302361	4303650	-	1290	17	653	562	1181	1157	2048
IODOLM_04053	contig_1	4303662	4305251	-	1590	14	664	604	1541	1562	3087
IODOLM_04054	contig_1	4307053	4307307	+	255	43388	1386	1723	2319	117	458
IODOLM_04055	contig_1	4310953	4311336	+	384	0	11	7	30	16	56
IODOLM_04056	contig_1	4311399	4311842	-	444	10	152	68	59	77	213
IODOLM_04057	contig_1	4311999	4312928	+	930	28	716	333	487	405	839
IODOLM_04058	contig_1	4313197	4314798	+	1602	334	12475	7526	15854	18816	34101
IODOLM_04059	contig_1	4314828	4316132	+	1305	491	24299	15236	16467	20703	34895
IODOLM_04060	contig_1	4316315	4318051	+	1737	185	10024	6536	4218	5009	8701
IODOLM_04061	contig_1	4318020	4320206	-	2187	0	8	10	11	10	28
IODOLM_04062	contig_1	4320523	4321347	-	825	39	1205	653	708	739	1477
IODOLM_04063	contig_1	4321547	4325230	+	3684	267	6325	4093	1557	1509	3452
IODOLM_04064	contig_1	4325450	4327081	+	1632	12	511	268	593	519	1173
IODOLM_04065	contig_1	4327172	4327861	-	690	2	131	83	143	121	260
IODOLM_04066	contig_1	4328073	4328945	+	873	56	1609	953	350	355	806
IODOLM_04067	contig_1	4329078	4329350	-	273	19	464	265	383	393	874
IODOLM_04068	contig_1	4329603	4330952	-	1350	32	1477	907	506	502	1200
IODOLM_04069	contig_1	4331477	4333126	+	1650	308	10207	5773	7179	6150	13273
IODOLM_04070	contig_1	4333625	4333867	+	243	6	53	27	13	6	24
IODOLM_04071	contig_1	4333981	4334619	+	639	0	3	3	7	6	12
IODOLM_04072	contig_1	4334616	4335353	+	738	0	1	0	7	5	9
IODOLM_04073	contig_1	4335353	4337449	+	2097	10	181	125	302	253	721
IODOLM_04074	contig_1	4338044	4338454	+	411	59	2150	1054	701	747	1677
IODOLM_04075	contig_1	4338498	4339973	-	1476	1	115	58	130	89	245
IODOLM_04076	contig_1	4340345	4341235	-	891	2	140	72	149	131	314
IODOLM_04077	contig_1	4341250	4342794	-	1545	1	61	33	61	44	154
IODOLM_04078	contig_1	4342948	4344138	-	1191	1	55	29	72	56	147
IODOLM_04079	contig_1	4344231	4344326	-	96	0	1	0	1	1	6
IODOLM_04080	contig_1	4344503	4345618	+	1116	0	14	10	26	15	54
IODOLM_04081	contig_1	4345690	4347030	+	1341	4	147	67	144	141	277
IODOLM_04082	contig_1	4347273	4348193	+	921	13	379	141	73	73	153
IODOLM_04083	contig_1	4348168	4348320	-	153	0	27	13	84	64	167
IODOLM_04084	contig_1	4348422	4348616	+	195	0	0	0	3	1	2
IODOLM_04085	contig_1	4348674	4350002	+	1329	1	11	8	18	12	37
IODOLM_04086	contig_1	4350225	4350722	+	498	23	579	288	365	377	890
IODOLM_04087	contig_1	4350735	4351607	+	873	32	1199	648	609	628	1448
IODOLM_04088	contig_1	4351762	4354185	-	2424	119	4296	2844	1698	1588	3569
IODOLM_04089	contig_1	4354356	4354724	+	369	25	518	271	344	324	734
IODOLM_04090	contig_1	4354834	4355442	+	609	137	2940	1491	1847	1635	4230
IODOLM_04091	contig_1	4355515	4356840	+	1326	33	711	411	588	562	1450
IODOLM_04092	contig_1	4356956	4357165	+	210	337	9725	3905	4612	3569	8268
IODOLM_04093	contig_1	4357207	4357722	-	516	15	790	440	295	281	723
IODOLM_04094	contig_1	4358040	4358294	+	255	0	3	3	3	6	10
IODOLM_04095	contig_1	4358318	4359025	+	708	3	17	11	32	27	60
IODOLM_04096	contig_1	4359388	4360425	+	1038	94	2497	1531	810	785	1806
IODOLM_04097	contig_1	4360559	4360801	+	243	30	662	299	310	285	672
IODOLM_04098	contig_1	4360967	4361950	-	984	44	1970	1152	1407	1333	2838
IODOLM_04099	contig_1	4362033	4363448	+	1416	193	5018	3173	2148	1889	4550
IODOLM_04100	contig_1	4363501	4364580	+	1080	52	1468	949	1416	1415	3072
IODOLM_04101	contig_1	4364833	4366026	+	1194	127	3647	2089	1370	1433	3071
IODOLM_04102	contig_1	4366528	4366731	-	204	0	0	0	15	18	23
IODOLM_04103	contig_1	4367133	4367846	+	714	5	121	81	652	664	1340
IODOLM_04104	contig_1	4367957	4368373	+	417	182	3092	1731	1627	1472	3419
IODOLM_04105	contig_1	4368377	4368733	+	357	106	2112	1307	825	863	1905
IODOLM_04106	contig_1	4368768	4371590	-	2823	426	11183	6524	5777	4945	12427
IODOLM_04107	contig_1	4371844	4372380	+	537	149	3162	1421	1883	1748	3945
IODOLM_04108	contig_1	4372479	4372760	-	282	315	10695	5396	5991	5015	12408
IODOLM_04109	contig_1	4373190	4374776	+	1587	20	325	180	266	243	582
IODOLM_04110	contig_1	4374779	4375102	-	324	6	174	87	351	303	633
IODOLM_04111	contig_1	4375188	4375652	+	465	22	521	210	477	452	1127
IODOLM_04112	contig_1	4376198	4377547	+	1350	3	434	418	2499	2217	4378
IODOLM_04113	contig_1	4377699	4379348	+	1650	0	0	0	0	0	0
IODOLM_04114	contig_1	4379502	4380794	-	1293	0	0	0	0	0	0
IODOLM_04115	contig_1	4380972	4382621	-	1650	0	0	0	0	0	0
IODOLM_04116	contig_1	4382618	4382932	-	315	0	0	0	0	0	0
IODOLM_04117	contig_1	4383132	4385090	-	1959	0	0	0	0	0	0
IODOLM_04118	contig_1	4385483	4386919	+	1437	0	0	0	0	0	0
IODOLM_04119	contig_1	4386964	4387197	+	234	0	0	0	0	0	0
IODOLM_04120	contig_1	4387231	4387506	+	276	7	133	91	241	230	530
IODOLM_04121	contig_1	4387551	4387928	+	378	11	210	140	233	247	532
IODOLM_04122	contig_1	4388029	4388307	+	279	3	80	45	128	146	311
IODOLM_04123	contig_1	4388304	4388975	+	672	6	93	64	198	137	370
IODOLM_04124	contig_1	4388972	4389928	+	957	3	146	75	236	203	588
IODOLM_04125	contig_1	4390044	4391666	+	1623	10	174	71	118	108	293
IODOLM_04126	contig_1	4391659	4392042	+	384	1	45	20	15	29	50
IODOLM_04127	contig_1	4392039	4392635	+	597	1	63	26	34	27	79
IODOLM_04128	contig_1	4392977	4394290	+	1314	64	1358	806	1265	1237	2597
IODOLM_04129	contig_1	4394821	4395510	-	690	39	984	569	423	372	861
IODOLM_04130	contig_1	4395604	4397751	-	2148	41	1200	670	2429	2338	5079
IODOLM_04131	contig_1	4397949	4399415	-	1467	0	47	18	71	43	115
IODOLM_04132	contig_1	4399412	4401463	-	2052	1	55	12	24	38	80
IODOLM_04133	contig_1	4401463	4402494	-	1032	0	4	4	12	12	29
IODOLM_04134	contig_1	4402513	4402788	-	276	0	1	0	0	2	5
IODOLM_04135	contig_1	4402997	4404982	-	1986	0	13	3	24	14	49
IODOLM_04136	contig_1	4405255	4406184	-	930	3	87	63	79	70	138
IODOLM_04137	contig_1	4406168	4406863	-	696	1	43	25	34	35	108
IODOLM_04138	contig_1	4406874	4407854	-	981	1	15	12	33	23	57
IODOLM_04139	contig_1	4407833	4409365	-	1533	0	18	10	24	16	63
IODOLM_04140	contig_1	4409492	4410427	-	936	1	52	31	57	50	144
IODOLM_04141	contig_1	4410486	4411376	-	891	25	769	413	377	409	686
IODOLM_04142	contig_1	4411735	4412184	+	450	7	139	80	36	37	76
IODOLM_04143	contig_1	4412253	4412582	+	330	8	209	126	158	133	407
IODOLM_04144	contig_1	4412729	4413487	-	759	6	360	178	190	149	418
IODOLM_04145	contig_1	4413489	4413923	-	435	8	204	110	134	116	279
IODOLM_04146	contig_1	4413910	4414467	-	558	0	29	11	25	17	52
IODOLM_04147	contig_1	4414467	4415603	-	1137	2	21	13	20	13	49
IODOLM_04148	contig_1	4415600	4416280	-	681	0	10	6	21	14	30
IODOLM_04149	contig_1	4416391	4417149	-	759	0	7	3	10	5	15
IODOLM_04150	contig_1	4417146	4417991	-	846	0	8	2	9	7	22
IODOLM_04151	contig_1	4417984	4419048	-	1065	0	9	9	8	7	20
IODOLM_04152	contig_1	4419048	4419632	-	585	0	1	3	7	11	11
IODOLM_04153	contig_1	4419629	4420081	-	453	0	0	0	2	3	2
IODOLM_04154	contig_1	4420082	4420807	-	726	0	3	2	3	3	12
IODOLM_04155	contig_1	4420828	4421196	-	369	0	1	0	3	2	10
IODOLM_04156	contig_1	4421721	4422737	-	1017	1	14	5	17	10	26
IODOLM_04157	contig_1	4422762	4423550	-	789	1	6	3	9	8	34
IODOLM_04158	contig_1	4423683	4424126	-	444	29	723	448	683	567	1419
IODOLM_04159	contig_1	4424784	4425119	-	336	15	985	753	769	806	1926
IODOLM_04160	contig_1	4425520	4427748	+	2229	4	162	96	315	326	774
IODOLM_04161	contig_1	4427745	4428623	+	879	6	37	25	87	92	231
IODOLM_04162	contig_1	4428887	4430389	+	1503	1446	52156	32959	28413	27656	61034
IODOLM_04163	contig_1	4430501	4430590	+	90	34	1178	753	631	683	1628
IODOLM_04164	contig_1	4430566	4431666	-	1101	23	707	417	300	279	647
IODOLM_04165	contig_1	4431667	4432335	-	669	19	538	299	198	188	460
IODOLM_04166	contig_1	4432332	4433975	-	1644	3	97	62	63	73	175
IODOLM_04167	contig_1	4434079	4435416	-	1338	1	91	57	549	419	1339
IODOLM_04168	contig_1	4435553	4436314	-	762	1	40	30	1910	1647	4995
IODOLM_04169	contig_1	4436639	4438909	-	2271	4	147	80	146	136	281
IODOLM_04170	contig_1	4439105	4440013	-	909	10	366	216	116	152	200
IODOLM_04171	contig_1	4440296	4441651	+	1356	5	156	115	198	151	391
IODOLM_04172	contig_1	4441766	4443175	+	1410	7	219	124	175	160	411
IODOLM_04173	contig_1	4443314	4443943	-	630	13	385	185	111	114	281
IODOLM_04174	contig_1	4444065	4445711	-	1647	0	33	35	100	104	206
IODOLM_04175	contig_1	4445789	4447129	-	1341	0	52	34	177	167	363
IODOLM_04176	contig_1	4447700	4448419	-	720	5	203	130	186	193	377
IODOLM_04177	contig_1	4448416	4450047	-	1632	20	767	479	343	319	780
IODOLM_04178	contig_1	4450228	4450458	+	231	3	58	30	110	84	286
IODOLM_04179	contig_1	4450470	4450742	+	273	2	69	38	191	151	403
IODOLM_04180	contig_1	4450969	4451265	+	297	0	6	0	74	62	186
IODOLM_04181	contig_1	4451293	4451466	+	174	0	5	0	21	20	54
IODOLM_04182	contig_1	4451585	4453102	-	1518	146	5179	3758	3001	3329	6548
IODOLM_04183	contig_1	4453339	4454796	-	1458	9	163	118	116	118	277
IODOLM_04184	contig_1	4454855	4457002	-	2148	2	64	32	69	73	186
IODOLM_04185	contig_1	4457082	4458416	-	1335	0	22	7	24	18	58
IODOLM_04186	contig_1	4458781	4460319	-	1539	15	479	284	390	382	940
IODOLM_04187	contig_1	4461118	4461693	-	576	133	4108	2365	2666	2309	5086
IODOLM_04188	contig_1	4461730	4463427	-	1698	129	4876	3186	1186	1046	2518
IODOLM_04189	contig_1	4463403	4463741	-	339	18	672	415	395	395	990
IODOLM_04190	contig_1	4463857	4465158	-	1302	91	3074	2062	3582	3244	6632
IODOLM_04191	contig_1	4465276	4466712	-	1437	216	7100	5256	2104	2320	3595
IODOLM_04192	contig_1	4467049	4467525	+	477	5	167	117	2176	2319	5317
IODOLM_04193	contig_1	4467541	4468797	-	1257	44	979	495	453	422	1090
IODOLM_04194	contig_1	4469073	4469366	+	294	10	265	166	6558	7805	17205
IODOLM_04195	contig_1	4469410	4471056	+	1647	88	2878	1619	31624	35331	79110
IODOLM_04196	contig_1	4471194	4471547	+	354	103	2070	1003	1134	1097	2471
IODOLM_04197	contig_1	4471750	4472619	-	870	0	24	13	52	59	149
IODOLM_04198	contig_1	4473014	4474042	-	1029	153	3765	2061	863	809	1733
IODOLM_04199	contig_1	4474084	4474650	+	567	146	3819	2164	2508	2357	4673
IODOLM_04200	contig_1	4474702	4474827	+	126	7	105	55	88	94	205
IODOLM_04201	contig_1	4474938	4475084	+	147	50	1854	725	3626	3375	7721
IODOLM_04202	contig_1	4475260	4475577	+	318	65	1257	633	1291	1148	3060
IODOLM_04203	contig_1	4475574	4476107	-	534	7	345	179	1208	1060	2633
IODOLM_04204	contig_1	4476196	4477329	-	1134	2	114	48	92	101	193
IODOLM_04205	contig_1	4477392	4477751	-	360	10	248	145	768	709	1431
IODOLM_04206	contig_1	4477762	4478157	-	396	13	169	125	671	579	1163
IODOLM_04207	contig_1	4478168	4478902	-	735	21	399	257	1189	1026	2143
IODOLM_04208	contig_1	4478895	4480703	-	1809	58	1730	1135	3669	2874	6099
IODOLM_04209	contig_1	4481028	4482005	+	978	12	406	217	620	521	1450
IODOLM_04210	contig_1	4482269	4483726	+	1458	17	272	171	312	295	755
IODOLM_04211	contig_1	4483778	4484092	+	315	1	45	30	83	61	133
IODOLM_04212	contig_1	4484101	4484403	+	303	3	109	61	82	84	194
IODOLM_04213	contig_1	4484432	4487755	-	3324	136	4183	2676	1084	881	2269
IODOLM_04214	contig_1	4487777	4488745	-	969	89	4797	3101	2269	2028	4608
IODOLM_04215	contig_1	4488842	4489894	-	1053	189	5965	3356	2235	2106	4853
IODOLM_04216	contig_1	4489989	4490534	+	546	39	679	350	464	433	882
IODOLM_04217	contig_1	4491277	4491330	+	54	4	32	24	41	34	113
IODOLM_04218	contig_1	4491313	4492452	-	1140	34	1021	534	651	521	1297
IODOLM_04219	contig_1	4492466	4493998	+	1533	77	1855	1000	2104	1718	4706
IODOLM_04220	contig_1	4493970	4494431	+	462	32	887	546	491	470	1265
IODOLM_04221	contig_1	4494450	4495787	+	1338	156	3713	2259	2019	1789	4339
IODOLM_04222	contig_1	4495797	4497644	+	1848	273	5810	3681	2198	2138	4971
IODOLM_04223	contig_1	4497637	4498587	+	951	783	14362	7285	17206	16749	41626
IODOLM_04224	contig_1	4498673	4498981	+	309	463	8218	4432	8591	8211	18907
IODOLM_04225	contig_1	4499057	4500337	+	1281	812	15854	8721	8502	8313	21749
IODOLM_04226	contig_1	4500423	4501682	+	1260	904	19019	11513	12629	12547	31768
IODOLM_04227	contig_1	4501685	4502689	+	1005	410	10769	6625	9414	9329	21667
IODOLM_04228	contig_1	4502771	4502968	+	198	3	59	44	64	82	198
IODOLM_04229	contig_1	4503072	4504370	+	1299	800	25630	17410	16010	15675	31473
IODOLM_04230	contig_1	4504575	4505000	+	426	66	1480	925	743	734	1737
IODOLM_04231	contig_1	4505039	4507480	+	2442	587	12953	8055	6536	6113	14740
IODOLM_04232	contig_1	4507660	4508391	+	732	102	1974	1191	1361	1309	3164
IODOLM_04233	contig_1	4508518	4508919	+	402	1	8	5	12	10	33
IODOLM_04234	contig_1	4508938	4509636	+	699	0	13	11	18	18	64
IODOLM_04235	contig_1	4509687	4510346	+	660	1	6	5	9	17	45
IODOLM_04236	contig_1	4510364	4510762	+	399	1	5	0	16	22	57
IODOLM_04237	contig_1	4510772	4511410	+	639	0	11	7	23	24	78
IODOLM_04238	contig_1	4511413	4512576	+	1164	1	50	28	52	50	129
IODOLM_04239	contig_1	4512660	4514285	+	1626	51	794	442	582	487	1174
IODOLM_04240	contig_1	4514402	4514677	-	276	10	396	194	358	519	787
IODOLM_04241	contig_1	4514826	4515155	-	330	27	737	372	911	923	1383
IODOLM_04242	contig_1	4515337	4516086	+	750	12	503	293	276	290	719
IODOLM_04243	contig_1	4516083	4516838	-	756	25	474	239	191	145	329
IODOLM_04244	contig_1	4516946	4518010	-	1065	5	97	74	58	51	100
IODOLM_04245	contig_1	4518365	4519762	+	1398	1	44	31	58	39	132
IODOLM_04246	contig_1	4519778	4520083	+	306	2	14	12	18	7	31
IODOLM_04247	contig_1	4520093	4520557	+	465	3	29	23	28	27	59
IODOLM_04248	contig_1	4520571	4521221	+	651	3	192	112	123	96	249
IODOLM_04249	contig_1	4521231	4522085	+	855	7	119	83	73	79	210
IODOLM_04250	contig_1	4522085	4522771	+	687	4	81	55	103	78	218
IODOLM_04251	contig_1	4522901	4523176	-	276	18	299	203	118	102	242
IODOLM_04252	contig_1	4523503	4523898	+	396	324	11020	7879	27555	24780	57606
IODOLM_04253	contig_1	4523905	4524219	+	315	255	6167	4617	16760	14448	32864
IODOLM_04254	contig_1	4524224	4524451	+	228	76	3795	2811	8353	7863	16827
IODOLM_04255	contig_1	4524493	4524942	+	450	169	8162	5831	19248	18128	39946
IODOLM_04256	contig_1	4525013	4525807	-	795	0	20	19	40	44	121
IODOLM_04257	contig_1	4526154	4526480	+	327	0	3	0	10	7	22
IODOLM_04258	contig_1	4526464	4527102	-	639	54	1203	668	947	800	2032
IODOLM_04259	contig_1	4527320	4527940	+	621	68	4179	2558	1674	1524	3019
IODOLM_04260	contig_1	4528249	4529661	+	1413	84	3910	2403	2325	2342	5056
IODOLM_04261	contig_1	4529706	4530368	-	663	19	390	202	164	126	389
IODOLM_04262	contig_1	4530476	4531441	-	966	7	230	120	257	240	610
IODOLM_04263	contig_1	4531549	4532409	-	861	15	508	299	326	298	803
IODOLM_04264	contig_1	4532498	4532878	+	381	14	457	229	282	323	798
IODOLM_04265	contig_1	4533007	4534950	-	1944	32	679	371	408	436	959
IODOLM_04266	contig_1	4535140	4535880	+	741	47	1331	649	1525	1377	3447
IODOLM_04267	contig_1	4536092	4537030	+	939	1	19	13	84	66	190
IODOLM_04268	contig_1	4537093	4537647	-	555	6	160	93	217	208	449
IODOLM_04269	contig_1	4537972	4538178	+	207	440	11789	6206	4616	3890	9821
IODOLM_04270	contig_1	4538257	4539600	-	1344	48	1487	908	2432	2189	5059
IODOLM_04271	contig_1	4539923	4540561	-	639	56	2059	1219	1612	1559	3323
IODOLM_04272	contig_1	4540767	4542500	+	1734	33	1087	662	1076	896	2067
IODOLM_04273	contig_1	4542497	4546276	+	3780	113	2850	1747	2204	2083	4851
IODOLM_04274	contig_1	4546279	4546620	+	342	184	3554	1844	967	895	2177
IODOLM_04275	contig_1	4546832	4547083	+	252	7	149	86	206	196	480
IODOLM_04276	contig_1	4547113	4547427	+	315	5	145	80	164	164	351
IODOLM_04277	contig_1	4547507	4548037	-	531	158	7415	4199	6074	5683	11283
IODOLM_04278	contig_1	4548347	4549303	+	957	13	286	165	321	361	837
IODOLM_04279	contig_1	4549443	4550945	+	1503	6	258	164	293	257	638
IODOLM_04280	contig_1	4550959	4551117	+	159	0	12	7	13	6	32
IODOLM_04281	contig_1	4551136	4551657	+	522	6	256	174	139	151	303
IODOLM_04282	contig_1	4552140	4552505	+	366	22	567	273	136	140	284
IODOLM_04283	contig_1	4552555	4553427	+	873	120	2695	1509	692	688	1515
IODOLM_04284	contig_1	4553414	4554409	+	996	83	2232	1376	646	697	1593
IODOLM_04285	contig_1	4554442	4555440	-	999	15	893	523	865	815	1870
IODOLM_04286	contig_1	4555616	4556989	+	1374	281	6084	3376	2178	2021	4533
IODOLM_04287	contig_1	4557145	4557696	-	552	147	2385	1288	1562	1336	3279
IODOLM_04288	contig_1	4557790	4559142	+	1353	233	5546	2993	1636	1501	3415
IODOLM_04289	contig_1	4559384	4559686	+	303	18	521	299	326	257	652
IODOLM_04290	contig_1	4559731	4560195	-	465	4	109	67	135	88	205
IODOLM_04291	contig_1	4560353	4562491	-	2139	36	1663	959	1112	1092	2361
IODOLM_04292	contig_1	4562885	4564540	-	1656	3	63	50	54	50	122
IODOLM_04293	contig_1	4564590	4566011	-	1422	8	225	101	123	134	228
IODOLM_04294	contig_1	4566130	4567077	-	948	0	159	101	306	258	744
IODOLM_04295	contig_1	4567456	4570152	+	2697	54	977	607	2896	2215	6491
IODOLM_04296	contig_1	4570358	4570744	-	387	10	1018	690	1248	1061	2168
IODOLM_04297	contig_1	4570817	4571278	-	462	1	71	52	216	182	353
IODOLM_04298	contig_1	4571291	4572226	-	936	0	51	42	367	318	687
IODOLM_04299	contig_1	4572645	4573040	-	396	2	211	129	414	329	710
IODOLM_04300	contig_1	4573171	4573884	-	714	7	222	112	72	61	187
IODOLM_04301	contig_1	4573955	4574548	+	594	8	320	186	200	178	399
IODOLM_04302	contig_1	4574693	4575145	+	453	16	473	295	369	351	867
IODOLM_04303	contig_1	4575268	4577082	+	1815	6	147	99	117	122	265
IODOLM_04304	contig_1	4577138	4578142	-	1005	6	213	103	301	240	621
IODOLM_04305	contig_1	4578304	4578720	+	417	130	6032	3429	2707	2639	5523
IODOLM_04306	contig_1	4578865	4579368	-	504	19	358	197	239	245	617
IODOLM_04307	contig_1	4579561	4580757	+	1197	0	27	14	18	22	54
IODOLM_04308	contig_1	4580813	4583668	-	2856	626	20182	13404	10666	9982	22380
IODOLM_04309	contig_1	4583668	4584111	-	444	26	626	439	946	827	2136
IODOLM_04310	contig_1	4584271	4585782	-	1512	188	4678	2972	4924	4747	10479
IODOLM_04311	contig_1	4586070	4587149	+	1080	195	4488	2673	1341	1272	3420
IODOLM_04312	contig_1	4587149	4588231	+	1083	218	4902	2756	1714	1572	3835
IODOLM_04313	contig_1	4588392	4589894	-	1503	64	1418	800	735	662	1592
IODOLM_04314	contig_1	4589972	4590970	-	999	9	172	85	195	185	520
IODOLM_04315	contig_1	4591037	4592356	-	1320	7	163	86	232	187	477
IODOLM_04316	contig_1	4592418	4593182	-	765	0	22	6	37	38	98
IODOLM_04317	contig_1	4593206	4594237	-	1032	0	11	5	35	36	64
IODOLM_04318	contig_1	4594454	4595017	+	564	1	23	9	45	43	126
IODOLM_04319	contig_1	4595021	4596040	-	1020	35	919	483	1093	823	1975
IODOLM_04320	contig_1	4596358	4596552	+	195	1	24	8	56	59	145
IODOLM_04321	contig_1	4596581	4597771	+	1191	20	557	223	751	647	1526
IODOLM_04322	contig_1	4598103	4598468	+	366	51	930	596	529	520	1138
IODOLM_04323	contig_1	4598426	4599331	+	906	76	1593	915	860	793	1902
IODOLM_04324	contig_1	4599508	4599750	-	243	0	16	14	29	30	91
IODOLM_04325	contig_1	4599874	4600305	-	432	10	227	123	334	260	631
IODOLM_04326	contig_1	4600263	4600622	-	360	0	27	12	36	41	73
IODOLM_04327	contig_1	4601934	4603262	-	1329	20	445	214	269	218	519
IODOLM_04328	contig_1	4603889	4605106	+	1218	4	93	78	389	323	686
IODOLM_04329	contig_1	4605118	4606236	+	1119	5	143	67	465	411	910
IODOLM_04330	contig_1	4606279	4606404	+	126	0	3	1	7	7	23
IODOLM_04331	contig_1	4606457	4606807	-	351	1	51	29	163	159	429
IODOLM_04332	contig_1	4607028	4607294	+	267	9	155	77	233	222	542
IODOLM_04333	contig_1	4607297	4608448	-	1152	9	200	131	248	212	550
IODOLM_04334	contig_1	4608405	4608773	-	369	1	6	1	7	7	24
IODOLM_04335	contig_1	4608972	4609385	+	414	2	77	39	34	32	87
IODOLM_04336	contig_1	4609382	4609624	+	243	0	29	20	14	18	43
IODOLM_04337	contig_1	4609707	4609964	+	258	0	13	12	23	23	51
IODOLM_04338	contig_1	4610521	4611288	-	768	5	321	192	271	230	564
IODOLM_04339	contig_1	4611289	4612245	-	957	7	299	181	184	196	451
IODOLM_04340	contig_1	4612242	4613240	-	999	13	242	145	254	197	498
IODOLM_04341	contig_1	4613237	4614139	-	903	45	1146	578	609	568	1351
IODOLM_04342	contig_1	4614184	4616508	-	2325	121	4182	2389	1840	1646	4259
IODOLM_04343	contig_1	4616595	4617548	-	954	86	4307	2285	1175	986	2589
IODOLM_04344	contig_1	4617545	4618066	-	522	116	4640	2564	1621	1504	3757
IODOLM_04345	contig_1	4618846	4619055	+	210	12	265	179	202	191	475
IODOLM_04346	contig_1	4619169	4620155	-	987	106	2050	1208	1380	1164	2800
IODOLM_04347	contig_1	4620502	4621851	-	1350	2	40	30	127	116	303
IODOLM_04348	contig_1	4621958	4623925	-	1968	10	369	215	388	368	1011
IODOLM_04349	contig_1	4623936	4624895	-	960	1	49	20	89	100	273
IODOLM_04350	contig_1	4624846	4625634	-	789	0	17	17	38	77	100
IODOLM_04351	contig_1	4625937	4626719	-	783	3	132	84	130	100	284
IODOLM_04352	contig_1	4626736	4627368	-	633	1	105	71	96	98	263
IODOLM_04353	contig_1	4627380	4627811	-	432	2	84	41	115	88	257
IODOLM_04354	contig_1	4627942	4628748	-	807	5	266	132	415	336	887
IODOLM_04355	contig_1	4628761	4630074	-	1314	1	260	175	476	444	1044
IODOLM_04356	contig_1	4630086	4630364	-	279	1	22	24	76	86	242
IODOLM_04357	contig_1	4630361	4631482	-	1122	4	183	126	262	237	627
IODOLM_04358	contig_1	4632268	4633014	-	747	4	55	41	148	118	295
IODOLM_04359	contig_1	4633070	4633615	-	546	0	39	26	79	84	210
IODOLM_04360	contig_1	4633627	4633884	-	258	0	23	12	24	34	63
IODOLM_04361	contig_1	4634846	4635862	+	1017	0	43	14	75	75	201
IODOLM_04362	contig_1	4636445	4637425	-	981	1	22	9	294	273	699
IODOLM_04363	contig_1	4637490	4638596	-	1107	5	109	62	949	897	2356
IODOLM_04364	contig_1	4638616	4639332	-	717	0	10	7	100	100	276
IODOLM_04365	contig_1	4640602	4641810	-	1209	9	165	77	225	201	567
IODOLM_04366	contig_1	4641914	4643926	-	2013	38	934	550	395	410	856
IODOLM_04367	contig_1	4644180	4644674	-	495	29	907	524	387	354	898
IODOLM_04368	contig_1	4644723	4645460	-	738	33	1181	683	574	524	1164
IODOLM_04369	contig_1	4645463	4646002	-	540	27	847	524	448	398	1026
IODOLM_04370	contig_1	4646109	4646582	-	474	0	88	50	51	54	104
IODOLM_04371	contig_1	4646573	4647343	-	771	0	116	66	161	138	352
IODOLM_04372	contig_1	4647962	4648687	+	726	0	15	5	13	27	62
IODOLM_04373	contig_1	4648645	4649322	+	678	1	35	28	54	53	113
IODOLM_04374	contig_1	4649360	4650148	-	789	257	8863	5074	10004	8943	24131
IODOLM_04375	contig_1	4650289	4650525	+	237	91	1155	403	376	325	971
IODOLM_04376	contig_1	4651154	4652185	-	1032	29	1335	790	685	615	1399
IODOLM_04377	contig_1	4652288	4652701	+	414	25	459	286	545	453	1183
IODOLM_04378	contig_1	4652670	4653116	+	447	24	616	400	570	471	1316
IODOLM_04379	contig_1	4653131	4653808	+	678	42	1085	683	1097	977	2408
IODOLM_04380	contig_1	4653872	4655488	+	1617	100	3930	2781	3469	3085	6741
IODOLM_04381	contig_1	4655881	4656486	+	606	53	1418	753	8621	6755	17114
IODOLM_04382	contig_1	4656613	4656774	+	162	12	551	236	2037	1662	4278
IODOLM_04383	contig_1	4656896	4657969	+	1074	145	3782	2291	443	392	973
IODOLM_04384	contig_1	4657966	4658745	+	780	140	2768	1730	277	298	717
IODOLM_04385	contig_1	4659165	4660028	-	864	2	92	44	48	36	84
IODOLM_04386	contig_1	4660000	4661550	-	1551	4	148	98	82	60	114
IODOLM_04387	contig_1	4661808	4662587	+	780	40	1480	991	1125	1006	1921
IODOLM_04388	contig_1	4662714	4664036	+	1323	53	1990	1137	1669	1484	3335
IODOLM_04389	contig_1	4664088	4665311	+	1224	160	5721	3432	10854	9710	20333
IODOLM_04390	contig_1	4665368	4666087	+	720	58	2075	1338	4279	3775	8407
IODOLM_04391	contig_1	4666254	4667585	+	1332	14	446	294	824	672	1773
IODOLM_04392	contig_1	4667586	4668602	-	1017	22	905	521	248	262	683
IODOLM_04393	contig_1	4668630	4669274	-	645	17	682	433	169	167	414
IODOLM_04394	contig_1	4669380	4670348	+	969	79	1618	1101	923	939	2083
IODOLM_04395	contig_1	4670397	4671779	+	1383	163	3402	2380	1583	1445	3504
IODOLM_04396	contig_1	4671800	4673032	+	1233	117	2873	1992	1167	1124	2692
IODOLM_04397	contig_1	4673066	4673233	+	168	19	523	326	197	184	347
IODOLM_04398	contig_1	4673340	4675007	-	1668	368	10530	6434	4057	3673	7756
IODOLM_04399	contig_1	4675218	4677155	+	1938	34	1187	718	1330	1217	2580
IODOLM_04400	contig_1	4677275	4677571	+	297	25	547	273	391	380	796
IODOLM_04401	contig_1	4677718	4678230	-	513	47	613	315	343	317	888
IODOLM_04402	contig_1	4678282	4678929	+	648	77	1673	853	605	584	1255
IODOLM_04403	contig_1	4678926	4679795	-	870	170	6781	3921	3928	3273	7730
IODOLM_04404	contig_1	4680006	4680479	+	474	50	900	478	287	270	601
IODOLM_04405	contig_1	4680492	4681181	+	690	37	950	605	180	187	419
IODOLM_04406	contig_1	4681181	4682605	+	1425	51	1076	650	243	199	603
IODOLM_04407	contig_1	4682663	4684015	+	1353	19	473	276	276	235	594
IODOLM_04408	contig_1	4684075	4684791	-	717	94	3887	1881	9462	8905	19654
IODOLM_04409	contig_1	4685427	4686113	+	687	11	245	145	241	239	605
