locus_tag	Gene	Product	COG_category	KEGG_Pathway
IODOLM_00002		thr operon leader peptide		
IODOLM_00003		Bifunctional aspartokinase/homoserine dehydrogenase 1	E	ko00260,ko00261,ko00270,ko00300,ko01100,ko01110,ko01120,ko01130,ko01230,map00260,map00261,map00270,map00300,map01100,map01110,map01120,map01130,map01230
IODOLM_00004		Homoserine kinase	F	ko00260,ko01100,ko01110,ko01120,ko01230,map00260,map01100,map01110,map01120,map01230
IODOLM_00005		Threonine synthase	E	ko00260,ko00750,ko01100,ko01110,ko01120,ko01230,map00260,map00750,map01100,map01110,map01120,map01230
IODOLM_00006		hypothetical protein	S	-
IODOLM_00007		UPF0246 protein GN242_17910	S	-
IODOLM_00008	yaaJ	Uncharacterized transporter YaaJ	E	-
IODOLM_00009		transaldolase B	G	ko00030,ko01100,ko01110,ko01120,ko01130,ko01200,ko01230,map00030,map01100,map01110,map01120,map01130,map01200,map01230
IODOLM_00010	mogA	Molybdenum cofactor biosynthesis protein MogA	F	ko00790,ko01100,ko04122,map00790,map01100,map04122
IODOLM_00011	yaaH	Inner membrane protein YaaH	S	-
IODOLM_00014	dnaK	Chaperone protein DnaK	O	ko03018,ko04212,ko05152,map03018,map04212,map05152
IODOLM_00015	dnaJ	Chaperone protein DnaJ	O	-
IODOLM_00016	tnp	IS4 family IS421 transposase	L	-
IODOLM_00017		hypothetical protein		
IODOLM_00018	mokC	type I toxin-antitoxin system toxin MokC	S	-
IODOLM_00019	nhaA	Na(+)/H(+) antiporter NhaA	P	-
IODOLM_00020	nhaR	Transcriptional activator protein NhaR	K	-
IODOLM_00022	tnp	IS1 family IS1A transposase ORF A	L	-
IODOLM_00024		Riboflavin biosynthesis protein	H	ko00740,ko01100,ko01110,map00740,map01100,map01110
IODOLM_00025		Isoleucine--tRNA ligase	J	ko00970,map00970
IODOLM_00026		Lipoprotein signal peptidase	MU	ko03060,map03060
IODOLM_00027		Peptidyl-prolyl cis-trans isomerase	O	-
IODOLM_00028		4-hydroxy-3-methylbut-2-enyl diphosphate reductase	IM	ko00900,ko01100,ko01110,ko01130,map00900,map01100,map01110,map01130
IODOLM_00030		4-hydroxy-tetrahydrodipicolinate reductase	E	ko00261,ko00300,ko01100,ko01110,ko01120,ko01130,ko01230,map00261,map00300,map01100,map01110,map01120,map01130,map01230
IODOLM_00031		Carbamoyl phosphate synthase small chain	F	ko00240,ko00250,ko01100,map00240,map00250,map01100
IODOLM_00032		Carbamoyl phosphate synthase large chain	F	ko00240,ko00250,ko01100,map00240,map00250,map01100
IODOLM_00033		hypothetical protein	K	-
IODOLM_00034	caiE	Carnitine operon protein CaiE	S	-
IODOLM_00035		Carnitinyl-CoA dehydratase	I	-
IODOLM_00039		L-carnitine/gamma-butyrobetaine antiporter	M	-
IODOLM_00044		Major facilitator superfamily (MFS) profile domain-containing protein	P	-
IODOLM_00045	kefF	Glutathione-regulated potassium-efflux system ancillary protein KefF	C	-
IODOLM_00046	kefC	Glutathione-regulated potassium-efflux system protein KefC	P	-
IODOLM_00047		Dihydrofolate reductase	H	ko00670,ko00790,ko01100,ko01523,map00670,map00790,map01100,map01523
IODOLM_00048		Bis(5'-nucleosyl)-tetraphosphatase, symmetrical	T	ko00230,map00230
IODOLM_00049	apaG	Protein ApaG	P	-
IODOLM_00050		Ribosomal RNA small subunit methyltransferase A	J	-
IODOLM_00052	surA	Chaperone SurA	O	-
IODOLM_00053	lptD	LPS-assembly protein LptD	M	-
IODOLM_00055	yabP	Protein YabP	S	-
IODOLM_00056		hypothetical protein		
IODOLM_00057	rluA	Dual-specificity RNA pseudouridine synthase RluA	J	-
IODOLM_00060	mraZ	Transcriptional regulator MraZ	K	-
IODOLM_00064		UDP-N-acetylmuramoyl-L-alanyl-D-glutamate--2,6-diaminopimelate ligase	M	ko00300,ko00550,map00300,map00550
IODOLM_00067		UDP-N-acetylmuramoylalanine--D-glutamate ligase	M	ko00471,ko00550,ko01100,map00471,map00550,map01100
IODOLM_00073	ftsA	Cell division protein FtsA	D	ko04112,map04112
IODOLM_00074	ftsZ	Cell division protein FtsZ	D	ko04112,map04112
IODOLM_00075		UDP-3-O-acyl-N-acetylglucosamine deacetylase	M	ko00540,ko01100,map00540,map01100
IODOLM_00079	yacG	DNA gyrase inhibitor YacG	S	-
IODOLM_00080	zapD	Cell division protein ZapD	D	-
IODOLM_00081		Dephospho-CoA kinase	F	ko00770,ko01100,map00770,map01100
IODOLM_00082		GMP reductase	F	ko00230,ko00983,ko01100,ko01110,map00230,map00983,map01100,map01110
IODOLM_00083	hofC	Protein transport protein HofC	U	-
IODOLM_00086		nicotinate-nucleotide diphosphorylase (carboxylating)	F	ko00760,ko01100,map00760,map01100
IODOLM_00087	ampD	1,6-anhydro-N-acetylmuramyl-L-alanine amidase AmpD	V	-
IODOLM_00088		Membrane-bound sensory transducer in beta-lactamase regulation	V	-
IODOLM_00089		Amino acid permease/ SLC12A domain-containing protein	U	-
IODOLM_00090		Pyruvate dehydrogenase complex repressor	K	-
IODOLM_00091		Pyruvate dehydrogenase E1 component	F	ko00010,ko00020,ko00620,ko01100,ko01110,ko01120,ko01130,ko01200,map00010,map00020,map00620,map01100,map01110,map01120,map01130,map01200
IODOLM_00092		Dihydrolipoyllysine-residue acetyltransferase component of pyruvate dehydrogenase complex	F	ko00010,ko00020,ko00620,ko01100,ko01110,ko01120,ko01130,ko01200,map00010,map00020,map00620,map01100,map01110,map01120,map01130,map01200
IODOLM_00093		Dihydrolipoyl dehydrogenase	F	ko00010,ko00020,ko00260,ko00280,ko00620,ko00630,ko00640,ko01100,ko01110,ko01120,ko01130,ko01200,map00010,map00020,map00260,map00280,map00620,map00630,map00640,map01100,map01110,map01120,map01130,map01200
IODOLM_00094		hypothetical protein	M	-
IODOLM_00095		Aconitate hydratase B	C	ko00020,ko00630,ko00640,ko00720,ko01100,ko01110,ko01120,ko01130,ko01200,ko01210,ko01230,map00020,map00630,map00640,map00720,map01100,map01110,map01120,map01130,map01200,map01210,map01230
IODOLM_00096	yacL	UPF0231 protein YacL	S	-
IODOLM_00097		S-adenosylmethionine decarboxylase proenzyme	F	ko00270,ko00330,ko01100,map00270,map00330,map01100
IODOLM_00098		Polyamine aminopropyltransferase	E	ko00270,ko00330,ko00410,ko00480,ko01100,map00270,map00330,map00410,map00480,map01100
IODOLM_00100	cueO	Multicopper oxidase CueO	Q	ko00860,ko01110,map00860,map01110
IODOLM_00101	gcd	quinoprotein glucose dehydrogenase	G	ko00030,ko01100,ko01110,ko01130,map00030,map01100,map01110,map01130
IODOLM_00102		Hypoxanthine phosphoribosyltransferase	F	ko00230,ko00983,ko01100,ko01110,map00230,map00983,map01100,map01110
IODOLM_00103		Carbonic anhydrase 2	P	ko00910,map00910
IODOLM_00104		ABC transporter ATP binding protein	V	-
IODOLM_00105	yadH	Inner membrane transport permease YadH	V	-
IODOLM_00106	yadI	Putative phosphotransferase enzyme IIA component YadI	G	-
IODOLM_00107		Polysaccharide deacetylase domain protein	G	-
IODOLM_00108		Aspartate 1-decarboxylase	H	ko00410,ko00770,ko01100,ko01110,map00410,map00770,map01100,map01110
IODOLM_00109	rpnC	recombination-promoting nuclease RpnC	L	-
IODOLM_00110		Pantothenate synthetase	H	ko00410,ko00770,ko01100,ko01110,map00410,map00770,map01100,map01110
IODOLM_00111		3-methyl-2-oxobutanoate hydroxymethyltransferase	H	ko00770,ko01100,ko01110,map00770,map01100,map01110
IODOLM_00112	yadC	fimbrial tip-adhesin YadC	NU	-
IODOLM_00113	yadK	Uncharacterized fimbrial-like protein YadK	NU	-
IODOLM_00114	yadL	Uncharacterized fimbrial-like protein YadL	NU	-
IODOLM_00115	yadM	Uncharacterized fimbrial-like protein YadM	NU	-
IODOLM_00116	htrE	Yad fimbria usher protein HtrE	M	ko05133,map05133
IODOLM_00118	yadN	Uncharacterized fimbrial-like protein YadN	NU	-
IODOLM_00119		2-amino-4-hydroxy-6-hydroxymethyldihydropteridine pyrophosphokinase	H	ko00790,ko01100,map00790,map01100
IODOLM_00121		Glutamyl-Q tRNA(Asp) synthetase	J	-
IODOLM_00123		Sugar fermentation stimulation protein A	K	-
IODOLM_00124		RNA 2',3'-cyclic phosphodiesterase	J	-
IODOLM_00125	hrpB	ATP-dependent RNA helicase HrpB	L	-
IODOLM_00126		Penicillin-binding protein 1B	M	ko00550,map00550
IODOLM_00127	fhuA	Ferrichrome porin FhuA	P	-
IODOLM_00129	fhuD	Iron(3+)-hydroxamate-binding protein FhuD	P	ko02010,map02010
IODOLM_00132		H(+)/Cl(-) exchange transporter	P	-
IODOLM_00133	yadW	Protein YadW		
IODOLM_00134		FeS cluster biogenesis domain-containing protein	C	-
IODOLM_00135	yadS	UPF0126 inner membrane protein YadS	S	-
IODOLM_00136		Vitamin B12-binding protein	P	ko02010,map02010
IODOLM_00137		5'-methylthioadenosine/S-adenosylhomocysteine nucleosidase	F	ko00270,ko01100,ko01230,map00270,map01100,map01230
IODOLM_00138		Deoxyguanosinetriphosphate triphosphohydrolase	F	ko00230,map00230
IODOLM_00140	cdaR	DNA-binding transcriptional regulator CdaR	K	-
IODOLM_00141	yaeH	UPF0325 protein YaeH	S	-
IODOLM_00143		2,3,4,5-tetrahydropyridine-2,6-dicarboxylate N-succinyltransferase	E	ko00300,ko01100,ko01120,ko01230,map00300,map01100,map01120,map01230
IODOLM_00144		Bifunctional uridylyltransferase/uridylyl-removing enzyme	O	ko02020,map02020
IODOLM_00145		Methionine aminopeptidase	E	-
IODOLM_00146		Small ribosomal subunit protein uS2	J	ko03010,map03010
IODOLM_00147		Elongation factor Ts	J	-
IODOLM_00150		1-deoxy-D-xylulose 5-phosphate reductoisomerase	I	ko00900,ko01100,ko01110,ko01130,map00900,map01100,map01110,map01130
IODOLM_00151		Ditrans,polycis-undecaprenyl-diphosphate synthase ((2E,6E)-farnesyl-diphosphate specific)	I	ko00900,ko01110,map00900,map01110
IODOLM_00152		Phosphatidate cytidylyltransferase		
IODOLM_00153		Phosphatidate cytidylyltransferase	I	ko00564,ko01100,ko01110,ko04070,map00564,map01100,map01110,map04070
IODOLM_00154		Regulator of sigma E protease	M	ko02024,ko04112,map02024,map04112
IODOLM_00155	bamA	Outer membrane protein assembly factor BamA	M	-
IODOLM_00158	fabZ	3-hydroxyacyl-[acyl-carrier-protein] dehydratase FabZ	I	ko00061,ko00780,ko01100,ko01212,map00061,map00780,map01100,map01212
IODOLM_00159		Acyl-[acyl-carrier-protein]-UDP-N-acetylglucosamine O-acyltransferase	M	ko00540,ko01100,ko01503,map00540,map01100,map01503
IODOLM_00160		Lipid-A-disaccharide synthase	M	ko00540,ko01100,map00540,map01100
IODOLM_00162		DNA polymerase III subunit alpha	L	ko00230,ko00240,ko01100,ko03030,ko03430,ko03440,map00230,map00240,map01100,map03030,map03430,map03440
IODOLM_00163		Acetyl-coenzyme A carboxylase carboxyl transferase subunit alpha	I	ko00061,ko00620,ko00640,ko00720,ko01100,ko01110,ko01120,ko01130,ko01200,ko01212,map00061,map00620,map00640,map00720,map01100,map01110,map01120,map01130,map01200,map01212
IODOLM_00164	ldcC	lysine decarboxylase LdcC	E	ko00310,ko00330,ko00960,ko01100,ko01110,map00310,map00330,map00960,map01100,map01110
IODOLM_00166		tRNA(Ile)-lysidine synthase	J	-
IODOLM_00173		Proline--tRNA ligase	J	ko00970,map00970
IODOLM_00175	rcsF	Outer membrane lipoprotein RcsF	M	ko02020,map02020
IODOLM_00179		D-glycero-beta-D-manno-heptose-1,7-bisphosphate 7-phosphatase	F	ko00540,ko01100,map00540,map01100
IODOLM_00181	dkgB	2,5-didehydrogluconate reductase DkgB	S	-
IODOLM_00182		D-malate degradation protein R	K	-
IODOLM_00183		Endonuclease/exonuclease/phosphatase domain-containing protein	S	-
IODOLM_00184		hypothetical protein	Q	-
IODOLM_00185		peptidoglycan lytic exotransglycosylase	M	-
IODOLM_00186		Hydroxyacylglutathione hydrolase	S	ko00620,map00620
IODOLM_00188		Ribonuclease H	L	ko03030,map03030
IODOLM_00190	yafT	Uncharacterized lipoprotein YafT	-	-
IODOLM_00191	ykfM	Uncharacterized protein YkfM	-	-
IODOLM_00192		hypothetical protein	S	-
IODOLM_00193	yafV	2-oxoglutaramate amidase	S	ko00250,map00250
IODOLM_00194		Inhibitor of vertebrate lysozyme	O	-
IODOLM_00195		Acyl-coenzyme A dehydrogenase	I	ko00071,ko01100,ko01212,map00071,map01100,map01212
IODOLM_00196		Phosphoheptose isomerase	G	ko00540,ko01100,map00540,map01100
IODOLM_00197	yafJ	Putative glutamine amidotransferase YafJ	S	-
IODOLM_00206	yafN	Antitoxin YafN	D	-
IODOLM_00207	yafO	type II toxin-antitoxin system mRNA interferase toxin YafO	S	-
IODOLM_00208		hypothetical protein	K	-
IODOLM_00209	ykfJ	Putative uncharacterized protein YkfJ	S	ko01501,map01501
IODOLM_00210		Putative peptide chain release factor H	J	-
IODOLM_00211		Aminoacyl-histidine dipeptidase	E	ko00480,ko01100,map00480,map01100
IODOLM_00212		Xanthine-guanine phosphoribosyltransferase	F	ko00230,ko01100,ko01110,map00230,map01100,map01110
IODOLM_00213	frsA	Esterase FrsA	S	-
IODOLM_00215		Outer membrane pore protein N, non-specific	M	ko01501,ko02020,map01501,map02020
IODOLM_00216		Glutamate 5-kinase	F	ko00330,ko00332,ko01100,ko01130,ko01230,map00330,map00332,map01100,map01130,map01230
IODOLM_00217		Gamma-glutamyl phosphate reductase	E	ko00330,ko00332,ko01100,ko01110,ko01130,ko01230,map00330,map00332,map01100,map01110,map01130,map01230
IODOLM_00225	ykfB	Uncharacterized protein YkfB	-	-
IODOLM_00227		DUF945 domain-containing protein	S	-
IODOLM_00233		RNA-directed DNA polymerase	L	ko00760,ko01120,map00760,map01120
IODOLM_00236		Amino acid permease/ SLC12A domain-containing protein	E	-
IODOLM_00238	fbpC	Fe(3+) ions import ATP-binding protein FbpC	E	ko02010,map02010
IODOLM_00239	afuB	Putative ferric transport system permease-like protein AfuB	P	ko02010,map02010
IODOLM_00241	tnp	IS1 family IS1B transposase ORF A	L	-
IODOLM_00243	yagB	type IV toxin-antitoxin system antitoxin YagB	S	-
IODOLM_00244	tnp	IS481 family ISEc19 transposase	L	-
IODOLM_00245	yagE	2-keto-3-deoxygluconate aldolase	EM	ko00040,ko00261,ko00300,ko01100,ko01110,ko01120,ko01130,ko01230,map00040,map00261,map00300,map01100,map01110,map01120,map01130,map01230
IODOLM_00250	tnp	IS3 family IS150 transposase ORF A	L	-
IODOLM_00252		hypothetical protein	K	-
IODOLM_00253		Ornithine carbamoyltransferase subunit I	E	ko00220,ko01100,ko01110,ko01130,ko01230,map00220,map01100,map01110,map01130,map01230
IODOLM_00255	tnp	IS1 family IS1B transposase ORF A	L	-
IODOLM_00256		Type III restriction endonuclease subunit R	KL	-
IODOLM_00258	yagL	Uncharacterized protein YagL	L	-
IODOLM_00261	yagN	Uncharacterized protein YagN		
IODOLM_00262		Integrase family protein	J	-
IODOLM_00263	yagP	Putative LysR family substrate binding domain-containing protein YagP	K	-
IODOLM_00266	paoB	aldehyde oxidoreductase FAD-binding subunit PaoB	F	ko00230,ko01100,ko01120,map00230,map01100,map01120
IODOLM_00267		Aldehyde dehydrogenase iron-sulfur subunit	F	ko00230,ko01100,ko01120,map00230,map01100,map01120
IODOLM_00268	yagU	Inner membrane protein YagU	S	-
IODOLM_00272	ecpB	fimbrial chaperone EcpB	M	-
IODOLM_00273	ecpA	common pilus major fimbrillin subunit EcpA	S	-
IODOLM_00274	ecpR	ECP biosynthesis operon DNA-binding transcriptional regulator EcpR	K	-
IODOLM_00275		Large ribosomal subunit protein bL36	J	ko03010,map03010
IODOLM_00276		Large ribosomal subunit protein bL31B	J	ko03010,map03010
IODOLM_00277	ykgR	Uncharacterized membrane protein YkgR		
IODOLM_00281		hypothetical protein	K	-
IODOLM_00282	rclC	reactive chlorine species resistance protein RclC	S	-
IODOLM_00283	rclA	putative pyridine nucleotide-disulfide oxidoreductase RclA	C	-
IODOLM_00284	rclR	DNA-binding transcriptional regulator RclR	K	-
IODOLM_00285		Hydroxyacid oxidoreductase (Fe-S centre)	C	-
IODOLM_00286	ykgF	Uncharacterized electron transport protein YkgF	C	-
IODOLM_00288	ykgH	Uncharacterized protein YkgH	-	-
IODOLM_00289		Oxygen-dependent choline dehydrogenase	E	ko00260,ko01100,map00260,map01100
IODOLM_00290		Betaine aldehyde dehydrogenase	C	ko00260,ko01100,map00260,map01100
IODOLM_00291	betI	HTH-type transcriptional regulator BetI	K	-
IODOLM_00292	betT	choline BCCT transporter BetT	M	-
IODOLM_00293	pdeL	DNA-binding transcriptional activator/c-di-GMP phosphodiesterase PdeL	K	-
IODOLM_00295	yahC	Uncharacterized protein YahC	S	-
IODOLM_00296		hypothetical protein	S	-
IODOLM_00297	yahE	Uncharacterized protein YahE	S	-
IODOLM_00298	yahF	Uncharacterized protein YahF	C	-
IODOLM_00300		Nucleoprotein/polynucleotide-associated enzyme	S	-
IODOLM_00301		S-formylglutathione hydrolase	S	ko00680,ko01120,ko01200,map00680,map01120,map01200
IODOLM_00302	frmA	S-(hydroxymethyl)glutathione dehydrogenase	C	ko00010,ko00071,ko00350,ko00625,ko00626,ko00680,ko00830,ko00980,ko00982,ko01100,ko01110,ko01120,ko01130,ko01200,ko01220,ko05204,map00010,map00071,map00350,map00625,map00626,map00680,map00830,map00980,map00982,map01100,map01110,map01120,map01130,map01200,map01220,map05204
IODOLM_00303	frmR	Regulator protein FrmR	K	-
IODOLM_00305		hypothetical protein	JM	-
IODOLM_00306	tnp	IS3 family IS2 transposase ORF A	L	-
IODOLM_00307	tnp	IS3 family IS2 transposase ORF B	L	-
IODOLM_00308	yaiP	Uncharacterized glycosyltransferase YaiP	M	-
IODOLM_00311	tauB	Taurine import ATP-binding protein TauB	P	ko00920,ko02010,map00920,map02010
IODOLM_00312	tauC	Taurine transport system permease TauC	P	ko00920,ko02010,map00920,map02010
IODOLM_00313		Alpha-ketoglutarate-dependent taurine dioxygenase	Q	ko00430,ko00920,map00430,map00920
IODOLM_00315		hypothetical protein	MU	-
IODOLM_00318		Outer membrane autotransporter domain protein	MU	-
IODOLM_00320	ampH	D-alanyl-D-alanine-carboxypeptidase/endopeptidase AmpH	M	-
IODOLM_00322	bacA	Bacteroid development protein BacA	U	-
IODOLM_00323	yaiW	surface-exposed outer membrane lipoprotein YaiW	S	-
IODOLM_00325		DUF2754 domain-containing protein	S	-
IODOLM_00326		D-alanine--D-alanine ligase A	F	ko00473,ko00550,ko01100,ko01502,map00473,map00550,map01100,map01502
IODOLM_00327	iraP	Anti-adapter protein IraP	J	-
IODOLM_00328		Alkaline phosphatase	P	ko00730,ko00790,ko01100,ko02020,map00730,map00790,map01100,map02020
IODOLM_00329		hypothetical protein	S	-
IODOLM_00330	dgcC	putative diguanylate cyclase DgcC	T	ko02026,map02026
IODOLM_00335	aroM	Protein AroM	E	-
IODOLM_00336		Pyrimidine/purine nucleoside phosphorylase	S	ko00230,ko00240,map00230,map00240
IODOLM_00337		hypothetical protein		
IODOLM_00338	rdgC	Recombination-associated protein RdgC	J	-
IODOLM_00340	araJ	Putative transporter AraJ	EGP	-
IODOLM_00341		Nuclease SbcCD subunit C	L	-
IODOLM_00344	phoR	Phosphate regulon sensor protein PhoR	T	ko02020,map02020
IODOLM_00346	ytnA	Uncharacterized amino acid permease YtnA	E	-
IODOLM_00347		Maltodextrin glucosidase	G	ko00052,ko00500,ko01100,map00052,map00500,map01100
IODOLM_00348		Acyl carrier protein phosphodiesterase	I	ko00770,map00770
IODOLM_00349		S-adenosylmethionine:tRNA ribosyltransferase-isomerase	F	-
IODOLM_00350		Queuine tRNA-ribosyltransferase	F	-
IODOLM_00352	secD	Protein translocase subunit SecD	U	ko03060,ko03070,map03060,map03070
IODOLM_00353	secF	Protein-export membrane protein SecF	U	ko03060,ko03070,map03060,map03070
IODOLM_00354	yajD	HNH nuclease YajD	V	-
IODOLM_00355	tsx	nucleoside-specific channel-forming protein Tsx	M	-
IODOLM_00357	nrdR	Transcriptional repressor NrdR	K	-
IODOLM_00358	ribD	Riboflavin biosynthesis protein RibD	H	ko00740,ko01100,ko01110,ko02024,map00740,map01100,map01110,map02024
IODOLM_00359		6,7-dimethyl-8-ribityllumazine synthase	H	ko00740,ko01100,ko01110,map00740,map01100,map01110
IODOLM_00360	nusB	Transcription antitermination protein NusB	K	-
IODOLM_00362		Phosphatidylglycerophosphatase A	I	ko00564,ko01100,map00564,map01100
IODOLM_00363	yajO	1-deoxyxylulose-5-phosphate synthase YajO	C	-
IODOLM_00364		1-deoxy-D-xylulose-5-phosphate synthase	F	ko00730,ko00900,ko01100,ko01110,ko01130,map00730,map00900,map01100,map01110,map01130
IODOLM_00365		Geranyltranstransferase	H	ko00900,ko01100,ko01110,ko01130,map00900,map01100,map01110,map01130
IODOLM_00367		tRNA sulfurtransferase	F	ko00730,ko01100,ko04122,map00730,map01100,map04122
IODOLM_00372		Protoheme IX farnesyltransferase	H	ko00190,ko00860,ko01100,ko01110,ko04714,map00190,map00860,map01100,map01110,map04714
IODOLM_00373		Cytochrome bo(3) ubiquinol oxidase subunit 4	C	ko00190,ko01100,map00190,map01100
IODOLM_00374		Cytochrome bo(3) ubiquinol oxidase subunit 3	C	ko00190,ko01100,map00190,map01100
IODOLM_00375		Cytochrome o ubiquinol oxidase subunit I	C	ko00190,ko01100,map00190,map01100
IODOLM_00376		Ubiquinol oxidase subunit 2	C	ko00190,ko01100,map00190,map01100
IODOLM_00377		Anhydromuropeptide permease	P	ko01501,map01501
IODOLM_00378	yajG	Lipoprotein YajG	M	-
IODOLM_00379	bolA	DNA-binding transcriptional regulator BolA	K	-
IODOLM_00381		ATP-dependent Clp protease proteolytic subunit	O	ko04112,ko04212,map04112,map04212
IODOLM_00382	clpX	ATP-dependent Clp protease ATP-binding subunit ClpX	O	ko04112,map04112
IODOLM_00383		Lon protease	O	ko04112,map04112
IODOLM_00384	hupB	Histone-like bacterial DNA-binding protein, hupB family	L	-
IODOLM_00385	ppiD	Periplasmic chaperone PpiD	O	-
IODOLM_00386	ybaV	Uncharacterized protein YbaV	L	-
IODOLM_00387	fadM	long-chain acyl-CoA thioesterase FadM	S	-
IODOLM_00388		7-cyano-7-deazaguanine synthase	F	ko00790,ko01100,map00790,map01100
IODOLM_00392		ABC transporter ATP-binding protein/permease	P	ko02010,map02010
IODOLM_00393	mdlB	Multidrug resistance-like ATP-binding protein MdlB	P	ko01501,ko02010,map01501,map02010
IODOLM_00394		Nitrogen regulatory protein P-II	K	-
IODOLM_00396		Acyl-CoA thioesterase 2	I	ko01040,map01040
IODOLM_00397	ybaY	Uncharacterized lipoprotein YbaY	S	-
IODOLM_00398		hypothetical protein	L	-
IODOLM_00399	ybaA	Uncharacterized protein YbaA	S	-
IODOLM_00400	pdeB	cyclic-guanylate-specific phosphodiesterase PdeB	T	-
IODOLM_00402		Maltose O-acetyltransferase	S	-
IODOLM_00403		Hemolysin expression-modulating protein Hha	K	-
IODOLM_00404	tomB	Hha toxicity modulator TomB	L	-
IODOLM_00405	acrB	efflux RND transporter permease AcrB	V	ko01501,ko01503,map01501,map01503
IODOLM_00408	mscK	Mechanosensitive channel MscK	DM	-
IODOLM_00410		Primosomal replication protein N''	L	ko03440,map03440
IODOLM_00411	ybaN	Inner membrane protein YbaN	S	-
IODOLM_00412		Adenine phosphoribosyltransferase	F	ko00230,ko01100,map00230,map01100
IODOLM_00413		DNA polymerase III subunit gamma/tau	F	ko00230,ko00240,ko01100,ko03030,ko03430,ko03440,map00230,map00240,map01100,map03030,map03430,map03440
IODOLM_00414		Nucleoid-associated protein Sden_2380	S	-
IODOLM_00415	recR	Recombination protein RecR	L	ko03440,map03440
IODOLM_00416	htpG	Chaperone protein HtpG	O	ko04141,ko04151,ko04217,ko04612,ko04621,ko04626,ko04657,ko04659,ko04914,ko04915,ko05200,ko05215,ko05418,map04141,map04151,map04217,map04612,map04621,map04626,map04657,map04659,map04914,map04915,map05200,map05215,map05418
IODOLM_00417		Adenylate kinase	F	ko00230,ko00730,ko01100,ko01110,ko01130,map00230,map00730,map01100,map01110,map01130
IODOLM_00420	gsk	inosine/guanosine kinase	F	ko00030,ko00051,ko00230,ko00500,ko00520,ko01100,map00030,map00051,map00230,map00500,map00520,map01100
IODOLM_00421	ybaL	Putative cation/proton antiporter YbaL	P	-
IODOLM_00422	fsr	fosmidomycin MFS transporter	P	-
IODOLM_00424	ybaK	Cys-tRNA(Pro)/Cys-tRNA(Cys) deacylase YbaK	S	-
IODOLM_00425		Ligase	S	-
IODOLM_00426	ybaQ	Uncharacterized HTH-type transcriptional regulator YbaQ	K	-
IODOLM_00427		Copper-exporting P-type ATPase	P	ko01524,ko04016,map01524,map04016
IODOLM_00429	ybaT	Inner membrane transport protein YbaT	E	-
IODOLM_00431	ybbJ	Inner membrane protein YbbJ	OU	-
IODOLM_00432	qmcA	Protein QmcA	O	-
IODOLM_00435	cnoX	chaperedoxin	O	ko04621,ko05418,map04621,map05418
IODOLM_00438		ABC transporter ATP-binding protein	P	-
IODOLM_00439		ABC3 transporter permease C-terminal domain-containing protein	Q	-
IODOLM_00441	ybbC	Uncharacterized protein YbbC	S	-
IODOLM_00444		Integrase	L	-
IODOLM_00445		tRNA 2-selenouridine synthase	J	-
IODOLM_00447		Ureidoglycolate lyase	F	ko00230,ko01100,map00230,map01100
IODOLM_00448	allR	HTH-type transcriptional repressor AllR	K	-
IODOLM_00450		Hydroxypyruvate isomerase	G	ko00630,ko01100,map00630,map01100
IODOLM_00451	glxR	2-hydoxy-3-oxopropionate reductase GlxR	I	ko00630,ko01100,map00630,map01100
IODOLM_00452		Allantoin permease	FH	-
IODOLM_00456		(S)-ureidoglycine aminohydrolase	S	ko00230,ko01120,map00230,map01120
IODOLM_00457		Allantoate amidohydrolase	E	ko00230,ko01120,map00230,map01120
IODOLM_00462		Carbamate kinase	F	ko00220,ko00230,ko00910,ko01100,ko01120,ko01200,map00220,map00230,map00910,map01100,map01120,map01200
IODOLM_00463		N5-carboxyaminoimidazole ribonucleotide synthase	F	ko00230,ko01100,ko01110,ko01130,map00230,map01100,map01110,map01130
IODOLM_00464		N5-carboxyaminoimidazole ribonucleotide mutase	F	ko00230,ko01100,ko01110,ko01130,map00230,map01100,map01110,map01130
IODOLM_00465		UDP-2,3-diacylglucosamine hydrolase	S	ko00540,ko01100,map00540,map01100
IODOLM_00466		Peptidyl-prolyl cis-trans isomerase	O	-
IODOLM_00467		Cysteine--tRNA ligase	J	ko00970,map00970
IODOLM_00470		Bifunctional 5,10-methylene-tetrahydrofolate dehydrogenase/ 5,10-methylene-tetrahydrofolate cyclohydrolase	F	ko00670,ko00720,ko01100,ko01120,ko01200,map00670,map00720,map01100,map01120,map01200
IODOLM_00471	sfmA	Uncharacterized fimbrial-like protein SfmA	NU	ko05133,map05133
IODOLM_00472	sfmC	putative fimbrial chaperone SfmC	NU	-
IODOLM_00476		Fimbriae Z protein	K	ko02020,ko05133,map02020,map05133
IODOLM_00485	ybcM	Uncharacterized HTH-type transcriptional regulator YbcM	K	-
IODOLM_00492		hypothetical protein	F	ko00051,ko01120,map00051,map01120
IODOLM_00494		Outer membrane protein C2	M	ko01501,ko02020,map01501,map02020
IODOLM_00495	essD	phage lysis protein EssD	S	-
IODOLM_00496	rrrD	lysozyme RrrD	G	-
IODOLM_00498	bor	serum resistance lipoprotein Bor	S	-
IODOLM_00499	ybcV	Uncharacterized protein YbcV	E	-
IODOLM_00500		Phage protein		
IODOLM_00505	appY	DNA-binding transcriptional activator AppY	K	ko02020,ko05111,map02020,map05111
IODOLM_00506	ompT	omptin family outer membrane protease OmpT	M	-
IODOLM_00511	cusS	Cu(+)/Ag(+) sensor histidine kinase CusS	T	ko02020,map02020
IODOLM_00512	cusR	copper response regulator transcription factor CusR	K	ko02020,map02020
IODOLM_00513	cusC	Cu(+)/Ag(+) efflux RND transporter outer membrane channel CusC	M	ko01501,ko02020,ko02024,map01501,map02020,map02024
IODOLM_00514	cusF	Cu(+)/Ag(+) efflux RND transporter periplasmic metallochaperone CusF	S	ko02020,map02020
IODOLM_00515	cusB	Cu(+)/Ag(+) efflux RND transporter periplasmic adaptor subunit CusB	M	ko02020,map02020
IODOLM_00518	ybdG	mechanosensitive ion channel YbdG	M	-
IODOLM_00519		Oxygen-insensitive NAD(P)H nitroreductase	C	ko00633,ko01120,map00633,map01120
IODOLM_00522		Putative glutamate--cysteine ligase 2	F	-
IODOLM_00524	tnp	IS4 family IS421 transposase	L	-
IODOLM_00525		hypothetical protein		
IODOLM_00526	fepA	siderophore enterobactin receptor FepA	P	ko02020,map02020
IODOLM_00527	fes	enterobactin/ferric enterobactin esterase	P	-
IODOLM_00528	ybdZ	enterobactin biosynthesis protein YbdZ	S	ko00261,ko01130,map00261,map01130
IODOLM_00529	entF	enterobactin synthase multienzyme complex component, ATP-dependent	Q	ko01053,ko01110,ko01130,map01053,map01110,map01130
IODOLM_00531	fepC	ferrienterobactin ABC transporter ATPase	P	ko02010,map02010
IODOLM_00532	fepG	iron-enterobactin ABC transporter permease	P	ko02010,map02010
IODOLM_00533	fepD	ferrienterobactin ABC transporter permease	P	ko02010,map02010
IODOLM_00535	fepB	ferrienterobactin ABC transporter periplasmic binding protein	P	ko02010,map02010
IODOLM_00536	entC	isochorismate synthase 1	HQ	ko00130,ko01053,ko01100,ko01110,ko01130,map00130,map01053,map01100,map01110,map01130
IODOLM_00537	entE	(2,3-dihydroxybenzoyl)adenylate synthase EntE	Q	ko01053,ko01110,ko01130,map01053,map01110,map01130
IODOLM_00538	entB	enterobactin biosynthesis bifunctional isochorismatase/aryl carrier protein EntB	Q	ko01053,ko01110,ko01130,map01053,map01110,map01130
IODOLM_00539	entA	2,3-dihydro-2,3-dihydroxybenzoate dehydrogenase EntA	IQ	ko01053,ko01110,ko01130,map01053,map01110,map01130
IODOLM_00540		Hotdog fold thioesterase	Q	ko00360,map00360
IODOLM_00541	btsT	Pyruvate/proton symporter BtsT	T	-
IODOLM_00544	ybdL	methionine-oxo-acid transaminase	E	-
IODOLM_00546		Phosphoadenosine phosphosulphate reductase domain-containing protein	S	-
IODOLM_00547	ybdO	Uncharacterized HTH-type transcriptional regulator YbdO	K	-
IODOLM_00548	dsbG	Thiol:disulfide interchange protein DsbG	O	-
IODOLM_00550		Alkyl hydroperoxide reductase subunit F	O	-
IODOLM_00551		Universal stress protein	T	-
IODOLM_00554		Regulator of nucleoside diphosphate kinase	K	-
IODOLM_00555		Ribonuclease I	J	-
IODOLM_00559		Citrate lyase alpha chain	C	ko02020,map02020
IODOLM_00560		Citrate lyase subunit beta	G	ko02020,map02020
IODOLM_00561		citrate lyase acyl carrier protein 1	C	ko02020,map02020
IODOLM_00562		[Citrate [pro-3S]-lyase] ligase	H	ko02020,map02020
IODOLM_00564	dpiA	Transcriptional regulatory protein DpiA	K	ko02020,map02020
IODOLM_00566	pagP	lipid IV(A) palmitoyltransferase PagP	M	ko01503,ko05133,map01503,map05133
IODOLM_00567	cspE	transcription antiterminator/RNA stability regulator CspE	K	-
IODOLM_00568	fluC	Fluoride-specific ion channel FluC	D	-
IODOLM_00570		Amidase	S	-
IODOLM_00572		Lipoyl synthase	H	ko00785,ko01100,map00785,map01100
IODOLM_00573	ybeF	Uncharacterized HTH-type transcriptional regulator YbeF	K	-
IODOLM_00574		Octanoyltransferase	H	ko00785,ko01100,map00785,map01100
IODOLM_00575		UPF0250 protein BU488	S	-
IODOLM_00576	dacA	D-alanyl-D-alanine carboxypeptidase DacA	M	ko00550,ko01100,map00550,map01100
IODOLM_00577	rlpA	Endolytic peptidoglycan transglycosylase RlpA	M	-
IODOLM_00578	mrdB	Peptidoglycan glycosyltransferase MrdB	M	-
IODOLM_00579	mrdA	Peptidoglycan D,D-transpeptidase MrdA	M	ko00550,ko01501,map00550,map01501
IODOLM_00584		DNA polymerase III subunit delta	L	ko00230,ko00240,ko01100,ko03030,ko03430,ko03440,map00230,map00240,map01100,map03030,map03430,map03440
IODOLM_00585	lptE	LPS-assembly lipoprotein LptE	M	-
IODOLM_00586		Leucine--tRNA ligase	J	ko00970,map00970
IODOLM_00587		Zinc ribbon-containing protein	J	-
IODOLM_00590	djlB	Uncharacterized J domain-containing protein DjlB	O	-
IODOLM_00591		hypothetical protein	S	-
IODOLM_00592	ybeR	Uncharacterized protein YbeR	S	-
IODOLM_00593	djlC	co-chaperone DjlC	O	-
IODOLM_00595	rihA	Pyrimidine-specific ribonucleoside hydrolase RihA	F	ko00230,ko00760,ko01100,map00230,map00760,map01100
IODOLM_00596	gltL	glutamate/aspartate ABC transporter ATP-binding protein GltL	P	ko02010,ko02020,map02010,map02020
IODOLM_00597		ABC transmembrane type-1 domain-containing protein	E	ko02010,ko02020,map02010,map02020
IODOLM_00598	gltJ	glutamate/aspartate ABC transporter permease GltJ	P	ko02010,ko02020,map02010,map02020
IODOLM_00599	gltI	glutamate/aspartate ABC transporter substrate-binding protein GltI	ET	ko02010,ko02020,map02010,map02020
IODOLM_00601		Outer membrane protein C2	M	ko01501,ko02020,map01501,map02020
IODOLM_00605	bor	serum resistance lipoprotein Bor	S	-
IODOLM_00606	ybcV	Uncharacterized protein YbcV	E	-
IODOLM_00607		Phage protein		
IODOLM_00612	appY	DNA-binding transcriptional activator AppY	K	ko02020,ko05111,map02020,map05111
IODOLM_00613	ompT	omptin family outer membrane protease OmpT	M	-
IODOLM_00618	cusS	Cu(+)/Ag(+) sensor histidine kinase CusS	T	ko02020,map02020
IODOLM_00619	cusR	copper response regulator transcription factor CusR	K	ko02020,map02020
IODOLM_00620	cusC	Cu(+)/Ag(+) efflux RND transporter outer membrane channel CusC	M	ko01501,ko02020,ko02024,map01501,map02020,map02024
IODOLM_00621	cusF	Cu(+)/Ag(+) efflux RND transporter periplasmic metallochaperone CusF	S	ko02020,map02020
IODOLM_00622	cusB	Cu(+)/Ag(+) efflux RND transporter periplasmic adaptor subunit CusB	M	ko02020,map02020
IODOLM_00625	ybdG	mechanosensitive ion channel YbdG	M	-
IODOLM_00626		Oxygen-insensitive NAD(P)H nitroreductase	C	ko00633,ko01120,map00633,map01120
IODOLM_00627		hypothetical protein	S	-
IODOLM_00629		Putative glutamate--cysteine ligase 2	F	-
IODOLM_00631	tnp	IS4 family IS421 transposase	L	-
IODOLM_00633	fepA	siderophore enterobactin receptor FepA	P	ko02020,map02020
IODOLM_00634	fes	enterobactin/ferric enterobactin esterase	P	-
IODOLM_00635	ybdZ	enterobactin biosynthesis protein YbdZ	S	ko00261,ko01130,map00261,map01130
IODOLM_00636	entF	enterobactin synthase multienzyme complex component, ATP-dependent	Q	ko01053,ko01110,ko01130,map01053,map01110,map01130
IODOLM_00637	fepE	LPS O-antigen length regulator	M	-
IODOLM_00638	fepC	ferrienterobactin ABC transporter ATPase	P	ko02010,map02010
IODOLM_00639	fepG	iron-enterobactin ABC transporter permease	P	ko02010,map02010
IODOLM_00640	fepD	ferrienterobactin ABC transporter permease	P	ko02010,map02010
IODOLM_00642	fepB	ferrienterobactin ABC transporter periplasmic binding protein	P	ko02010,map02010
IODOLM_00643	entC	isochorismate synthase 1	HQ	ko00130,ko01053,ko01100,ko01110,ko01130,map00130,map01053,map01100,map01110,map01130
IODOLM_00644	entE	(2,3-dihydroxybenzoyl)adenylate synthase EntE	Q	ko01053,ko01110,ko01130,map01053,map01110,map01130
IODOLM_00645	entB	enterobactin biosynthesis bifunctional isochorismatase/aryl carrier protein EntB	Q	ko01053,ko01110,ko01130,map01053,map01110,map01130
IODOLM_00646	entA	2,3-dihydro-2,3-dihydroxybenzoate dehydrogenase EntA	IQ	ko01053,ko01110,ko01130,map01053,map01110,map01130
IODOLM_00647		Hotdog fold thioesterase	Q	ko00360,map00360
IODOLM_00648	btsT	Pyruvate/proton symporter BtsT	T	-
IODOLM_00651	ybdL	methionine-oxo-acid transaminase	E	-
IODOLM_00652		ParB/Sulfiredoxin domain-containing protein	K	-
IODOLM_00653		Phosphoadenosine phosphosulphate reductase domain-containing protein	S	-
IODOLM_00654	ybdO	Uncharacterized HTH-type transcriptional regulator YbdO	K	-
IODOLM_00655	dsbG	Thiol:disulfide interchange protein DsbG	O	-
IODOLM_00657		Alkyl hydroperoxide reductase subunit F	O	-
IODOLM_00658		Universal stress protein	T	-
IODOLM_00661		Regulator of nucleoside diphosphate kinase	K	-
IODOLM_00662		Ribonuclease I	J	-
IODOLM_00666		Citrate lyase alpha chain	C	ko02020,map02020
IODOLM_00667		Citrate lyase subunit beta	G	ko02020,map02020
IODOLM_00668		citrate lyase acyl carrier protein 1	C	ko02020,map02020
IODOLM_00669		[Citrate [pro-3S]-lyase] ligase	H	ko02020,map02020
IODOLM_00671	dpiA	Transcriptional regulatory protein DpiA	K	ko02020,map02020
IODOLM_00673	pagP	lipid IV(A) palmitoyltransferase PagP	M	ko01503,ko05133,map01503,map05133
IODOLM_00674	cspE	transcription antiterminator/RNA stability regulator CspE	K	-
IODOLM_00675	fluC	Fluoride-specific ion channel FluC	D	-
IODOLM_00677		Amidase	S	-
IODOLM_00679		Lipoyl synthase	H	ko00785,ko01100,map00785,map01100
IODOLM_00680	ybeF	Uncharacterized HTH-type transcriptional regulator YbeF	K	-
IODOLM_00682		UPF0250 protein BU488	S	-
IODOLM_00683	dacA	D-alanyl-D-alanine carboxypeptidase DacA	M	ko00550,ko01100,map00550,map01100
IODOLM_00684	rlpA	Endolytic peptidoglycan transglycosylase RlpA	M	-
IODOLM_00685	mrdB	Peptidoglycan glycosyltransferase MrdB	M	-
IODOLM_00686	mrdA	Peptidoglycan D,D-transpeptidase MrdA	M	ko00550,ko01501,map00550,map01501
IODOLM_00690		Nicotinate-nucleotide adenylyltransferase	H	ko00230,ko00760,ko01100,ko05340,map00230,map00760,map01100,map05340
IODOLM_00691		DNA polymerase III subunit delta	L	ko00230,ko00240,ko01100,ko03030,ko03430,ko03440,map00230,map00240,map01100,map03030,map03430,map03440
IODOLM_00692	lptE	LPS-assembly lipoprotein LptE	M	-
IODOLM_00693		Leucine--tRNA ligase	J	ko00970,map00970
IODOLM_00694		Zinc ribbon-containing protein	J	-
IODOLM_00698		hypothetical protein	S	-
IODOLM_00700	djlC	co-chaperone DjlC	O	-
IODOLM_00702	rihA	Pyrimidine-specific ribonucleoside hydrolase RihA	F	ko00230,ko00760,ko01100,map00230,map00760,map01100
IODOLM_00703	gltL	glutamate/aspartate ABC transporter ATP-binding protein GltL	P	ko02010,ko02020,map02010,map02020
IODOLM_00704		ABC transmembrane type-1 domain-containing protein	E	ko02010,ko02020,map02010,map02020
IODOLM_00705	gltJ	glutamate/aspartate ABC transporter permease GltJ	P	ko02010,ko02020,map02010,map02020
IODOLM_00706	gltI	glutamate/aspartate ABC transporter substrate-binding protein GltI	ET	ko02010,ko02020,map02010,map02020
IODOLM_00710	ybeY	Endoribonuclease YbeY	J	-
IODOLM_00711		PhoH-like protein	T	-
IODOLM_00713		3-demethoxyubiquinol 3-hydroxylase	CH	ko00130,ko01100,ko01110,map00130,map01100,map01110
IODOLM_00714		Asparagine synthetase B [glutamine-hydrolyzing]	E	ko00250,ko01100,ko01110,map00250,map01100,map01110
IODOLM_00715	nagD	ribonucleotide monophosphatase NagD	G	ko00627,ko01120,map00627,map01120
IODOLM_00716	nagC	DNA-binding transcriptional regulator NagC	K	ko00010,ko00052,ko00500,ko00520,ko00521,ko00524,ko01100,ko01110,ko01120,ko01130,ko01200,map00010,map00052,map00500,map00520,map00521,map00524,map01100,map01110,map01120,map01130,map01200
IODOLM_00717		N-acetylglucosamine-6-phosphate deacetylase	G	ko00520,ko01130,map00520,map01130
IODOLM_00719		PTS system N-acetylglucosamine-specific EIICBA component	G	ko00520,ko02060,map00520,map02060
IODOLM_00721		Glutamine--tRNA ligase	J	ko00970,ko01100,map00970,map01100
IODOLM_00722	chiP	chitoporin	M	-
IODOLM_00723	chiQ	Uncharacterized lipoprotein ChiQ	M	-
IODOLM_00724	fur	ferric iron uptake transcriptional regulator	K	-
IODOLM_00725		Flavodoxin 1	C	-
IODOLM_00726	copG	Ribbon-helix-helix protein CopG domain-containing protein	S	-
IODOLM_00727		AB hydrolase-1 domain-containing protein	S	-
IODOLM_00728		Negative modulator of initiation of replication	L	-
IODOLM_00729		Phosphoglucomutase	G	ko00010,ko00030,ko00052,ko00230,ko00500,ko00520,ko00521,ko01100,ko01110,ko01120,ko01130,map00010,map00030,map00052,map00230,map00500,map00520,map00521,map01100,map01110,map01120,map01130
IODOLM_00730	ybfP	Uncharacterized lipoprotein YbfP		
IODOLM_00731		hypothetical protein	S	-
IODOLM_00732	potE	Putrescine transporter PotE	E	-
IODOLM_00737	kdpC	Potassium-transporting ATPase KdpC subunit	P	ko02020,map02020
IODOLM_00739		Potassium-transporting ATPase subunit A	P	ko02020,map02020
IODOLM_00740		Periplasmic protein	S	-
IODOLM_00742		Inner membrane protein	-	-
IODOLM_00744		hypothetical protein	-	-
IODOLM_00748	ybgA	Uncharacterized protein YbgA	S	-
IODOLM_00751	ybgI	radiation resistance protein YbgI	S	-
IODOLM_00752		Allophanate hydrolase 2 subunit 1	E	-
IODOLM_00753	pxpC	5-oxoprolinase subunit PxpC	E	ko00220,ko00791,ko01100,ko01120,map00220,map00791,map01100,map01120
IODOLM_00754		5-oxoprolinase subunit A	S	-
IODOLM_00755		Endonuclease 8	L	ko03410,map03410
IODOLM_00759	ybgQ	Uncharacterized outer membrane usher protein YbgQ	NU	-
IODOLM_00760	ybgD	Uncharacterized fimbrial-like protein YbgD	NU	-
IODOLM_00761		Citrate synthase	C	ko00020,ko00630,ko01100,ko01110,ko01120,ko01130,ko01200,ko01210,ko01230,map00020,map00630,map01100,map01110,map01120,map01130,map01200,map01210,map01230
IODOLM_00762		hypothetical protein		
IODOLM_00763		Succinate dehydrogenase cytochrome b556 subunit	C	ko00020,ko00190,ko00650,ko00720,ko01100,ko01110,ko01120,ko01130,ko01200,map00020,map00190,map00650,map00720,map01100,map01110,map01120,map01130,map01200
IODOLM_00764		Succinate dehydrogenase hydrophobic membrane anchor subunit	C	ko00020,ko00190,ko00650,ko00720,ko01100,ko01110,ko01120,ko01130,ko01200,map00020,map00190,map00650,map00720,map01100,map01110,map01120,map01130,map01200
IODOLM_00765		Succinate dehydrogenase flavoprotein subunit	C	ko00020,ko00190,ko00650,ko00720,ko01100,ko01110,ko01120,ko01130,ko01200,ko05134,map00020,map00190,map00650,map00720,map01100,map01110,map01120,map01130,map01200,map05134
IODOLM_00766	sdhB	succinate dehydrogenase iron-sulfur subunit SdhB	C	ko00020,ko00190,ko00650,ko00720,ko01100,ko01110,ko01120,ko01130,ko01200,map00020,map00190,map00650,map00720,map01100,map01110,map01120,map01130,map01200
IODOLM_00767		2-oxoglutarate dehydrogenase E1 component	F	ko00020,ko00310,ko00380,ko01100,ko01110,ko01120,ko01130,ko01200,map00020,map00310,map00380,map01100,map01110,map01120,map01130,map01200
IODOLM_00768		Dihydrolipoyllysine-residue succinyltransferase component of 2-oxoglutarate dehydrogenase complex	C	ko00020,ko00310,ko01100,ko01110,ko01120,ko01130,ko01200,map00020,map00310,map01100,map01110,map01120,map01130,map01200
IODOLM_00769		Succinate--CoA ligase [ADP-forming] subunit beta	F	ko00020,ko00640,ko00660,ko00720,ko01100,ko01110,ko01120,ko01130,ko01200,map00020,map00640,map00660,map00720,map01100,map01110,map01120,map01130,map01200
IODOLM_00770		Succinate--CoA ligase [ADP-forming] subunit alpha	C	ko00020,ko00640,ko00660,ko00720,ko01100,ko01110,ko01120,ko01130,ko01200,map00020,map00640,map00660,map00720,map01100,map01110,map01120,map01130,map01200
IODOLM_00771	mngR	mannosyl-D-glycerate transport/metabolism system transcriptional repressor MngR	K	-
IODOLM_00773		Alpha-mannosidase	G	-
IODOLM_00774		Cytochrome bd-II ubiquinol oxidase subunit 1	C	ko00190,ko01100,ko02020,map00190,map01100,map02020
IODOLM_00775		Cytochrome bd-I ubiquinol oxidase subunit 2	C	ko00190,ko01100,ko02020,map00190,map01100,map02020
IODOLM_00776		hypothetical protein	S	ko00190,ko02020,map00190,map02020
IODOLM_00777	ybgE	Cyd operon protein YbgE	S	-
IODOLM_00780	tolR	Tol-Pal system protein TolR	U	-
IODOLM_00781	tolA	Tol-Pal system protein TolA	U	-
IODOLM_00787	zitB	Zinc transporter ZitB	P	-
IODOLM_00788		hypothetical protein	S	-
IODOLM_00789	aroG	3-deoxy-7-phosphoheptulonate synthase AroG	E	ko00400,ko01100,ko01110,ko01130,ko01230,ko02024,map00400,map01100,map01110,map01130,map01230,map02024
IODOLM_00790		2,3-bisphosphoglycerate-dependent phosphoglycerate mutase	F	ko00010,ko00260,ko00680,ko01100,ko01110,ko01120,ko01130,ko01200,ko01230,ko04922,ko05230,map00010,map00260,map00680,map01100,map01110,map01120,map01130,map01200,map01230,map04922,map05230
IODOLM_00791		Aldose 1-epimerase	G	ko00010,ko00052,ko01100,ko01110,ko01120,ko01130,map00010,map00052,map01100,map01110,map01120,map01130
IODOLM_00792		Galactokinase	F	ko00052,ko00520,ko01100,map00052,map00520,map01100
IODOLM_00793	tnp	IS3 family IS2 transposase ORF B	L	-
IODOLM_00794	tnp	IS3 family IS2 transposase ORF A	L	-
IODOLM_00796		Galactose-1-phosphate uridylyltransferase	C	ko00052,ko00520,ko01100,ko04917,map00052,map00520,map01100,map04917
IODOLM_00799	modE	DNA-binding transcriptional regulator ModE	K	-
IODOLM_00800	acrZ	multidrug efflux pump accessory protein AcrZ	U	-
IODOLM_00802	modB	Molybdenum transport system permease protein ModB	P	ko02010,map02010
IODOLM_00803	modC	Molybdenum import ATP-binding protein ModC	P	ko02010,map02010
IODOLM_00805		6-phosphogluconolactonase	F	ko00030,ko01100,ko01110,ko01120,ko01130,ko01200,map00030,map01100,map01110,map01120,map01130,map01200
IODOLM_00806	ybhD	Uncharacterized HTH-type transcriptional regulator YbhD	K	-
IODOLM_00807	ybhH	Putative isomerase YbhH	S	-
IODOLM_00808	ybhI	Inner membrane protein YbhI	P	-
IODOLM_00809	ybhJ	Uncharacterized protein YbhJ	C	ko00020,ko00630,ko00720,ko01100,ko01110,ko01120,ko01130,ko01200,ko01210,ko01230,map00020,map00630,map00720,map01100,map01110,map01120,map01130,map01200,map01210,map01230
IODOLM_00810	ybhC	Putative acyl-CoA thioester hydrolase YbhC	M	ko00040,ko01100,map00040,map01100
IODOLM_00811		Phospholipid-binding protein, PBP family	S	-
IODOLM_00812		Adenosylmethionine-8-amino-7-oxononanoate aminotransferase	H	ko00780,ko01100,map00780,map01100
IODOLM_00813		Biotin synthase	H	ko00780,ko01100,map00780,map01100
IODOLM_00814		8-amino-7-oxononanoate synthase	H	ko00780,ko01100,map00780,map01100
IODOLM_00815		Malonyl-[acyl-carrier protein] O-methyltransferase	H	ko00780,ko01100,map00780,map01100
IODOLM_00816	bioD	ATP-dependent dethiobiotin synthetase BioD 1	H	ko00780,ko01100,map00780,map01100
IODOLM_00818		Putative gluconeogenesis factor	S	-
IODOLM_00819		GTP 3',8-cyclase	H	ko00790,ko01100,ko04122,map00790,map01100,map04122
IODOLM_00820		Molybdenum cofactor biosynthesis protein B	H	ko00790,ko01100,map00790,map01100
IODOLM_00821		Cyclic pyranopterin monophosphate synthase	H	ko00790,ko01100,ko04122,map00790,map01100,map04122
IODOLM_00822		Molybdopterin synthase sulfur carrier subunit	H	ko04122,map04122
IODOLM_00823		Molybdopterin synthase catalytic subunit	H	ko00790,ko01100,ko04122,map00790,map01100,map04122
IODOLM_00825	ybhM	Uncharacterized protein YbhM	S	-
IODOLM_00826	ybhN	Inner membrane protein YbhN	S	-
IODOLM_00827		Cardiolipin synthase B	I	ko00564,ko01100,map00564,map01100
IODOLM_00828		Putative DNase	L	-
IODOLM_00830		Transport permease protein	V	-
IODOLM_00831	ybhS	ABC transport system, permease component YbhS	V	-
IODOLM_00832	ybhF	putative multidrug ABC transporter ATP-binding protein YbhF	V	-
IODOLM_00833		UPF0194 membrane protein RB0873	M	-
IODOLM_00834	cecR	DNA-binding transcriptional regulator CecR	K	-
IODOLM_00836	ybiA	N-glycosidase YbiA	O	-
IODOLM_00837	dinG	ATP-dependent DNA helicase DinG	L	-
IODOLM_00838	ybiB	Uncharacterized protein YbiB	E	-
IODOLM_00841	ybiI	C4-type zinc finger protein YbiI	T	-
IODOLM_00842		Iron-uptake factor	S	-
IODOLM_00843		Catecholate siderophore receptor Fiu	P	-
IODOLM_00844		YdgH/BhsA/McbA-like domain-containing protein	S	-
IODOLM_00846	ybiO	Moderate conductance mechanosensitive channel YbiO	M	-
IODOLM_00848	glnP	Glutamine ABC transporter permease GlnP	P	ko02010,map02010
IODOLM_00849	glnH3	GlnH3	ET	ko02010,map02010
IODOLM_00850		DNA protection during starvation protein	P	-
IODOLM_00851	rhtA	Threonine/homoserine exporter RhtA	S	-
IODOLM_00852	yliM	Protein YliM		
IODOLM_00853		Outer membrane protein X	M	-
IODOLM_00856	mntR	Transcriptional regulator MntR	K	-
IODOLM_00857	ybiR	Inner membrane protein YbiR	P	-
IODOLM_00859		ABC transporter domain-containing protein	S	-
IODOLM_00861	ybiV	sugar-phosphatase YbiV	S	ko00740,ko01100,ko01110,map00740,map01100,map01110
IODOLM_00864		Fructose-6-phosphate aldolase 1	G	-
IODOLM_00865	moeB	Molybdopterin synthase sulfurylase MoeB	H	ko00730,ko01100,ko04122,map00730,map01100,map04122
IODOLM_00866	moeA	molybdopterin molybdotransferase MoeA	H	ko00790,ko01100,map00790,map01100
IODOLM_00869	gsiB	Glutathione-binding protein GsiB	E	ko02010,map02010
IODOLM_00870	gsiC	Glutathione transport system permease protein GsiC	EP	ko02010,map02010
IODOLM_00871	gsiD	Glutathione transport system permease protein GsiD	EP	ko02010,map02010
IODOLM_00873	dgcI	putative diguanylate cyclase DgcI	T	-
IODOLM_00875	bssR	Biofilm regulator BssR	S	-
IODOLM_00877	gstB	glutathione S-transferase GstB	O	ko00480,ko00980,ko00982,ko00983,ko01524,ko05200,ko05204,ko05225,ko05418,map00480,map00980,map00982,map00983,map01524,map05200,map05204,map05225,map05418
IODOLM_00878		serine-type D-Ala-D-Ala carboxypeptidase	M	ko00550,ko01100,map00550,map01100
IODOLM_00880		undecaprenyl-diphosphate phosphatase	I	ko00550,map00550
IODOLM_00882	ybjH	Uncharacterized protein YbjH	-	-
IODOLM_00883	ybjI	5-amino-6-(5-phospho-D-ribitylamino)uracil phosphatase	S	ko00740,ko01100,ko01110,map00740,map01100,map01110
IODOLM_00884		Major facilitator superfamily (MFS) profile domain-containing protein	G	-
IODOLM_00885	rcdA	DNA-binding transcriptional regulator RcdA	K	-
IODOLM_00886	ybjL	Putative transport protein YbjL	P	-
IODOLM_00887	ybjM	Inner membrane protein YbjM	S	-
IODOLM_00892	ybjN	Uncharacterized protein YbjN	S	-
IODOLM_00893		Putrescine-binding periplasmic protein	P	ko02010,map02010
IODOLM_00894	potG	Putrescine transport ATP-binding protein PotG	P	ko02010,ko02024,map02010,map02024
IODOLM_00895	potH	Putrescine transport system permease protein PotH	P	ko02010,map02010
IODOLM_00896		Putrescine ABC transporter membrane protein	P	ko02010,map02010
IODOLM_00897		Putative membrane protein	S	-
IODOLM_00899	artJ	ABC transporter substrate-binding protein ArtJ	ET	ko02010,map02010
IODOLM_00900	artM	Arginine ABC transporter permease protein ArtM	P	ko02010,map02010
IODOLM_00901		Arginine ABC transporter permease component	P	ko02010,map02010
IODOLM_00902		Putative ABC transporter arginine-binding protein 2	ET	ko02010,map02010
IODOLM_00903	artP	Arginine transport ATP-binding protein ArtP	P	ko02010,map02010
IODOLM_00904		hypothetical protein	M	-
IODOLM_00905		UPF0145 protein Dda3937_02372	S	-
IODOLM_00908		NAD(P)-binding domain-containing protein	GM	-
IODOLM_00910		Pyruvate dehydrogenase [ubiquinone]	C	ko00620,ko01100,map00620,map01100
IODOLM_00911		Hybrid-cluster NAD(P)-dependent oxidoreductase	C	-
IODOLM_00913	lysO	L-lysine exporter LysO	S	-
IODOLM_00915	ybjD	Uncharacterized protein YbjD	L	-
IODOLM_00916	ybjX	Uncharacterized protein YbjX	S	-
IODOLM_00917	macA	Macrolide export protein MacA	M	-
IODOLM_00919	cspD	Cold shock-like protein CspD	K	-
IODOLM_00921	clpA	ATP-dependent Clp protease ATP-binding subunit ClpA	O	-
IODOLM_00922		Translation initiation factor IF-1	J	-
IODOLM_00924		ABC-type xenobiotic transporter	P	ko02010,map02010
IODOLM_00925		ABC transmembrane type-1 domain-containing protein	P	ko02010,map02010
IODOLM_00926		Thioredoxin reductase	O	ko00450,map00450
IODOLM_00927		Leucine-responsive regulatory protein	K	-
IODOLM_00928	ftsK	DNA translocase FtsK	D	-
IODOLM_00929		Outer-membrane lipoprotein carrier protein	M	-
IODOLM_00930	rarA	replication-associated recombination protein RarA	L	-
IODOLM_00931		Serine--tRNA ligase	J	ko00970,map00970
IODOLM_00935	ycaC	Hydrolase YcaC	Q	-
IODOLM_00936	ycaD	Uncharacterized MFS-type transporter YcaD	EGP	-
IODOLM_00937	acaP	Aspartate/glutamate permease AcaP	P	-
IODOLM_00938	ycaN	Uncharacterized HTH-type transcriptional regulator YcaN	K	-
IODOLM_00939		NAD(P)H oxidoreductase	S	ko00130,ko01110,ko05200,ko05225,ko05418,map00130,map01110,map05200,map05225,map05418
IODOLM_00940		Pyruvate formate-lyase 1-activating enzyme	O	-
IODOLM_00944	ycaP	UPF0702 transmembrane protein YcaP	S	-
IODOLM_00945		Phosphoserine aminotransferase	H	ko00260,ko00680,ko00750,ko01100,ko01120,ko01130,ko01200,ko01230,map00260,map00680,map00750,map01100,map01120,map01130,map01200,map01230
IODOLM_00946		3-phosphoshikimate 1-carboxyvinyltransferase	E	ko00400,ko01100,ko01110,ko01130,ko01230,map00400,map01100,map01110,map01130,map01230
IODOLM_00950		Integration host factor subunit beta	K	-
IODOLM_00952	msbA	Lipid A export ATP-binding/permease MsbA	V	ko02010,map02010
IODOLM_00953		Tetraacyldisaccharide 4'-kinase	I	ko00540,ko01100,map00540,map01100
IODOLM_00954	ycaQ	Uncharacterized protein YcaQ	S	-
IODOLM_00955		UPF0434 protein ATO7_01185	S	-
IODOLM_00956		3-deoxy-manno-octulosonate cytidylyltransferase	M	ko00540,ko01100,map00540,map01100
IODOLM_00957	ycbJ	Uncharacterized protein YcbJ	S	-
IODOLM_00958		DUF218 domain-containing protein	S	-
IODOLM_00959		tRNA 5-carboxymethoxyuridine methyltransferase	J	-
IODOLM_00960	mukF	Chromosome partition protein MukF	D	-
IODOLM_00961		Condesin subunit E	D	-
IODOLM_00962	mukB	Chromosome partition protein MukB	D	-
IODOLM_00963		Putative peptidoglycan binding domain protein	M	-
IODOLM_00965	gloC	hydroxyacylglutathione hydrolase GloC	S	ko00620,map00620
IODOLM_00966	aspC	aspartate transaminase	E	ko00220,ko00250,ko00270,ko00330,ko00350,ko00360,ko00400,ko00401,ko00950,ko00960,ko01100,ko01110,ko01130,ko01210,ko01230,map00220,map00250,map00270,map00330,map00350,map00360,map00400,map00401,map00950,map00960,map01100,map01110,map01130,map01210,map01230
IODOLM_00967		Outer membrane protein	M	ko01501,ko02020,map01501,map02020
IODOLM_00968		Asparagine--tRNA ligase	J	ko00970,map00970
IODOLM_00969		Nicotinate phosphoribosyltransferase	F	ko00760,ko01100,map00760,map01100
IODOLM_00970		Aminopeptidase N	E	ko00480,ko01100,map00480,map01100
IODOLM_00971		Aliphatic sulfonates transport ATP-binding subunit	P	ko00920,ko02010,map00920,map02010
IODOLM_00973		Alkanesulfonate monooxygenase	C	ko00920,map00920
IODOLM_00974	ssuA	aliphatic sulfonate ABC transporter substrate-binding protein SsuA	P	ko00920,ko02010,map00920,map02010
IODOLM_00975		FMN reductase (NADPH)	S	ko00740,ko00920,ko01100,map00740,map00920,map01100
IODOLM_00976	elfA	Laminin-binding fimbrial subunit ElfA	NU	-
IODOLM_00977		hypothetical protein	NU	-
IODOLM_00981		Fimbrial protein	NU	-
IODOLM_00983		Dihydroorotate dehydrogenase (quinone)	F	ko00240,ko01100,map00240,map01100
IODOLM_00984	zapC	cell division protein ZapC	D	-
IODOLM_00986	rlmL	23S rRNA (Guanine-N-2-) -methyl transferase rlmL	J	-
IODOLM_00987		ATP-binding protein Uup	S	-
IODOLM_00988	pqiA	Intermembrane transport protein PqiA	S	-
IODOLM_00991		hypothetical protein	J	-
IODOLM_00992		3-hydroxydecanoyl-[acyl-carrier-protein] dehydratase	I	ko00061,ko01100,ko01212,map00061,map01100,map01212
IODOLM_00993		endopeptidase La	O	-
IODOLM_00994		Macrodomain Ter protein	D	-
IODOLM_00995	ompA	outer membrane protein A	M	-
IODOLM_00996	sulA	Cell division inhibitor SulA	D	-
IODOLM_00997	sxy	CRP-S regulon transcriptional coactivator Sxy	K	-
IODOLM_00998	yccS	Inner membrane protein YccS	S	-
IODOLM_01000		DNA helicase IV	L	-
IODOLM_01002	yccT	UPF0319 protein YccT	S	-
IODOLM_01005		Ribosomal RNA large subunit methyltransferase I	J	-
IODOLM_01006		Acylphosphatase	C	ko00620,ko00627,ko01120,map00620,map00627,map01120
IODOLM_01007	tusE	Sulfurtransferase TusE	J	ko04122,map04122
IODOLM_01008	yccA	Modulator of FtsH protease YccA	S	-
IODOLM_01010		Uptake hydrogenase large subunit	C	ko00633,ko01120,map00633,map01120
IODOLM_01011		Cytochrome b561 bacterial/Ni-hydrogenase domain-containing protein	C	ko02020,map02020
IODOLM_01012		Hydrogenase 1 maturation protease	O	-
IODOLM_01013	hyaE	Hydrogenase-1 operon protein HyaE	S	-
IODOLM_01015		Cytochrome bd-II ubiquinol oxidase subunit 1	C	ko00190,ko01100,ko02020,map00190,map01100,map02020
IODOLM_01016		Cytochrome d ubiquinol oxidase subunit II	C	ko00190,ko01100,ko02020,map00190,map01100,map02020
IODOLM_01021		Putative polysaccharide export protein Wza	M	ko02026,map02026
IODOLM_01022		Lipoprotein	M	-
IODOLM_01023	gfcC	Uncharacterized protein GfcC	S	-
IODOLM_01024		hypothetical protein	M	-
IODOLM_01025		hypothetical protein	-	-
IODOLM_01026	insB	InsB	-	-
IODOLM_01028		CSD domain-containing protein	K	-
IODOLM_01029	gnsA	Protein GnsA	S	-
IODOLM_01031	torS	Sensor protein TorS	T	ko02020,map02020
IODOLM_01032		Solute-binding periplasmic protein	G	-
IODOLM_01035		Trimethylamine-N-oxide reductase 1	C	ko00450,ko00780,ko00920,ko01100,ko02020,map00450,map00780,map00920,map01100,map02020
IODOLM_01036	torD	Chaperone protein TorD	O	ko02020,map02020
IODOLM_01037	cbpM	Chaperone modulatory protein CbpM	K	-
IODOLM_01038		Curved DNA-binding protein	O	-
IODOLM_01039	yccE	Uncharacterized protein YccE	-	-
IODOLM_01041	yccJ	YccJ protein	S	-
IODOLM_01042		NAD(P)H dehydrogenase (quinone)	S	ko00130,ko01110,map00130,map01110
IODOLM_01043		hypothetical protein	S	-
IODOLM_01044		Pyrimidine utilization transport protein G	F	-
IODOLM_01051		HTH tetR-type domain-containing protein	K	-
IODOLM_01052	putA	Bifunctional protein PutA	K	ko00250,ko00330,ko01100,ko01110,ko01130,map00250,map00330,map01100,map01110,map01130
IODOLM_01054		Sodium/proline symporter	P	-
IODOLM_01055		hypothetical protein	P	-
IODOLM_01056	efeU	Ferrous iron permease EfeU	P	-
IODOLM_01057	efeO	iron uptake system protein EfeO	P	-
IODOLM_01058		Deferrochelatase	P	-
IODOLM_01059	phoH	Protein PhoH	T	-
IODOLM_01060		hypothetical protein	S	ko02026,map02026
IODOLM_01061		Poly-beta-1,6-N-acetyl-D-glucosamine synthase	M	ko02026,map02026
IODOLM_01062		Poly-beta-1,6-N-acetyl-D-glucosamine N-deacetylase	M	ko02026,map02026
IODOLM_01063		Poly-beta-1,6-N-acetyl-D-glucosamine export protein	S	ko02026,map02026
IODOLM_01064		Putative diguanylate cyclase	T	-
IODOLM_01065	tnp	IS3 family IS2 transposase ORF A	L	-
IODOLM_01066	tnp	IS3 family IS2 transposase ORF B	L	-
IODOLM_01067		hypothetical protein	T	-
IODOLM_01071	ycdU	Uncharacterized protein YcdU	-	-
IODOLM_01072	ghrA	Glyoxylate/hydroxypyruvate reductase GhrA	EH	ko00260,ko00620,ko00630,ko01100,ko01110,ko01120,map00260,map00620,map00630,map01100,map01110,map01120
IODOLM_01075	ycdZ	Inner membrane protein ycdZ	S	-
IODOLM_01076	cgsG	curli production assembly/transport protein CsgG	M	-
IODOLM_01077	cgsF	curli production assembly/transport protein CsgF	S	-
IODOLM_01078	cgsE	curli production assembly/transport protein CsgE	S	-
IODOLM_01079	csgD	transcriptional regulator CsgD	K	ko02026,ko05111,map02026,map05111
IODOLM_01080		hypothetical protein	S	ko02026,map02026
IODOLM_01083		hypothetical protein	-	-
IODOLM_01084		O-acetyl-ADP-ribose deacetylase	S	-
IODOLM_01085	clsC	cardiolipin synthase ClsC	I	ko00564,ko01100,map00564,map01100
IODOLM_01087	mdoG	glucans biosynthesis protein MdoG	P	-
IODOLM_01088		Glucans biosynthesis glucosyltransferase H	M	-
IODOLM_01089	yceK	Uncharacterized protein YceK	S	-
IODOLM_01090		SecY/secA suppressor protein	S	-
IODOLM_01091	mdtG	Multidrug resistance protein MdtG	EGP	-
IODOLM_01093		tRNA uridine(34) hydroxylase	S	-
IODOLM_01094	yceI	Protein YceI	S	-
IODOLM_01095		Cytochrome b561-like protein	C	-
IODOLM_01098	bssS	Biofilm formation regulator BssS	S	-
IODOLM_01100		Dihydroorotase	F	ko00240,ko01100,map00240,map01100
IODOLM_01102		Glutaredoxin 2	O	-
IODOLM_01103	mdtH	Multidrug resistance protein MdtH	EGP	-
IODOLM_01104		[ribosomal protein uS5]-alanine N-acetyltransferase	J	-
IODOLM_01105	yceH	UPF0502 protein YceH	S	-
IODOLM_01106	yceM	Putative oxidoreductase YceM	S	-
IODOLM_01107	murJ	putative lipid II flippase MurJ	S	-
IODOLM_01108	flgN	Flagella synthesis protein FlgN	N	ko02040,map02040
IODOLM_01110	flgA	Flagella basal body P-ring formation protein FlgA	N	ko02040,map02040
IODOLM_01114	flgE	flagellar hook protein FlgE	N	ko02040,map02040
IODOLM_01117		Flagellar L-ring protein	N	ko02040,map02040
IODOLM_01118	flgI	flagellar basal body P-ring protein FlgI	N	ko02040,map02040
IODOLM_01121	flgL	FlgL family flagellar hook-associated protein	N	ko02040,map02040
IODOLM_01123		Ribosomal large subunit pseudouridine synthase C	J	-
IODOLM_01124	yceF	7-methyl-GTP pyrophosphatase	D	-
IODOLM_01125	yceD	Large ribosomal RNA subunit accumulation protein YceD	S	-
IODOLM_01126		Large ribosomal subunit protein bL32	J	ko03010,map03010
IODOLM_01127		Phosphate acyltransferase	I	ko00561,ko00564,ko01100,ko01110,map00561,map00564,map01100,map01110
IODOLM_01128	fabH	beta-ketoacyl-ACP synthase III	I	ko00061,ko01100,ko01212,map00061,map01100,map01212
IODOLM_01129		ACP S-malonyltransferase	I	ko00061,ko00333,ko01100,ko01130,ko01212,map00061,map00333,map01100,map01130,map01212
IODOLM_01131		Acyl carrier protein	IQ	-
IODOLM_01132		Beta-ketoacyl-ACP synthase II	I	ko00061,ko00780,ko01100,ko01212,map00061,map00780,map01100,map01212
IODOLM_01133		Aminodeoxychorismate lyase	H	ko00790,map00790
IODOLM_01134		Endolytic murein transglycosylase	S	-
IODOLM_01135		Thymidylate kinase	F	ko00240,ko01100,map00240,map01100
IODOLM_01137	ycfH	Uncharacterized metal-dependent hydrolase YcfH	L	-
IODOLM_01138		PTS system glucose-specific transporter subunits IIBC	G	ko00010,ko00520,ko02060,ko05111,map00010,map00520,map02060,map05111
IODOLM_01139	fhuE	Hydroxamate siderophore receptor FhuE	P	-
IODOLM_01140		HIT domain-containing protein	FG	-
IODOLM_01141		DUF1425 domain-containing protein	S	-
IODOLM_01142	lpoB	Penicillin-binding protein activator LpoB	M	-
IODOLM_01144		Beta-hexosaminidase	M	ko00520,ko00531,ko01100,ko01501,map00520,map00531,map01100,map01501
IODOLM_01145	ycfP	UPF0227 protein YcfP	S	-
IODOLM_01146	ndh	NADH-quinone dehydrogenase	C	ko00190,map00190
IODOLM_01148	comR	TetR family copper-responsive transcriptional repressor ComR	K	-
IODOLM_01149	bhsA	multiple stress resistance protein BhsA	M	-
IODOLM_01150	ldtC	L,D-transpeptidase LdtC	M	ko01503,map01503
IODOLM_01151		Transcription-repair-coupling factor	L	ko03420,map03420
IODOLM_01153	lolC	Outer membrane-specific lipoprotein transporter subunit LolC	M	ko02010,map02010
IODOLM_01154	lolD	Lipoprotein releasing system ATP-binding protein LolD	V	ko02010,map02010
IODOLM_01155	lolE	Lipoprotein-releasing system transmembrane protein LolE	M	ko02010,map02010
IODOLM_01156		N-acetyl-D-glucosamine kinase	F	ko00010,ko00052,ko00500,ko00520,ko00521,ko00524,ko01100,ko01110,ko01120,ko01130,ko01200,map00010,map00052,map00500,map00520,map00521,map00524,map01100,map01110,map01120,map01130,map01200
IODOLM_01158	ycfZ	Inner membrane protein YcfZ	S	-
IODOLM_01159	ymfA	Inner membrane protein YmfA	S	-
IODOLM_01160		Spermidine/putrescine-binding periplasmic protein	P	ko02010,map02010
IODOLM_01163	potA	Spermidine/putrescine import ATP-binding protein PotA	P	ko02010,ko02024,map02010,map02024
IODOLM_01165	roxA	[50S ribosomal protein L16]-arginine 3-hydroxylase	S	-
IODOLM_01166	phoQ	Virulence sensor histidine kinase PhoQ	T	ko01503,ko02020,map01503,map02020
IODOLM_01167		Two-component response regulator	K	ko01503,ko02020,map01503,map02020
IODOLM_01168		Adenylosuccinate lyase	F	ko00230,ko00250,ko01100,ko01110,ko01130,map00230,map00250,map01100,map01110,map01130
IODOLM_01169	hflD	high frequency lysogenization protein HflD	S	-
IODOLM_01170	mnmA	tRNA-specific 2-thiouridylase MnmA	J	ko04122,map04122
IODOLM_01173		Isocitrate dehydrogenase [NADP] 1	C	ko00020,ko00480,ko00720,ko01100,ko01110,ko01120,ko01130,ko01200,ko01210,ko01230,ko04146,map00020,map00480,map00720,map01100,map01110,map01120,map01130,map01200,map01210,map01230,map04146
IODOLM_01175	bluR	DNA-binding transcriptional repressor BluR	K	ko02026,map02026
IODOLM_01176	bluF	blue light-responsive regulator BluF	T	-
IODOLM_01177		Protein	S	-
IODOLM_01178	ariR	biofilm/acid-resistance regulator AriR	K	-
IODOLM_01179	ymgC	Uncharacterized protein YmgC	-	-
IODOLM_01180	pdeG	putative cyclic di-GMP phosphodiesterase PdeG	T	-
IODOLM_01181	ymgF	Inner membrane protein YmgF		
IODOLM_01182		hypothetical protein	MU	-
IODOLM_01183		autotransporter outer membrane beta-barrel domain-containing protein	MU	-
IODOLM_01184	ymgD	YmgD family protein	S	-
IODOLM_01188	minC	putative septum site-determining protein MinC	D	-
IODOLM_01189		Fels-1 Propage domain-containing protein	S	-
IODOLM_01190		PPC domain-containing protein	S	-
IODOLM_01191	ycgL	YcgL domain-containing protein Patl-2802	S	-
IODOLM_01192	ycgM	Oxaloacetate tautomerase YcgM	Q	-
IODOLM_01193		UPF0260 protein HV346_13080	S	-
IODOLM_01194	hlyE	hemolysin HlyE	O	-
IODOLM_01196	umuC	DNA polymerase V catalytic protein	L	-
IODOLM_01198	nhaB	Na(+)/H(+) antiporter NhaB	P	-
IODOLM_01199		Fatty acid metabolism regulator protein	K	-
IODOLM_01200		SpoVR family protein	S	-
IODOLM_01203	nhaP2	K(+)/H(+) antiporter NhaP2	P	-
IODOLM_01205		Endo-type membrane-bound lytic murein transglycosylase A	M	-
IODOLM_01207		GlsB/YeaQ/YmgE family stress response membrane protein	S	-
IODOLM_01208		Protein	-	-
IODOLM_01209	treA	alpha,alpha-trehalase	G	ko00500,ko01100,map00500,map01100
IODOLM_01210	dhaM	PEP-dependent dihydroxyacetone kinase, phosphoryl donor subunit DhaM	G	ko00561,map00561
IODOLM_01211	dhaL	PEP-dependent dihydroxyacetone kinase, ADP-binding subunit DhaL	S	ko00561,ko01100,map00561,map01100
IODOLM_01212	dhaK	PEP-dependent dihydroxyacetone kinase, dihydroxyacetone-binding subunit DhaK	G	ko00561,ko01100,map00561,map01100
IODOLM_01213	dhaR	PTS-dependent dihydroxyacetone kinase operon transcriptional regulator DhaR	KQ	-
IODOLM_01216	ychF	Ribosome-binding ATPase YchF	J	-
IODOLM_01217		Peptidyl-tRNA hydrolase	J	-
IODOLM_01219	dauA	C4-dicarboxylic acid transporter DauA	P	-
IODOLM_01222	lolB	Outer-membrane lipoprotein LolB	M	-
IODOLM_01223		Glutamyl-tRNA reductase	H	ko00860,ko01100,ko01110,ko01120,map00860,map01100,map01110,map01120
IODOLM_01224		Peptide chain release factor RF1	J	-
IODOLM_01225		N5-glutamine S-adenosyl-L-methionine-dependent methyltransferase	J	-
IODOLM_01227	sirB1	Protein SirB1	S	-
IODOLM_01228		2-dehydro-3-deoxyphosphooctonate aldolase	M	ko00540,ko01100,map00540,map01100
IODOLM_01232	chaA	Sodium-potassium/proton antiporter ChaA	P	-
IODOLM_01233		Cation transport regulator	K	-
IODOLM_01234	chaC	glutathione-specific gamma-glutamylcyclotransferase	P	-
IODOLM_01236	ychO	inverse autotransporter invasin YchO	M	ko05100,map05100
IODOLM_01237	narL	Two-component system response regulator NarL	K	ko02020,map02020
IODOLM_01240	narK	nitrate transporter NarK	P	ko00910,map00910
IODOLM_01241		Respiratory nitrate reductase 2 alpha chain	C	ko00910,ko01120,ko02020,map00910,map01120,map02020
IODOLM_01242		Nitrate reductase subunit beta	C	ko00910,ko01120,ko02020,map00910,map01120,map02020
IODOLM_01244		Respiratory nitrate reductase 2 gamma chain	C	ko00910,ko01120,ko02020,map00910,map01120,map02020
IODOLM_01246		Formyltetrahydrofolate deformylase	F	ko00630,ko00670,map00630,map00670
IODOLM_01248	rssA	NTE family protein RssA	S	-
IODOLM_01249	rpoS	Regulator of RpoS	KT	-
IODOLM_01250		UTP--glucose-1-phosphate uridylyltransferase	M	ko00040,ko00052,ko00500,ko00520,ko01100,ko01130,map00040,map00052,map00500,map00520,map01100,map01130
IODOLM_01251		DNA-binding protein H-NS	K	-
IODOLM_01253		hypothetical protein	L	-
IODOLM_01254		hypothetical protein	L	-
IODOLM_01259	tnp	IS1 family IS1A transposase ORF A	L	-
IODOLM_01261	oppA	Periplasmic oligopeptide-binding protein OppA	E	ko01501,ko02010,ko02024,map01501,map02010,map02024
IODOLM_01263		Oligopeptide ABC transporter permease	EP	ko01501,ko02010,ko02024,map01501,map02010,map02024
IODOLM_01264	oppD	murein tripeptide/oligopeptide ABC transporter ATP-binding protein OppD	P	ko01501,ko02010,ko02024,map01501,map02010,map02024
IODOLM_01265	oppF	murein tripeptide/oligopeptide ABC transporter ATP-binding protein OppF	P	ko01501,ko02010,ko02024,map01501,map02010,map02024
IODOLM_01268		Voltage-gated potassium channel Kch	P	-
IODOLM_01270		hypothetical protein	S	-
IODOLM_01272		hypothetical protein	F	ko03430,map03430
IODOLM_01283		Regulatory protein N	-	-
IODOLM_01284		Fumarase D	-	-
IODOLM_01286		Phage repressor protein	S	-
IODOLM_01288	ydaT	Bacterial toxin YdaT domain-containing protein	S	-
IODOLM_01289		Replication protein 15	S	-
IODOLM_01291		DUF551 domain-containing protein	-	-
IODOLM_01297		Antitermination protein Q	S	-
IODOLM_01302		DUF4145 domain-containing protein	-	-
IODOLM_01303		hypothetical protein		
IODOLM_01304		Fur-regulated protein	-	-
IODOLM_01313		Galactoside O-acetyltransferase	S	-
IODOLM_01314	lacY	lactose permease	P	-
IODOLM_01315	lacZ	beta-galactosidase	G	ko00052,ko00511,ko00600,ko01100,map00052,map00511,map00600,map01100
IODOLM_01317		Transcriptional regulator	K	-
IODOLM_01320	mhpC	2-hydroxy-6-oxonona-2,4-dienedioate hydrolase	S	ko00360,ko00621,ko01100,ko01120,ko01220,map00360,map00621,map01100,map01120,map01220
IODOLM_01322	hypX	HypX	F	ko00230,ko00240,ko01100,map00230,map00240,map01100
IODOLM_01324		Transposase for transposon Tn3	L	-
IODOLM_01325		hypothetical protein	P	-
IODOLM_01326		YCII-related domain-containing protein	S	-
IODOLM_01327	tonB	Protein TonB	U	-
IODOLM_01328	yciA	Acyl-CoA thioester hydrolase YciA	I	ko01040,map01040
IODOLM_01332	yciE	Protein YciE	S	-
IODOLM_01333	yciF	Protein yciF	S	-
IODOLM_01334		hypothetical protein	S	-
IODOLM_01335		Tryptophan synthase alpha chain	E	ko00260,ko00400,ko01100,ko01110,ko01130,ko01230,map00260,map00400,map01100,map01110,map01130,map01230
IODOLM_01337		Tryptophan biosynthesis protein TrpCF	E	ko00400,ko01100,ko01110,ko01130,ko01230,map00400,map01100,map01110,map01130,map01230
IODOLM_01338		Anthranilate phosphoribosyltransferase	F	ko00400,ko01100,ko01110,ko01130,ko01230,map00400,map01100,map01110,map01130,map01230
IODOLM_01339		Anthranilate synthase component 1	E	ko00400,ko00405,ko01100,ko01110,ko01130,ko01230,ko02024,ko02025,map00400,map00405,map01100,map01110,map01130,map01230,map02024,map02025
IODOLM_01340		trp operon leader peptide		
IODOLM_01341	yciV	5'-3' exoribonuclease	S	-
IODOLM_01342		Threonylcarbamoyl-AMP synthase	J	-
IODOLM_01344		Pseudouridine synthase	J	-
IODOLM_01345		Corrinoid adenosyltransferase	H	ko00860,ko01100,map00860,map01100
IODOLM_01346	yciK	Uncharacterized oxidoreductase YciK	IQ	-
IODOLM_01347	sohB	putative protease SohB	OU	-
IODOLM_01348	yciN	Protein YciN	S	-
IODOLM_01349		type I DNA topoisomerase	L	-
IODOLM_01350	cysB	HTH-type transcriptional regulator CysB	K	-
IODOLM_01354		Aconitate hydratase	C	ko00020,ko00630,ko00720,ko01100,ko01110,ko01120,ko01130,ko01200,ko01210,ko01230,map00020,map00630,map00720,map01100,map01110,map01120,map01130,map01200,map01210,map01230
IODOLM_01355		GTP cyclohydrolase-2	F	ko00740,ko00790,ko01100,ko01110,ko02024,map00740,map00790,map01100,map01110,map02024
IODOLM_01356		Phosphatidylglycerophosphatase B	I	ko00564,ko01100,map00564,map01100
IODOLM_01357	lapA	lipopolysaccharide assembly protein LapA	S	-
IODOLM_01358		Lipopolysaccharide assembly protein B	G	-
IODOLM_01359		Orotidine 5'-phosphate decarboxylase	F	ko00240,ko01100,map00240,map01100
IODOLM_01360		Translation initiation factor Sui1	J	ko03013,map03013
IODOLM_01361		Osmotically-inducible lipoprotein B	M	-
IODOLM_01362	yciT	Uncharacterized HTH-type transcriptional regulator YciT	K	-
IODOLM_01363	yciZ	UPF0509 protein YciZ	S	-
IODOLM_01364		Putative signal transduction protein	T	ko02024,ko02026,map02024,map02026
IODOLM_01365		Exoribonuclease 2	J	-
IODOLM_01366	yciW	Uncharacterized protein YciW	S	-
IODOLM_01369	sapD	peptide ABC transporter ATP-binding protein SapD	P	ko01503,ko02010,ko02024,map01503,map02010,map02024
IODOLM_01370	sapC	Putrescine export system permease protein SapC	V	ko01503,ko02010,map01503,map02010
IODOLM_01371	sapB	Putrescine export system permease protein SapB	V	ko01503,ko02010,map01503,map02010
IODOLM_01373		DUF2543 domain-containing protein	S	-
IODOLM_01374	puuP	putrescine/proton symporter PuuP	E	-
IODOLM_01375	puuA	glutamate-putrescine ligase	E	ko00220,ko00250,ko00330,ko00630,ko00910,ko01100,ko01120,ko01230,ko02020,ko04217,ko04724,ko04727,map00220,map00250,map00330,map00630,map00910,map01100,map01120,map01230,map02020,map04217,map04724,map04727
IODOLM_01376		Gamma-glutamyl-gamma-aminobutyrate hydrolase	S	ko00330,ko01100,map00330,map01100
IODOLM_01377	puuR	HTH-type transcriptional regulator PuuR	K	-
IODOLM_01378	puuC	NADP/NAD-dependent aldehyde dehydrogenase PuuC	C	ko00010,ko00053,ko00071,ko00280,ko00310,ko00330,ko00340,ko00380,ko00410,ko00561,ko00620,ko00625,ko00903,ko00981,ko01100,ko01110,ko01120,ko01130,map00010,map00053,map00071,map00280,map00310,map00330,map00340,map00380,map00410,map00561,map00620,map00625,map00903,map00981,map01100,map01110,map01120,map01130
IODOLM_01379	puuB	gamma-glutamylputrescine oxidase	E	ko00330,ko01100,map00330,map01100
IODOLM_01380		4-aminobutyrate--2-oxoglutarate transaminase	E	ko00250,ko00280,ko00410,ko00640,ko00650,ko01100,ko01120,map00250,map00280,map00410,map00640,map00650,map01100,map01120
IODOLM_01381		Phage shock protein operon transcriptional activator	K	-
IODOLM_01382		Phage shock protein A	KT	-
IODOLM_01383	pspB	Envelope stress response membrane protein PspB	S	-
IODOLM_01384	pspC	Envelope stress response membrane protein PspC	KT	-
IODOLM_01385		Phage shock protein	S	-
IODOLM_01386	pspE	Thiosulfate sulfurtransferase PspE	P	-
IODOLM_01387	ycjM	glucosylglycerate phosphorylase	G	ko00500,map00500
IODOLM_01389		ABC transmembrane type-1 domain-containing protein	P	-
IODOLM_01390		ABC transmembrane type-1 domain-containing protein	P	-
IODOLM_01391		D-guloside 3-dehydrogenase	E	-
IODOLM_01393		D-glucoside 3-dehydrogenase	S	-
IODOLM_01394	ycjT	kojibiose phosphorylase	G	ko00500,ko01100,map00500,map01100
IODOLM_01397	ompG	monomeric porin OmpG	M	-
IODOLM_01398	ycjW	Uncharacterized HTH-type transcriptional regulator YcjW	K	-
IODOLM_01399		6-carboxy-5,6,7,8-tetrahydropterin synthase	S	-
IODOLM_01400	ycjF	UPF0283 membrane protein YcjF	S	-
IODOLM_01401	tyrR	HTH-type transcriptional regulatory protein TyrR	K	-
IODOLM_01402		Thiol peroxidase	O	-
IODOLM_01403		L-Ala-D/L-Glu epimerase	M	ko00361,ko00362,ko00364,ko00623,ko01100,ko01120,ko01220,map00361,map00362,map00364,map00623,map01100,map01120,map01220
IODOLM_01404	mpaA	Murein tripeptide amidase MpaA	E	-
IODOLM_01405	ymjC	Protein YmjC	GM	-
IODOLM_01406		Peptidase S9 prolyl oligopeptidase catalytic domain-containing protein	S	-
IODOLM_01407	pgrR	DNA-binding transcriptional regulator PgrR	K	-
IODOLM_01408	mppA	murein tripeptide ABC transporter substrate-binding protein MppA	E	ko01501,ko02010,ko02024,map01501,map02010,map02024
IODOLM_01409	ynaI	low conductance mechanosensitive channel YnaI	M	-
IODOLM_01411		DUF2534 domain-containing protein	S	-
IODOLM_01412		Universal stress protein E	T	-
IODOLM_01413	fnr	fumarate/nitrate reduction transcriptional regulator Fnr	K	-
IODOLM_01414		Methylated-DNA--protein-cysteine methyltransferase	L	-
IODOLM_01416	abgB	p-aminobenzoyl-glutamate hydrolase subunit AbgB	S	-
IODOLM_01417	abgA	p-aminobenzoyl-glutamate hydrolase subunit AbgA	E	-
IODOLM_01419		Smr domain-containing protein	L	-
IODOLM_01420	dgcM	diguanylate cyclase DgcM	T	ko02026,map02026
IODOLM_01421	zntB	Zinc transport protein ZntB	P	-
IODOLM_01422		hypothetical protein		
IODOLM_01423	dbpA	ATP-dependent RNA helicase DbpA	F	-
IODOLM_01425	intR	Prophage integrase IntR	L	-
IODOLM_01427	rcbA	double-strand break reduction protein RcbA	J	-
IODOLM_01428	recT	Protein RecT	L	-
IODOLM_01429		Exodeoxyribonuclease VIII	L	-
IODOLM_01430	racC	Protein RacC	-	-
IODOLM_01431	ydaE	Uncharacterized protein YdaE	S	-
IODOLM_01432	kilR	killing protein KilR	S	-
IODOLM_01433		Superinfection exclusion protein B		
IODOLM_01434		hypothetical protein	S	-
IODOLM_01435		hypothetical protein	S	-
IODOLM_01438	ydaT	Bacterial toxin YdaT domain-containing protein	S	-
IODOLM_01439		Bacteriophage protein	S	-
IODOLM_01440		ATP-binding protein	A	-
IODOLM_01446		hypothetical protein	D	-
IODOLM_01447	tnp	IS5 family ISKpn26 transposase	L	-
IODOLM_01450		Tail fiber assembly protein	S	-
IODOLM_01451	pinR	Serine recombinase PinR	L	-
IODOLM_01452	ydfK	cold shock protein YdfK	K	-
IODOLM_01454		Universal stress protein F	T	-
IODOLM_01455	ompN	porin OmpN	M	ko01501,ko02020,map01501,map02020
IODOLM_01457		hypothetical protein	S	-
IODOLM_01458		DUF306 domain-containing protein	O	-
IODOLM_01459	ldhA	D-lactate dehydrogenase	CH	ko00620,ko01120,map00620,map01120
IODOLM_01460	ydbH	Uncharacterized protein YdbH	S	-
IODOLM_01463	feaR	Transcriptional activator FeaR	K	-
IODOLM_01464	feaB	phenylacetaldehyde dehydrogenase	C	ko00360,ko00643,ko01100,ko01120,map00360,map00643,map01100,map01120
IODOLM_01465		Primary amine oxidase	Q	ko00260,ko00350,ko00360,ko00410,ko00950,ko00960,ko01100,ko01110,map00260,map00350,map00360,map00410,map00950,map00960,map01100,map01110
IODOLM_01471		3-ketosteroid-9-alpha-hydroxylase reductase subunit	C	ko00360,ko01120,map00360,map01120
IODOLM_01473		Enoyl-CoA hydratase	I	ko00360,ko01120,map00360,map01120
IODOLM_01474		3-hydroxyacyl-CoA dehydrogenase	I	ko00360,ko00362,ko00650,ko01100,ko01120,map00360,map00362,map00650,map01100,map01120
IODOLM_01476	paaJ	bifunctional 3-oxoadipyl-CoA/3-oxo-5,6-dehydrosuberyl-CoA thiolase	I	ko00071,ko00072,ko00280,ko00281,ko00310,ko00360,ko00362,ko00380,ko00592,ko00620,ko00630,ko00640,ko00642,ko00650,ko00720,ko00900,ko01100,ko01110,ko01120,ko01130,ko01200,ko01212,ko02020,map00071,map00072,map00280,map00281,map00310,map00360,map00362,map00380,map00592,map00620,map00630,map00640,map00642,map00650,map00720,map00900,map01100,map01110,map01120,map01130,map01200,map01212,map02020
IODOLM_01480		hypothetical protein	U	-
IODOLM_01481	tnp	IS3 family IS2 transposase ORF B	L	-
IODOLM_01482	tnp	IS3 family IS2 transposase ORF A	L	-
IODOLM_01486	ydbD	Uncharacterized protein YdbD	S	-
IODOLM_01487		CDP-diacylglycerol--glycerol-3-phosphate 3-phosphatidyltransferase	I	ko00564,ko01100,map00564,map01100
IODOLM_01488	ynbB	Uncharacterized protein YnbB	S	ko00564,ko01100,ko01110,ko04070,map00564,map01100,map01110,map04070
IODOLM_01489	ynbC	Uncharacterized protein YnbC	I	-
IODOLM_01490	ynbD	Uncharacterized protein YnbD	IT	-
IODOLM_01491	azoR	FMN-dependent NADH-azoreductase	I	-
IODOLM_01492	hrpA	ATP-dependent RNA helicase HrpA	L	-
IODOLM_01494		Lactaldehyde dehydrogenase	C	ko00620,ko00630,ko01120,map00620,map00630,map01120
IODOLM_01495		hypothetical protein	G	ko00010,ko00710,ko01100,ko01110,ko01120,ko01130,ko01200,ko01230,ko04066,ko05010,map00010,map00710,map01100,map01110,map01120,map01130,map01200,map01230,map04066,map05010
IODOLM_01496		hypothetical protein	G	ko00010,ko00710,ko01100,ko01110,ko01120,ko01130,ko01200,ko01230,ko04066,ko05010,map00010,map00710,map01100,map01110,map01120,map01130,map01200,map01230,map04066,map05010
IODOLM_01497		hypothetical protein	G	ko00010,ko00710,ko01100,ko01110,ko01120,ko01130,ko01200,ko01230,ko04066,ko05010,map00010,map00710,map01100,map01110,map01120,map01130,map01200,map01230,map04066,map05010
IODOLM_01498	cybB	Superoxide oxidase CybB	C	-
IODOLM_01499		hypothetical protein	-	-
IODOLM_01502		DNA-binding transcriptional regulator	K	-
IODOLM_01504	opgD	glucan biosynthesis protein OpgD	P	-
IODOLM_01505	ydcH	Uncharacterized protein YdcH	S	-
IODOLM_01506		Ribosomal-protein-serine acetyltransferase	J	-
IODOLM_01507	ydcK	Uncharacterized acetyltransferase YdcK	S	-
IODOLM_01508	tehA	Tellurite resistance protein TehA	P	-
IODOLM_01509		Tellurite methyltransferase	Q	-
IODOLM_01510	ydcL	Uncharacterized lipoprotein YdcL	M	-
IODOLM_01516		hypothetical protein	S	-
IODOLM_01517	hicA	type II toxin-antitoxin system mRNA interferase toxin HicA	J	-
IODOLM_01518	hicB	type II toxin-antitoxin system antitoxin HicB	K	-
IODOLM_01520		Spermidine/putrescine ABC transporter substrate-binding protein	P	ko02024,map02024
IODOLM_01524		Gamma-aminobutyraldehyde dehydrogenase 2	C	ko00330,ko00410,ko01100,map00330,map00410,map01100
IODOLM_01525	ortT	orphan toxin OrtT	S	-
IODOLM_01526		DUF2526 domain-containing protein	S	-
IODOLM_01527	ydcZ	Inner membrane protein YdcZ	S	ko02024,map02024
IODOLM_01528	mddA	L-methionine sulfoximine/L-methionine sulfone acetyltransferase	M	ko00440,ko01130,map00440,map01130
IODOLM_01530	mcbR	colanic acid/biofilm transcriptional regulator McbR	K	-
IODOLM_01531		Colicin I receptor	P	-
IODOLM_01532	yncE	Uncharacterized protein YncE	S	-
IODOLM_01534	yncG	Uncharacterized GST-like protein YncG	O	-
IODOLM_01539	tnp	ISAs1 family ISEc5 transposase	L	-
IODOLM_01540	pptA	Tautomerase PptA	S	ko00362,ko00621,ko00622,ko01100,ko01120,ko01220,map00362,map00621,map00622,map01100,map01120,map01220
IODOLM_01541	yddH	Uncharacterized protein YddH	S	-
IODOLM_01542		N-hydroxyarylamine O-acetyltransferase	Q	-
IODOLM_01543	yddE	Uncharacterized isomerase YddE	S	-
IODOLM_01544		Respiratory nitrate reductase 2 gamma chain	C	ko00910,ko01120,ko02020,map00910,map01120,map02020
IODOLM_01545	narW	putative nitrate reductase molybdenum cofactor assembly chaperone NarW	C	ko02020,map02020
IODOLM_01546		Nitrate reductase subunit beta	C	ko00910,ko01120,ko02020,map00910,map01120,map02020
IODOLM_01547	narZ	nitrate reductase Z subunit alpha	C	ko00910,ko01120,ko02020,map00910,map01120,map02020
IODOLM_01548	narU	nitrate/nitrite transporter NarU	P	ko00910,map00910
IODOLM_01552	yddG	aromatic amino acid efflux DMT transporter YddG	EG	-
IODOLM_01555		Formate dehydrogenase, nitrate-inducible, cytochrome b556(Fdn) subunit	C	ko00630,ko00680,ko01100,ko01120,ko01200,ko02020,map00630,map00680,map01100,map01120,map01200,map02020
IODOLM_01556		Plasmid maintenance system antidote protein	K	-
IODOLM_01557		Alcohol dehydrogenase	C	ko00010,ko00071,ko00350,ko00625,ko00626,ko00830,ko00980,ko00982,ko01100,ko01110,ko01120,ko01130,ko01220,map00010,map00071,map00350,map00625,map00626,map00830,map00980,map00982,map01100,map01110,map01120,map01130,map01220
IODOLM_01558	maeA	malate dehydrogenase	C	ko00620,ko00710,ko01100,ko01120,ko01200,ko02020,map00620,map00710,map01100,map01120,map01200,map02020
IODOLM_01559		Stationary-phase-induced ribosome-associated protein	J	-
IODOLM_01560		Protein Bdm (Biofilm-dependent modulation protein)	S	-
IODOLM_01561	osmC	peroxiredoxin OsmC	O	-
IODOLM_01562		Oligopeptide ABC transporter ATP-binding protein	P	ko02024,map02024
IODOLM_01563	ddpD	putative D,D-dipeptide transport ATP-binding protein DdpD	P	ko01501,ko02010,ko02024,map01501,map02010,map02024
IODOLM_01567		D-alanyl-D-alanine dipeptidase	M	ko01502,ko02020,map01502,map02020
IODOLM_01568		Heme-regulated cyclic AMP phosphodiesterase (Direct oxygen sensor protein)	T	-
IODOLM_01569	dosC	diguanylate cyclase DosC	T	-
IODOLM_01570	digH	Glycosyl hydrolase DigH	S	-
IODOLM_01573	pqqL	putative zinc protease PqqL	S	-
IODOLM_01574	yddB	Uncharacterized protein YddB	P	-
IODOLM_01575	yddA	Inner membrane ABC transporter ATP-binding protein YddA	P	ko02010,map02010
IODOLM_01576	ydeM	Anaerobic sulfatase-maturating enzyme-like protein YdeM	C	-
IODOLM_01580	ydeP	acid resistance putative oxidoreductase YdeP	C	-
IODOLM_01581		Fimbrial protein	NU	-
IODOLM_01582		Fimbrial protein	NU	-
IODOLM_01583		hypothetical protein	NU	-
IODOLM_01584	hipA	type II toxin-antitoxin system serine/threonine protein kinase toxin HipA	S	-
IODOLM_01585	hipB	Antitoxin HipB	K	-
IODOLM_01586		ATP-binding component of a transport system and adhesin protein	MU	-
IODOLM_01587		hypothetical protein	U	-
IODOLM_01588		Autoinducer-2 kinase	G	ko00040,ko01100,ko02024,map00040,map01100,map02024
IODOLM_01589		Putative sugar-binding regulatory protein	K	ko02024,ko02026,map02024,map02026
IODOLM_01590	lsrA	Autoinducer 2 import ATP-binding protein LsrA	G	ko02010,ko02024,map02010,map02024
IODOLM_01594		3-hydroxy-5-phosphonooxypentane-2,4-dione thiolase	H	ko00010,ko00030,ko00051,ko00680,ko00710,ko01100,ko01110,ko01120,ko01130,ko01200,ko01230,ko02024,map00010,map00030,map00051,map00680,map00710,map01100,map01110,map01120,map01130,map01200,map01230,map02024
IODOLM_01596		Trans-aconitate 2-methyltransferase	J	-
IODOLM_01599		diguanylate cyclase	T	-
IODOLM_01600		Cytoplasmic protein	S	-
IODOLM_01601		Glutaminase	E	ko00220,ko00250,ko00471,ko01100,ko04724,ko04727,ko04964,ko05206,ko05230,map00220,map00250,map00471,map01100,map04724,map04727,map04964,map05206,map05230
IODOLM_01602		Succinate semialdehyde dehydrogenase [NAD(P)+] Sad	C	ko00250,ko00310,ko00350,ko00650,ko00760,ko01100,ko01120,map00250,map00310,map00350,map00650,map00760,map01100,map01120
IODOLM_01603	yneJ	Uncharacterized HTH-type transcriptional regulator YneJ	K	-
IODOLM_01604	yneK	Uncharacterized protein YneK	-	-
IODOLM_01605	ydeA	L-arabinose MFS transporter	EGP	-
IODOLM_01607	marR	Multiple antibiotic resistance protein MarR	K	-
IODOLM_01608	marA	Multiple antibiotic resistance protein MarA	K	ko01503,map01503
IODOLM_01610	eamA	EamA domain-containing protein	EG	-
IODOLM_01612	mgtS	protein MgtS	-	-
IODOLM_01613	dgcZ	diguanylate cyclase DgcZ	T	-
IODOLM_01614	ydeI	YdeI family stress tolerance OB fold protein	S	-
IODOLM_01615		2-oxo-tetronate isomerase	S	-
IODOLM_01616		Dipeptidyl carboxypeptidase II	E	-
IODOLM_01618	ydfH	DNA-binding transcriptional regulator YdfH	K	-
IODOLM_01619	ydfZ	Selenium delivery protein YdfZ	S	-
IODOLM_01620		D-mannonate oxidoreductase	G	ko00040,ko01100,map00040,map01100
IODOLM_01621		Major facilitator superfamily (MFS) profile domain-containing protein	P	-
IODOLM_01622	ydfK	cold shock protein YdfK	K	-
IODOLM_01623	pinR	Serine recombinase PinR	L	-
IODOLM_01624		Tail fiber assembly protein	S	-
IODOLM_01630	cspI	cold shock protein CspI	K	-
IODOLM_01636	cspB	cold shock-like protein CspB	K	-
IODOLM_01637	cspF	Cold shock-like protein CspF	K	-
IODOLM_01638		Lambdoid prophage Qin antitermination protein Q-like protein	K	-
IODOLM_01639		HNH nuclease domain-containing protein	V	-
IODOLM_01640		Prophage protein	-	-
IODOLM_01641	hokD	type I toxin-antitoxin system toxin HokD	S	-
IODOLM_01642	relE	type II toxin-antitoxin system mRNA interferase RelE	DJ	-
IODOLM_01643	relB	type II toxin-antitoxin system antitoxin RelB	L	-
IODOLM_01644	flxA	Protein FlxA		
IODOLM_01648	dicA	DNA-binding transcriptional dual regulator DicA	K	-
IODOLM_01649		DUF1391 domain-containing protein	S	-
IODOLM_01650		Prophage protein	-	-
IODOLM_01651		Putative prophage protein	-	-
IODOLM_01652		hypothetical protein		
IODOLM_01653	dicB	cell division inhibition protein DicB	D	-
IODOLM_01654	ydfD	lysis protein YdfD	S	-
IODOLM_01655	ydfE	Putative uncharacterized protein YdfE	L	ko00230,ko00240,ko01100,ko03030,ko03430,ko03440,map00230,map00240,map01100,map03030,map03430,map03440
IODOLM_01656		Integrase catalytic domain-containing protein	L	-
IODOLM_01657		hypothetical protein	L	-
IODOLM_01658	tnp	IS3 family IS2 transposase ORF B	L	-
IODOLM_01659	tnp	IS3 family IS2 transposase ORF A	L	-
IODOLM_01660		Defective integrase Qin prophage	L	-
IODOLM_01663		Small multidrug resistance family-3 protein	S	-
IODOLM_01664		UPF0482 protein KPN78578_15540	S	-
IODOLM_01665		Spermidine N(1)-acetyltransferase	J	ko00330,ko01100,ko04216,map00330,map01100,map04216
IODOLM_01666		UPF0257 lipoprotein HV346_10385	M	-
IODOLM_01667		DUF1161 domain-containing protein	S	-
IODOLM_01668		Anaerobic dimethyl sulfoxide reductase subunit A	C	ko00450,ko00780,ko00920,ko01100,ko02020,map00450,map00780,map00920,map01100,map02020
IODOLM_01671	ynfH	Anaerobic dimethyl sulfoxide reductase chain YnfH	S	ko00920,map00920
IODOLM_01672	dmsD	Tat proofreading chaperone DmsD	S	-
IODOLM_01676	lysR	LysR family transcriptional regulator	K	-
IODOLM_01680		Serine protease	E	-
IODOLM_01681	mdtI	multidrug/spermidine efflux SMR transporter subunit MdtI	P	-
IODOLM_01682	mdtJ	Spermidine export protein MdtJ	P	-
IODOLM_01684		NAD(P) transhydrogenase subunit beta	C	ko00760,ko01100,map00760,map01100
IODOLM_01685		NAD(P) transhydrogenase subunit alpha	C	ko00760,ko01100,map00760,map01100
IODOLM_01686		YdgH/BhsA/McbA-like domain-containing protein	S	-
IODOLM_01688		Dihydromonapterin reductase	IQ	ko00670,ko00790,ko01100,map00670,map00790,map01100
IODOLM_01690	rstA	Transcriptional regulatory protein RstA	K	ko02020,map02020
IODOLM_01691		histidine kinase	T	ko02020,map02020
IODOLM_01692		DNA replication terminus site-binding protein	J	-
IODOLM_01693		Fumarate hydratase class II	C	ko00020,ko00620,ko00720,ko01100,ko01110,ko01120,ko01130,ko01200,ko04934,ko05200,ko05211,map00020,map00620,map00720,map01100,map01110,map01120,map01130,map01200,map04934,map05200,map05211
IODOLM_01694	fumB	class I fumarate hydratase	C	ko00020,ko00620,ko00720,ko01100,ko01110,ko01120,ko01130,ko01200,map00020,map00620,map00720,map01100,map01110,map01120,map01130,map01200
IODOLM_01696	ydgA	Protein YdgA	S	-
IODOLM_01697	uidC	Membrane-associated protein UidC	M	-
IODOLM_01699		Beta-glucuronidase	G	ko00040,ko00531,ko00860,ko00944,ko00983,ko01100,ko01110,ko04142,map00040,map00531,map00860,map00944,map00983,map01100,map01110,map04142
IODOLM_01700	uidR	DNA-binding transcriptional regulator UidR	K	-
IODOLM_01701		7-alpha-hydroxysteroid dehydrogenase	IQ	ko00121,map00121
IODOLM_01702	malI	mal regulon transcriptional regulator MalI	K	-
IODOLM_01703	malX	PTS maltose transporter subunit IICB	G	ko00010,ko00500,ko00520,ko02060,map00010,map00500,map00520,map02060
IODOLM_01705		Adenosine deaminase	F	ko00230,ko01100,ko05340,map00230,map01100,map05340
IODOLM_01706	ydgJ	Uncharacterized oxidoreductase YdgJ	S	ko00562,ko01120,map00562,map01120
IODOLM_01707		H-NS-and StpA-binding protein	K	-
IODOLM_01708	ydgK	Inner membrane protein YdgK	S	-
IODOLM_01709		Ion-translocating oxidoreductase complex subunit A	C	-
IODOLM_01710		Ion-translocating oxidoreductase complex subunit B	C	-
IODOLM_01711		hypothetical protein	C	-
IODOLM_01712		Ion-translocating oxidoreductase complex subunit D	C	-
IODOLM_01713		Ion-translocating oxidoreductase complex subunit G	C	-
IODOLM_01714	rsxE	electron transport complex subunit RsxE	C	-
IODOLM_01715		Endonuclease III	L	ko03410,map03410
IODOLM_01716		hypothetical protein		
IODOLM_01717		Dipeptide and tripeptide permease A	U	-
IODOLM_01720		Tyrosine--tRNA ligase	J	ko00970,map00970
IODOLM_01723		Anhydro-N-acetylmuramic acid kinase	F	-
IODOLM_01725	slyA	Transcriptional regulator SlyA	K	-
IODOLM_01727	hlyD	HlyD family secretion protein	V	-
IODOLM_01729		Superoxide dismutase [Cu-Zn]	P	ko04146,ko04213,ko05014,ko05016,ko05020,map04146,map04213,map05014,map05016,map05020
IODOLM_01730	ydhF	Oxidoreductase YdhF	S	-
IODOLM_01733	nemA	N-ethylmaleimide reductase	C	ko00633,ko01120,map00633,map01120
IODOLM_01734		Lactoylglutathione lyase	E	ko00620,map00620
IODOLM_01736		ATP-dependent helicase	L	-
IODOLM_01737	grxD	monothiol glutaredoxin 4	O	-
IODOLM_01738	mepH	peptidoglycan DD-endopeptidase MepH	M	ko00520,ko01100,map00520,map01100
IODOLM_01739		Superoxide dismutase [Fe]	C	ko04013,ko04068,ko04146,ko04211,ko04212,ko04213,ko05016,map04013,map04068,map04146,map04211,map04212,map04213,map05016
IODOLM_01741	ynhF	stress response protein YnhF	-	-
IODOLM_01742	purR	HTH-type transcriptional repressor PurR	K	-
IODOLM_01743	yahB	HTH-type transcriptional regulator YahB	K	-
IODOLM_01745		Cyclopropane-fatty-acyl-phospholipid synthase	M	-
IODOLM_01746		Riboflavin synthase	H	ko00740,ko01100,ko01110,map00740,map01100,map01110
IODOLM_01749		Monooxygenase	S	-
IODOLM_01750	ydhS	Uncharacterized protein YdhS	S	-
IODOLM_01752	ydhU	Putative cytochrome YdhU	C	ko00920,ko01120,map00920,map01120
IODOLM_01758		Pyruvate kinase I	F	ko00010,ko00230,ko00620,ko01100,ko01110,ko01120,ko01130,ko01200,ko01230,ko04922,ko04930,ko05165,ko05203,ko05230,map00010,map00230,map00620,map01100,map01110,map01120,map01130,map01200,map01230,map04922,map04930,map05165,map05203,map05230
IODOLM_01760	ldtE	L,D-transpeptidase LdtE	M	ko01503,map01503
IODOLM_01762		Cysteine desulfurase	H	ko00450,ko01100,map00450,map01100
IODOLM_01763	sufD	Iron-sulfur cluster assembly protein SufD	O	-
IODOLM_01764	sufC	putative ATP-dependent transporter SufC	P	-
IODOLM_01765	sufB	FeS assembly protein SufB	O	-
IODOLM_01767		hypothetical protein	S	-
IODOLM_01770	ydiK	Putative transport protein YdiK	S	-
IODOLM_01772	ydiM	Inner membrane transport protein YdiM	P	-
IODOLM_01773	ydiN	Inner membrane transport protein YdiN	G	-
IODOLM_01774		Quinate/shikimate dehydrogenase	E	ko00400,ko01100,ko01110,ko01130,ko01230,map00400,map01100,map01110,map01130,map01230
IODOLM_01775		3-dehydroquinate dehydratase	E	ko00400,ko01100,ko01110,ko01130,ko01230,map00400,map01100,map01110,map01130,map01230
IODOLM_01778	ydiP	Uncharacterized HTH-type transcriptional regulator YdiP	K	-
IODOLM_01779		hypothetical protein		
IODOLM_01782	ydiS	putative electron transfer flavoprotein-quinone oxidoreductase YdiS	C	-
IODOLM_01786	ppsR	posphoenolpyruvate synthetase regulatory kinase/phosphorylase PpsR	F	-
IODOLM_01787	aroH	3-deoxy-7-phosphoheptulonate synthase AroH	E	ko00400,ko01100,ko01110,ko01130,ko01230,ko02024,map00400,map01100,map01110,map01130,map01230,map02024
IODOLM_01788		hypothetical protein	P	-
IODOLM_01789	selO	Protein adenylyltransferase SelO	S	-
IODOLM_01790	ydiV	anti-FlhDC factor	K	-
IODOLM_01791	nlpC	putative endopeptidase NlpC	M	-
IODOLM_01792	btuD	Vitamin B12 import ATP-binding protein BtuD	P	ko02010,map02010
IODOLM_01793	btuE	bifunctional thioredoxin/glutathione peroxidase	O	ko00480,ko00590,ko04918,map00480,map00590,map04918
IODOLM_01794	btuC	Vitamin B12 import system permease protein BtuC	U	ko02010,map02010
IODOLM_01796		Phenylalanine--tRNA ligase beta subunit	J	ko00970,map00970
IODOLM_01797		Phenylalanine--tRNA ligase alpha subunit	J	ko00970,map00970
IODOLM_01798		Large ribosomal subunit protein bL20	J	ko03010,map03010
IODOLM_01802		Putative ankyrin repeat protein B	S	-
IODOLM_01803		hypothetical protein	S	-
IODOLM_01805		Salt-induced outer membrane protein	M	-
IODOLM_01806		Phosphofructokinase	F	ko00010,ko00030,ko00051,ko00052,ko00680,ko01100,ko01110,ko01120,ko01130,ko01200,ko01230,map00010,map00030,map00051,map00052,map00680,map01100,map01110,map01120,map01130,map01200,map01230
IODOLM_01807		hypothetical protein	S	-
IODOLM_01808		Fructosamine-3-kinase	G	-
IODOLM_01809	yfeE	YfeABCD regulator yfeE	S	-
IODOLM_01810		Hexitol phosphatase B	S	ko00500,map00500
IODOLM_01811	ydjM	Inner membrane protein YdjM	S	-
IODOLM_01812	tcyP	cystine/sulfocysteine:cation symporter	U	-
IODOLM_01814	cedA	Cell division activator CedA	D	-
IODOLM_01815		Catalase HPII	P	ko00380,ko00630,ko01110,ko01130,ko01200,ko04011,ko04016,ko04068,ko04146,ko04211,ko04212,ko04213,ko05014,map00380,map00630,map01110,map01130,map01200,map04011,map04016,map04068,map04146,map04211,map04212,map04213,map05014
IODOLM_01816	chbG	Chitooligosaccharide deacetylase ChbG	G	-
IODOLM_01818	chbR	Chitobiose-specific regulator ChbR AraCfamily	K	-
IODOLM_01820		PTS system N,N'-diacetylchitobiose-specific EIIC component	G	ko00500,ko02060,map00500,map02060
IODOLM_01821	chbB	PTS N,N'-diacetylchitobiose transporter subunit IIB	G	ko00500,ko02060,map00500,map02060
IODOLM_01822	osmE	Osmotically-inducible putative lipoprotein OsmE	M	-
IODOLM_01823		NH(3)-dependent NAD(+) synthetase	F	ko00760,ko01100,map00760,map01100
IODOLM_01824		Excinuclease cho	L	-
IODOLM_01826		Periplasmic chaperone Spy	NPTU	-
IODOLM_01828		N-succinylarginine dihydrolase	E	ko00330,ko01100,map00330,map01100
IODOLM_01829		N-succinylglutamate 5-semialdehyde dehydrogenase	C	ko00330,ko01100,map00330,map01100
IODOLM_01830		Arginine N-succinyltransferase	E	ko00330,ko01100,map00330,map01100
IODOLM_01831	astC	succinylornithine/acetylornithine transaminase	E	ko00220,ko00300,ko00330,ko01100,ko01110,ko01120,ko01130,ko01210,ko01230,map00220,map00300,map00330,map01100,map01110,map01120,map01130,map01210,map01230
IODOLM_01833	ydjX	TVP38/TMEM64 family membrane protein YdjX	S	-
IODOLM_01836	ynjA	Uncharacterized protein YnjA	S	-
IODOLM_01837		ABC transporter substrate-binding protein	S	-
IODOLM_01838	ynjC	Inner membrane ABC transporter permease protein YnjC	P	-
IODOLM_01839	ynjD	Uncharacterized ABC transporter ATP-binding protein YnjD	P	-
IODOLM_01844		Glutamate dehydrogenase	E	ko00220,ko00250,ko00910,ko01100,map00220,map00250,map00910,map01100
IODOLM_01846	topB	DNA topoisomerase III	L	-
IODOLM_01847		Selenide, water dikinase	F	ko00450,ko01100,map00450,map01100
IODOLM_01849		Protease 4	OU	-
IODOLM_01851		nicotinamidase	Q	ko00760,ko01100,map00760,map01100
IODOLM_01852	ydjE	Inner membrane metabolite transport protein YdjE	P	-
IODOLM_01853	ydjF	Uncharacterized HTH-type transcriptional regulator YdjF	K	-
IODOLM_01854	ydjG	NADH-dependent methylglyoxal reductase	C	ko00640,map00640
IODOLM_01855	ydjH	Uncharacterized sugar kinase YdjH	G	ko00030,ko01100,ko01120,ko01200,map00030,map01100,map01120,map01200
IODOLM_01856	ydjI	Uncharacterized protein YdjI	G	-
IODOLM_01857	ydjJ	Uncharacterized zinc-type alcohol dehydrogenase-like protein YdjJ	E	ko00040,ko00051,ko00650,ko01100,map00040,map00051,map00650,map01100
IODOLM_01862		Glyceraldehyde-3-phosphate dehydrogenase	F	ko00010,ko00710,ko01100,ko01110,ko01120,ko01130,ko01200,ko01230,ko04066,ko05010,map00010,map00710,map01100,map01110,map01120,map01130,map01200,map01230,map04066,map05010
IODOLM_01864	yeaE	methylglyoxal reductase YeaE	S	-
IODOLM_01866	yeaG	protein kinase YeaG	T	-
IODOLM_01867	yeaH	UPF0229 protein YeaH	S	-
IODOLM_01868	cdgI	putative diguanylate cyclase CdgI	T	-
IODOLM_01869	dgcJ	putative diguanylate cyclase DgcJ	T	-
IODOLM_01870	yeaK	mischarged aminoacyl-tRNA deacylase	S	-
IODOLM_01871		UPF0756 membrane protein YPO3057/y1423/YP_2679	S	-
IODOLM_01874		DUF488 domain-containing protein	S	-
IODOLM_01876	dgcP	diguanylate cyclase DgcP	T	ko02025,map02025
IODOLM_01878		GlsB/YeaQ/YmgE family stress response membrane protein	S	-
IODOLM_01880		DUF1971 domain-containing protein	P	-
IODOLM_01881		Leucine efflux protein	E	-
IODOLM_01882	dmlR	DNA-binding transcriptional regulator DmlR	K	-
IODOLM_01883	dmlA	multifunctional D-malate/3-isopropylmalate/tartarate dehydrogenase	C	ko00630,ko00650,map00630,map00650
IODOLM_01884		Putative transporter	M	-
IODOLM_01886	yeaX	carnitine monooxygenase subunit YeaX	C	-
IODOLM_01887		Ribonuclease D	J	-
IODOLM_01888		Long-chain-fatty-acid--CoA ligase	IQ	ko00061,ko00071,ko01100,ko01212,ko02024,ko03320,ko04146,ko04216,ko04714,ko04920,map00061,map00071,map01100,map01212,map02024,map03320,map04146,map04216,map04714,map04920
IODOLM_01890	tsaB	tRNA threonylcarbamoyladenosine biosynthesis protein TsaB	O	-
IODOLM_01891		DNA 5'-3' helicase	KL	-
IODOLM_01892	yoaB	RutC family protein YoaB	J	-
IODOLM_01893		DUF1889 domain-containing protein	S	-
IODOLM_01894		UPF0181 protein SOASR030_08200	S	-
IODOLM_01895		aminodeoxychorismate synthase	EH	ko00790,map00790
IODOLM_01896	nudL	Uncharacterized Nudix hydrolase NudL	F	-
IODOLM_01897		L-serine dehydratase 2	E	ko00260,ko00270,ko01100,ko01110,ko01130,ko01200,ko01230,map00260,map00270,map01100,map01110,map01130,map01200,map01230
IODOLM_01899	yoaE	CNNM family cation transport protein YoaE	P	-
IODOLM_01900		PTS system mannose-specific EIIAB component	G	ko00051,ko00520,ko01100,ko02060,map00051,map00520,map01100,map02060
IODOLM_01901	manY	PTS mannose transporter subunit IIC	G	ko00051,ko00052,ko00520,ko01100,ko02060,map00051,map00052,map00520,map01100,map02060
IODOLM_01902	manZ	PTS mannose transporter subunit IID	G	ko00051,ko00520,ko01100,ko02060,map00051,map00520,map01100,map02060
IODOLM_01904	mntP	Putative manganese efflux pump MntP	P	-
IODOLM_01905		23S rRNA (guanine(745)-N(1))-methyltransferase	J	-
IODOLM_01907	yebO	Uncharacterized protein YebO	S	-
IODOLM_01908	yobH	Uncharacterized protein YobH	S	-
IODOLM_01911	htpX	Protease HtpX	O	-
IODOLM_01912		Tail-specific protease	M	-
IODOLM_01913	proQ	RNA chaperone ProQ	T	-
IODOLM_01917		Ribosomal RNA small subunit methyltransferase F	J	-
IODOLM_01919		hypothetical protein	S	-
IODOLM_01920		Serine/threonine-protein phosphatase 1	T	-
IODOLM_01921	yebY	Uncharacterized protein YebY	S	-
IODOLM_01922	yebZ	Inner membrane protein YebZ	P	-
IODOLM_01923	yobA	Protein YobA	S	-
IODOLM_01927		Protease 2	E	ko05142,ko05143,map05142,map05143
IODOLM_01928	yebE	Inner membrane protein YebE	S	-
IODOLM_01930	yebF	Protein YebF	S	-
IODOLM_01932		Formate-dependent phosphoribosylglycinamide formyltransferase	F	ko00230,ko00670,ko01100,ko01110,ko01130,map00230,map00670,map01100,map01110,map01130
IODOLM_01935		Glucose-6-phosphate 1-dehydrogenase	F	ko00030,ko00480,ko01100,ko01110,ko01120,ko01130,ko01200,ko05230,map00030,map00480,map01100,map01110,map01120,map01130,map01200,map05230
IODOLM_01940		hypothetical protein	M	-
IODOLM_01941	znuA	High-affinity zinc uptake system protein ZnuA	P	ko02010,map02010
IODOLM_01942	znuC	Zinc import ATP-binding protein ZnuC	P	ko02010,map02010
IODOLM_01943	znuB	High-affinity zinc uptake system membrane protein ZnuB	P	ko02010,map02010
IODOLM_01944	ruvB	Holliday junction branch migration complex subunit RuvB	L	ko03440,map03440
IODOLM_01945	ruvA	Holliday junction branch migration complex subunit RuvA	L	ko03440,map03440
IODOLM_01947	yebB	Uncharacterized protein YebB	S	-
IODOLM_01948	ruvC	Crossover junction endodeoxyribonuclease RuvC	L	ko03440,map03440
IODOLM_01952	yecD	Isochorismatase family protein YecD	Q	-
IODOLM_01953		DUF72 domain-containing protein	S	-
IODOLM_01954		Inner membrane protein	S	-
IODOLM_01956		tRNA U34 carboxymethyltransferase	J	-
IODOLM_01959	cutC	PF03932 family protein CutC	P	-
IODOLM_01960		VOC family protein	S	-
IODOLM_01961		Arginine--tRNA ligase	J	ko00970,map00970
IODOLM_01962		Lysozyme inhibitor LprI-like N-terminal domain-containing protein	S	-
IODOLM_01964	flhA	Flagellar biosynthesis protein FlhA	N	ko02040,map02040
IODOLM_01967	cheY	chemotaxis regulatory protein CheY	KT	ko02020,ko02030,map02020,map02030
IODOLM_01968	cheB	protein-glutamate methylesterase/protein glutamine deamidase	NT	ko02020,ko02030,map02020,map02030
IODOLM_01973		histidine kinase	NT	ko02020,ko02030,map02020,map02030
IODOLM_01976		hypothetical protein	K	ko02020,ko02024,ko02026,ko02040,map02020,map02024,map02026,map02040
IODOLM_01977	flhD	Flagellar transcriptional regulator FlhD	K	ko02020,ko02024,ko02026,ko02040,map02020,map02024,map02026,map02040
IODOLM_01979		Universal stress protein	T	-
IODOLM_01980		Trehalose-6-phosphate synthase	G	ko00500,ko01100,map00500,map01100
IODOLM_01981		Trehalose 6-phosphate phosphatase	G	ko00500,ko01100,map00500,map01100
IODOLM_01983	araG	arabinose ABC transporter ATP-binding protein AraG	P	ko02010,map02010
IODOLM_01985		Bacterial non-heme ferritin-like protein	P	-
IODOLM_01986		DUF2766 domain-containing protein	S	-
IODOLM_01988		Ferritin	P	-
IODOLM_01991	yecA	UPF0149 family protein YecA	C	-
IODOLM_01992		CDP-diacylglycerol--glycerol-3-phosphate 3-phosphatidyltransferase	I	ko00564,ko01100,map00564,map01100
IODOLM_01993		Excinuclease ABC subunit C	L	ko03420,map03420
IODOLM_01994	uvrY	Response regulator UvrY	K	ko02020,ko02025,ko02026,ko05111,map02020,map02025,map02026,map05111
IODOLM_01995		DUF2594 domain-containing protein	S	-
IODOLM_01998	tcyL	L-cystine transport system permease protein TcyL	P	ko02010,map02010
IODOLM_01999		D-cysteine desulfhydrase	E	ko00270,map00270
IODOLM_02000		Cystine-binding periplasmic protein	ET	ko02010,map02010
IODOLM_02001	fliZ	Regulator of sigma S factor FliZ	K	ko02026,map02026
IODOLM_02004		Flagellar hook-associated protein 2	N	ko02040,map02040
IODOLM_02005	fliS	Flagellar secretion chaperone FliS	N	ko02040,map02040
IODOLM_02007		Cytoplasmic alpha-amylase	G	ko00500,ko01100,ko04973,map00500,map01100,map04973
IODOLM_02008		Lipoprotein	M	-
IODOLM_02009		Inner membrane protein	S	-
IODOLM_02011		Abasic site processing protein	E	-
IODOLM_02012		N-acetyltransferase domain-containing protein	K	-
IODOLM_02029	rcsA	Transcriptional regulatory protein RcsA	K	ko02020,ko02024,ko02026,map02020,map02024,map02026
IODOLM_02031	yodD	YodD family peroxide/acid resistance protein	S	-
IODOLM_02032		Mannosyl-3-phosphoglycerate phosphatase	S	ko00051,ko00260,ko00561,ko00630,ko01100,ko01110,ko01130,ko01200,map00051,map00260,map00561,map00630,map01100,map01110,map01130,map01200
IODOLM_02033	dgcQ	putative diguanylate cyclase DgcQ	T	ko02026,map02026
IODOLM_02034		hypothetical protein	S	-
IODOLM_02035		DUF808 domain-containing protein	S	-
IODOLM_02036	eamA	EamA domain-containing protein	EG	-
IODOLM_02037	vsr	VSPR family DNA mismatch endonuclease	L	-
IODOLM_02038	dcm	DNA-cytosine methyltransferase	L	ko00270,ko01100,ko05206,map00270,map01100,map05206
IODOLM_02040	drpB	Cell division protein DrpB	-	-
IODOLM_02041		Outer membrane protein N	M	ko01501,ko02020,map01501,map02020
IODOLM_02042		hypothetical protein		
IODOLM_02044	hchA	Chaperone protein HchA	J	ko00620,ko01120,map00620,map01120
IODOLM_02045	hprS	two-component system sensor histidine kinase HprS	T	ko02020,map02020
IODOLM_02047		5-hydroxyisourate hydrolase	F	ko00230,ko01100,ko01120,map00230,map01100,map01120
IODOLM_02048	msrP	Protein-methionine-sulfoxide reductase catalytic subunit MsrP	C	-
IODOLM_02049	msrQ	protein-methionine-sulfoxide reductase heme-binding subunit MsrQ	C	-
IODOLM_02050	zinT	Metal-binding protein ZinT	S	ko02010,map02010
IODOLM_02051		Cytochrome b561 bacterial/Ni-hydrogenase domain-containing protein	C	-
IODOLM_02052		Mlc titration factor A	S	-
IODOLM_02054	yeeJ	inverse autotransporter adhesin YeeJ	M	ko05100,map05100
IODOLM_02056		Shikimate transporter	P	-
IODOLM_02057		AMP nucleosidase	F	ko00230,map00230
IODOLM_02058		Putative cytoplasmic protein	K	-
IODOLM_02059	yeeO	toxic metabolite efflux MATE transporter YeeO	U	-
IODOLM_02060		HTH-type transcriptional regulator cbl	K	-
IODOLM_02061		putative RuBisCO transcriptional regulator	K	-
IODOLM_02062	erfK	Exported protein ErfK	M	-
IODOLM_02063		Nicotinate-nucleotide--dimethylbenzimidazole phosphoribosyltransferase	F	ko00860,ko01100,map00860,map01100
IODOLM_02064		Adenosylcobinamide-GDP ribazoletransferase	H	ko00860,ko01100,map00860,map01100
IODOLM_02065		Bifunctional adenosylcobalamin biosynthesis protein	H	ko00860,ko01100,map00860,map01100
IODOLM_02067	yoeA	Protein YoeA	P	-
IODOLM_02068	tnp	IS3 family IS2 transposase ORF B	L	-
IODOLM_02069	tnp	IS3 family IS2 transposase ORF A	L	-
IODOLM_02079		Inner membrane protein	S	-
IODOLM_02081	dacA	D-alanyl-D-alanine carboxypeptidase DacA	M	ko00550,ko01100,map00550,map01100
IODOLM_02082		Exodeoxyribonuclease I	L	ko03430,map03430
IODOLM_02083		UPF0033 domain-containing protein	O	-
IODOLM_02084	yeeE	transport protein YeeE	S	-
IODOLM_02087	yeeY	Uncharacterized HTH-type transcriptional regulator YeeY	K	-
IODOLM_02088	yeeZ	Protein YeeZ	GM	-
IODOLM_02089	yoeB	type II toxin-antitoxin system mRNA interferase toxin YoeB	S	-
IODOLM_02090		Antitoxin	D	-
IODOLM_02094		Histidinol-phosphate aminotransferase	E	ko00340,ko00350,ko00360,ko00400,ko00401,ko00960,ko01100,ko01110,ko01130,ko01230,map00340,map00350,map00360,map00400,map00401,map00960,map01100,map01110,map01130,map01230
IODOLM_02095	hisB	Histidine biosynthesis bifunctional protein HisB	E	ko00340,ko01100,ko01110,ko01230,map00340,map01100,map01110,map01230
IODOLM_02096	hisH	Imidazole glycerol phosphate synthase subunit HisH	E	ko00340,ko01100,ko01110,ko01230,map00340,map01100,map01110,map01230
IODOLM_02097		1-(5-phosphoribosyl)-5-[(5-phosphoribosylamino)methylideneamino] imidazole-4-carboxamide isomerase	E	ko00340,ko01100,ko01110,ko01230,map00340,map01100,map01110,map01230
IODOLM_02098	hisF1	Imidazole glycerol phosphate synthase subunit hisF1	E	ko00340,ko01100,ko01110,ko01230,map00340,map01100,map01110,map01230
IODOLM_02099		Histidine biosynthesis bifunctional protein HisIE	F	ko00340,ko01100,ko01110,ko01230,map00340,map01100,map01110,map01230
IODOLM_02100		Chain length determinant protein	M	-
IODOLM_02101		UDP-glucose 6-dehydrogenase	M	ko00040,ko00053,ko00520,ko01100,map00040,map00053,map00520,map01100
IODOLM_02102	gndA	NADP-dependent phosphogluconate dehydrogenase	F	ko00030,ko00480,ko01100,ko01110,ko01120,ko01130,ko01200,map00030,map00480,map01100,map01110,map01120,map01130,map01200
IODOLM_02103		hypothetical protein	S	-
IODOLM_02105		hypothetical protein		
IODOLM_02106	wbbK	Putative glycosyltransferase WbbK	M	-
IODOLM_02107	wbbJ	Putative lipopolysaccharide biosynthesis O-acetyl transferase WbbJ	S	-
IODOLM_02108	wbbI	Beta-1,6-galactofuranosyltransferase WbbI	M	-
IODOLM_02109	wzy	O16 family O-antigen polymerase	A	-
IODOLM_02115		dTDP-glucose 4,6-dehydratase	F	ko00521,ko00523,ko00525,ko01055,ko01130,map00521,map00523,map00525,map01055,map01130
IODOLM_02116	galF	UTP--glucose-1-phosphate uridylyltransferase GalF	M	ko00040,ko00052,ko00500,ko00520,ko01100,ko01130,map00040,map00052,map00500,map00520,map01100,map01130
IODOLM_02127		GDP-mannose 4,6-dehydratase	F	ko00051,ko00520,ko01100,map00051,map00520,map01100
IODOLM_02129	wcaE	Putative colanic acid biosynthesis glycosyl transferase WcaE	S	-
IODOLM_02137	yegH	UPF0053 protein YegH	P	-
IODOLM_02138	asmA	Outer membrane assembly protein AsmA	M	-
IODOLM_02139		dCTP deaminase	F	ko00240,ko01100,map00240,map01100
IODOLM_02141	dgcE	putative diguanylate cyclase DgcE	T	ko02026,map02026
IODOLM_02142		DNA-3-methyladenine glycosylase II	L	ko03410,map03410
IODOLM_02143	yegD	Uncharacterized chaperone protein YegD	O	-
IODOLM_02144	yegI	protein kinase YegI	S	-
IODOLM_02145	yegJ	Uncharacterized protein YegJ	S	-
IODOLM_02149		hypothetical protein		
IODOLM_02151	mdtB	multidrug efflux RND transporter permease subunit MdtB	V	ko02020,map02020
IODOLM_02152	mdtC	multidrug efflux RND transporter permease subunit MdtC	V	ko02020,map02020
IODOLM_02154	baeS	Signal transduction histidine-protein kinase BaeS	T	ko02020,map02020
IODOLM_02155		Transcriptional regulator	K	ko01501,ko02020,map01501,map02020
IODOLM_02156	yegP	UPF0339 protein YegP	S	-
IODOLM_02158	ogrK	prophage transcriptional regulator OgrK	K	-
IODOLM_02159		Protein	-	-
IODOLM_02160	yegS	Lipid kinase YegS	F	-
IODOLM_02165		Galactitol 1-phosphate 5-dehydrogenase	E	ko00052,ko01100,map00052,map01100
IODOLM_02166		PTS systemgalactitol-specific IIC component	G	ko00052,ko01100,ko02060,map00052,map01100,map02060
IODOLM_02167		Galactitol-specific PTS system EIIB component	G	ko00052,ko01100,ko02060,map00052,map01100,map02060
IODOLM_02170		hypothetical protein	G	ko00052,ko01100,ko02060,map00052,map01100,map02060
IODOLM_02171	gatY	tagatose-bisphosphate aldolase subunit GatY	F	ko00052,ko01100,map00052,map01100
IODOLM_02172		fructose-bisphosphate aldolase	F	ko00010,ko00030,ko00051,ko00680,ko00710,ko01100,ko01110,ko01120,ko01130,ko01200,ko01230,map00010,map00030,map00051,map00680,map00710,map01100,map01110,map01120,map01130,map01200,map01230
IODOLM_02173	yegT	Putative nucleoside transporter YegT	P	-
IODOLM_02174		ADP-ribosylglycohydrolase family protein	O	-
IODOLM_02175		5-dehydro-2-deoxygluconokinase	G	-
IODOLM_02180	bioA	Uncharacterized protein in bioA 5'region	K	-
IODOLM_02181	rcnA	nickel/cobalt efflux protein RcnA	U	-
IODOLM_02182	rcnB	Ni(II)/Co(II) efflux transporter accessory subunit RcnB	S	-
IODOLM_02184		Fimbrial outer membrane usher protein	NU	ko05133,map05133
IODOLM_02186	yehD	Uncharacterized fimbrial-like protein YehD	NU	-
IODOLM_02187	yehE	Uncharacterized protein YehE	S	-
IODOLM_02188		Iron-sulfur cluster carrier protein	D	-
IODOLM_02189		Methionine--tRNA ligase	J	ko00450,ko00970,map00450,map00970
IODOLM_02198	yehQ	Protein YehQ	S	-
IODOLM_02200		hypothetical protein	S	-
IODOLM_02203	mlrA	HTH-type transcriptional regulator MlrA	K	ko02026,map02026
IODOLM_02204	yohO	UPF0387 membrane protein YohO	-	-
IODOLM_02207	yehY	glycine betaine ABC transporter permease YehY	P	ko02010,map02010
IODOLM_02208	osmF	glycine betaine ABC transporter substrate-binding protein OsmF	M	ko02010,map02010
IODOLM_02209		beta-glucosidase	G	ko00460,ko00500,ko00940,ko01100,ko01110,map00460,map00500,map00940,map01100,map01110
IODOLM_02210		Quinone-dependent D-lactate dehydrogenase	C	ko00620,ko01120,map00620,map01120
IODOLM_02211		Peptidase S11 D-alanyl-D-alanine carboxypeptidase A N-terminal domain-containing protein	M	-
IODOLM_02212		Yip1 domain-containing protein	S	-
IODOLM_02213	yohD	Inner membrane protein YohD	S	-
IODOLM_02217	yohJ	UPF0299 membrane protein YohJ	S	-
IODOLM_02218	yohK	Inner membrane protein YohK	M	-
IODOLM_02222	preT	NAD-dependent dihydropyrimidine dehydrogenase subunit PreT	C	ko00240,ko00410,ko00770,ko01100,map00240,map00410,map00770,map01100
IODOLM_02224	mglC	Galactoside transporter permease MglC	G	ko02010,map02010
IODOLM_02226		Ribose/galactose/methyl galactoside import ATP-binding protein	P	ko02010,map02010
IODOLM_02227	mglB	D-galactose/methyl-galactoside binding periplasmic protein MglB	G	ko02010,ko02030,map02010,map02030
IODOLM_02229		DUF418 domain-containing protein	S	-
IODOLM_02232		Colicin I receptor	P	ko02020,map02020
IODOLM_02233	lysP	lysine-specific permease	E	-
IODOLM_02236		putative endonuclease 4	L	ko03410,map03410
IODOLM_02240	yeiL	Regulatory protein YeiL	K	-
IODOLM_02244		PTS system fructose-specific EIIB'BC component	G	ko00051,ko01100,ko01120,ko02060,map00051,map01100,map01120,map02060
IODOLM_02246	fruB	fused PTS fructose transporter subunit IIA/HPr protein	G	ko00051,ko01100,ko01120,ko02060,map00051,map01100,map01120,map02060
IODOLM_02250		D-mannonate oxidoreductase	G	ko00040,ko01100,map00040,map01100
IODOLM_02251	yeiR	zinc-binding GTPase YeiR	S	-
IODOLM_02252	lpxT	Kdo(2)-lipid A phosphotransferase	I	-
IODOLM_02253		Murein DD-endopeptidase MepS/Murein LD-carboxypeptidase	M	-
IODOLM_02254	pdeN	putative cyclic di-GMP phosphodiesterase PdeN	T	-
IODOLM_02257	yejE	Inner membrane ABC transporter permease protein YejE	P	ko02010,map02010
IODOLM_02258		ABC-type dipeptide transporter	P	ko01503,ko02010,map01503,map02010
IODOLM_02259		hypothetical protein	S	-
IODOLM_02260	bcr	multidrug efflux MFS transporter Bcr	U	-
IODOLM_02261		Ribosomal small subunit pseudouridine synthase A	J	-
IODOLM_02262		Large ribosomal subunit protein bL25	L	-
IODOLM_02263		hypothetical protein	J	ko03010,map03010
IODOLM_02264	yejK	Nucleoid-associated protein YejK	S	-
IODOLM_02266	yejM	Inner membrane protein YejM	S	-
IODOLM_02267	yejO	Putative uncharacterized outer membrane protein YejO	MU	-
IODOLM_02269	narP	Nitrate/nitrite response regulator protein NarP	K	ko02020,map02020
IODOLM_02270	ccmH	cytochrome c-type biogenesis thiol:disulfide oxidoreductase CcmH	P	-
IODOLM_02271	dsbE	Thiol:disulfide interchange protein DsbE	O	-
IODOLM_02272	ccmF	cytochrome c-type biogenesis heme lyase CcmF	O	-
IODOLM_02278	napC	Cytochrome c-type protein NapC	C	-
IODOLM_02281		Quinol dehydrogenase periplasmic component	C	-
IODOLM_02286		Ecotin	M	-
IODOLM_02287		putative malate:quinone oxidoreductase	C	ko00020,ko00620,ko01100,ko01110,ko01120,ko01130,ko01200,map00020,map00620,map01100,map01110,map01120,map01130,map01200
IODOLM_02288	yojI	microcin J25 efflux ABC transporter YojI	P	ko02010,map02010
IODOLM_02289		Alkylated DNA repair protein	L	-
IODOLM_02290		Regulatory protein ada	K	-
IODOLM_02291		FAD:protein FMN transferase	H	-
IODOLM_02292	ompC	porin OmpC	M	ko01501,ko02020,map01501,map02020
IODOLM_02293	rcsD	Phosphotransferase RcsD	T	ko02020,ko02026,map02020,map02026
IODOLM_02294	rcsB	transcriptional regulator RcsB	K	ko02020,ko02026,map02020,map02026
IODOLM_02295		hypothetical protein	T	ko02020,ko02026,map02020,map02026
IODOLM_02296	atoS	Signal transduction histidine-protein kinase AtoS	T	ko02020,map02020
IODOLM_02298		Acetate CoA-transferase subunit alpha	I	ko00310,ko00627,ko00640,ko00650,ko01100,ko01120,ko02020,map00310,map00627,map00640,map00650,map01100,map01120,map02020
IODOLM_02299	atoA	acetate CoA-transferase subunit beta	I	ko00072,ko00280,ko00310,ko00627,ko00640,ko00650,ko01100,ko01120,ko02020,map00072,map00280,map00310,map00627,map00640,map00650,map01100,map01120,map02020
IODOLM_02301	atoB	acetyl-CoA acetyltransferase	I	ko00071,ko00072,ko00280,ko00310,ko00362,ko00380,ko00620,ko00630,ko00640,ko00650,ko00720,ko00900,ko01100,ko01110,ko01120,ko01130,ko01200,ko01212,ko02020,map00071,map00072,map00280,map00310,map00362,map00380,map00620,map00630,map00640,map00650,map00720,map00900,map01100,map01110,map01120,map01130,map01200,map01212,map02020
IODOLM_02303	yfaQ	Uncharacterized protein YfaQ	S	-
IODOLM_02304		hypothetical protein	S	-
IODOLM_02308		DNA gyrase subunit A	L	-
IODOLM_02309		Ubiquinone biosynthesis O-methyltransferase	H	ko00130,ko01100,ko01110,map00130,map01100,map01110
IODOLM_02310	yfaL	putative autotransporter YfaL	MU	-
IODOLM_02311		Ribonucleoside-diphosphate reductase 1 subunit alpha	F	ko00230,ko00240,ko01100,map00230,map00240,map01100
IODOLM_02312		Ribonucleoside-diphosphate reductase 1 subunit beta	F	ko00230,ko00240,ko01100,map00230,map00240,map01100
IODOLM_02313	yfaE	ferredoxin-like diferric-tyrosyl radical cofactor maintenance protein YfaE	C	-
IODOLM_02316		glycerophosphodiester phosphodiesterase	C	ko00564,map00564
IODOLM_02317		Glycerol-3-phosphate transporter	P	-
IODOLM_02318		Glycerol-3-phosphate dehydrogenase	C	ko00564,ko01110,map00564,map01110
IODOLM_02319		Anaerobic glycerol-3-phosphate dehydrogenase subunit B	C	ko00564,ko01110,map00564,map01110
IODOLM_02320		Anaerobic glycerol-3-phosphate dehydrogenase subunit C	C	ko00564,ko00630,ko01100,ko01110,ko01120,ko01130,map00564,map00630,map01100,map01110,map01120,map01130
IODOLM_02323		2-keto-3-deoxy-L-rhamnonate aldolase	H	ko00051,ko00350,ko01120,map00051,map00350,map01120
IODOLM_02324		Major facilitator superfamily (MFS) profile domain-containing protein	P	-
IODOLM_02327		CinA-like protein	S	-
IODOLM_02329	nudI	Nucleoside triphosphatase NudI	L	-
IODOLM_02331		UDP-4-amino-4-deoxy-L-arabinose--oxoglutarate aminotransferase	M	ko00520,ko01503,ko02020,map00520,map01503,map02020
IODOLM_02348	tnp	IS1 family IS1A transposase ORF A	L	-
IODOLM_02349		IS1 transposase	L	-
IODOLM_02350	elaD	Protease ElaD	O	-
IODOLM_02354	yfbN	Uncharacterized protein YfbN	-	-
IODOLM_02355	yfbO	Uncharacterized protein YfbO	-	-
IODOLM_02356	yfbP	Protein YfbP	S	-
IODOLM_02357		NADH-quinone oxidoreductase subunit N	C	ko00190,ko01100,map00190,map01100
IODOLM_02358		NADH-quinone oxidoreductase subunit M	C	ko00190,ko01100,map00190,map01100
IODOLM_02359		NADH-quinone oxidoreductase subunit L	C	ko00190,ko01100,map00190,map01100
IODOLM_02360		NADH-quinone oxidoreductase subunit K	C	ko00190,ko01100,map00190,map01100
IODOLM_02361		NADH-quinone oxidoreductase subunit J	C	ko00190,ko01100,map00190,map01100
IODOLM_02362		NADH-quinone oxidoreductase subunit I 2	C	ko00190,ko01100,map00190,map01100
IODOLM_02363		NADH-quinone oxidoreductase subunit H	C	ko00190,ko01100,map00190,map01100
IODOLM_02364		NADH-quinone oxidoreductase subunit G	C	ko00190,ko01100,map00190,map01100
IODOLM_02365		NADH-quinone oxidoreductase subunit F	C	ko00190,ko01100,map00190,map01100
IODOLM_02366		NADH-quinone oxidoreductase subunit E	C	ko00190,ko01100,map00190,map01100
IODOLM_02367		NADH-quinone oxidoreductase subunit C/D	C	ko00190,ko01100,map00190,map01100
IODOLM_02368	nuoB	NADH-quinone oxidoreductase subunit NuoB	C	ko00190,ko01100,map00190,map01100
IODOLM_02369	nuoA	NADH-quinone oxidoreductase subunit NuoA	C	ko00190,ko01100,map00190,map01100
IODOLM_02373		5'-deoxynucleotidase VP0926	F	ko00240,ko01100,map00240,map01100
IODOLM_02374		RCK C-terminal domain-containing protein	P	-
IODOLM_02375	hxpA	hexitol phosphatase HxpA	S	-
IODOLM_02376	yfbU	UPF0304 protein YfbU	S	-
IODOLM_02377	yfbV	UPF0208 membrane protein YfbV	S	-
IODOLM_02380	yfcC	Putative basic amino acid antiporter YfcC	S	-
IODOLM_02381		Putative NUDIX hydrolase	I	ko00900,ko01100,ko01110,ko01130,map00900,map01100,map01110,map01130
IODOLM_02382		Phosphoesterase	S	-
IODOLM_02384		GSH-dependent disulfide bond oxidoreductase	O	-
IODOLM_02386	yfcH	Epimerase family protein yfcH	S	-
IODOLM_02389	hisM	Histidine/lysine/arginine/ornithine transport system permease protein HisM	E	ko02010,map02010
IODOLM_02390	hisQ	histidine ABC transporter permease HisQ	P	ko02010,map02010
IODOLM_02391		Solute-binding protein family 3/N-terminal domain-containing protein	ET	ko02010,map02010
IODOLM_02392		Solute-binding protein family 3/N-terminal domain-containing protein	ET	ko02010,map02010
IODOLM_02393	ubiX	flavin prenyltransferase UbiX	H	ko00130,ko00627,ko00940,ko01100,ko01110,ko01120,ko01220,map00130,map00627,map00940,map01100,map01110,map01120,map01220
IODOLM_02394		Amidophosphoribosyltransferase	F	ko00230,ko00250,ko01100,ko01110,ko01130,map00230,map00250,map01100,map01110,map01130
IODOLM_02395		Colicin V production protein	S	-
IODOLM_02396	dedD	Cell division protein DedD	D	-
IODOLM_02397		Dihydrofolate synthase/folylpolyglutamate synthase	H	ko00790,ko01100,map00790,map01100
IODOLM_02398		Acetyl-coenzyme A carboxylase carboxyl transferase subunit beta	I	ko00061,ko00620,ko00640,ko00720,ko01100,ko01110,ko01120,ko01130,ko01200,ko01212,map00061,map00620,map00640,map00720,map01100,map01110,map01120,map01130,map01200,map01212
IODOLM_02399	dedA	DedA family protein	S	-
IODOLM_02400		tRNA pseudouridine synthase A	J	-
IODOLM_02401		USG-1 protein	E	ko00260,ko00261,ko00270,ko00300,ko01100,ko01110,ko01120,ko01130,ko01210,ko01230,map00260,map00261,map00270,map00300,map01100,map01110,map01120,map01130,map01210,map01230
IODOLM_02402		Erythronate-4-phosphate dehydrogenase	H	ko00750,ko01100,map00750,map01100
IODOLM_02403		Flagellar regulator flk	N	-
IODOLM_02404		Putative transporter protein	EGP	-
IODOLM_02405		3-oxoacyl-[acyl-carrier-protein] synthase 1	I	ko00061,ko00780,ko01100,ko01212,map00061,map00780,map01100,map01212
IODOLM_02408	epmC	elongation factor P hydroxylase	S	-
IODOLM_02409		putative membrane transporter protein	S	-
IODOLM_02410		Penicillin-insensitive murein endopeptidase	M	-
IODOLM_02411		Chorismate synthase	E	ko00400,ko01100,ko01110,ko01130,ko01230,map00400,map01100,map01110,map01130,map01230
IODOLM_02413	smrB	Ribosome rescue factor SmrB	S	-
IODOLM_02422	sixA	Phosphohistidine phosphatase SixA	T	-
IODOLM_02423		enoyl-CoA hydratase	I	ko00071,ko00280,ko00281,ko00310,ko00362,ko00380,ko00410,ko00640,ko00650,ko00903,ko00930,ko01040,ko01100,ko01110,ko01120,ko01130,ko01200,ko01212,map00071,map00280,map00281,map00310,map00362,map00380,map00410,map00640,map00650,map00903,map00930,map01040,map01100,map01110,map01120,map01130,map01200,map01212
IODOLM_02424		3-ketoacyl-CoA thiolase	I	ko00071,ko00280,ko00281,ko00362,ko00592,ko00642,ko01100,ko01110,ko01120,ko01130,ko01212,map00071,map00280,map00281,map00362,map00592,map00642,map01100,map01110,map01120,map01130,map01212
IODOLM_02427	yfdF	Uncharacterized protein YfdF	-	-
IODOLM_02428	mlaA	Intermembrane phospholipid transport system lipoprotein MlaA	M	-
IODOLM_02429		Putative transport	P	-
IODOLM_02432	yfdI	Uncharacterized protein YfdI	-	-
IODOLM_02444	torI	response regulator inhibitor TorI	K	-
IODOLM_02448	emrY	multidrug efflux MFS transporter permease subunit EmrY	EGP	ko02020,map02020
IODOLM_02449	emrK	multidrug efflux MFS transporter periplasmic adaptor subunit EmrK	V	ko02020,map02020
IODOLM_02450		DNA-binding response regulator	K	ko02020,ko05133,map02020,map05133
IODOLM_02452		Acetyl-CoA:oxalate CoA-transferase	C	-
IODOLM_02453	yfdV	Uncharacterized transporter YfdV	U	-
IODOLM_02454		Oxalyl-CoA decarboxylase	EH	ko00630,ko01100,map00630,map01100
IODOLM_02455		Formyl-CoA:oxalate CoA-transferase	C	-
IODOLM_02459		Lipid A biosynthesis palmitoleoyltransferase	M	ko00540,ko01100,map00540,map01100
IODOLM_02460		Aminotransferase	E	-
IODOLM_02461	ypdA	two-component system sensor histidine kinase YpdA	T	-
IODOLM_02462	ypdB	two-component system response regulator YpdB	K	ko02020,map02020
IODOLM_02463		HTH araC/xylS-type domain-containing protein	K	-
IODOLM_02467		Fructose-like permease IIC component 1	G	-
IODOLM_02469		Glucokinase	F	ko00010,ko00052,ko00500,ko00520,ko00521,ko00524,ko01100,ko01110,ko01120,ko01130,ko01200,map00010,map00052,map00500,map00520,map00521,map00524,map01100,map01110,map01120,map01130,map01200
IODOLM_02472	mntH	Mn(2+) uptake NRAMP transporter MntH	P	-
IODOLM_02473	nupC	nucleoside permease NupC	U	-
IODOLM_02474	tnp	IS4 family IS421 transposase	L	-
IODOLM_02475		hypothetical protein		
IODOLM_02476		Putative diguanylate cyclase	T	-
IODOLM_02477	yfeC	Uncharacterized protein YfeC	L	-
IODOLM_02478	yfeD	Uncharacterized protein YfeD	L	-
IODOLM_02479		Glutamate--tRNA ligase	J	ko00860,ko00970,ko01100,ko01110,ko01120,map00860,map00970,map01100,map01110,map01120
IODOLM_02480	xapR	DNA-binding transcriptional regulator XapR	K	-
IODOLM_02485		Bile acid:sodium symporter	S	-
IODOLM_02489	cysZ	Sulfate transporter CysZ	E	-
IODOLM_02490		Cysteine synthase	E	ko00270,ko00920,ko01100,ko01110,ko01120,ko01130,ko01200,ko01230,map00270,map00920,map01100,map01110,map01120,map01130,map01200,map01230
IODOLM_02491		Phosphocarrier protein HPr	G	ko02060,map02060
IODOLM_02496	yfeS	Uncharacterized protein YfeS	S	-
IODOLM_02497		Cysteine synthase B	E	ko00270,ko00920,ko01100,ko01110,ko01120,ko01130,ko01200,ko01230,map00270,map00920,map01100,map01110,map01120,map01130,map01200,map01230
IODOLM_02498	cysA	Sulfate/thiosulfate import ATP-binding protein CysA	P	ko00920,ko02010,map00920,map02010
IODOLM_02499	cysW	Sulphate transport system permease protein CysW	P	ko00920,ko02010,map00920,map02010
IODOLM_02500	cysT	Sulfate transport system permease protein CysT	P	ko00920,ko02010,map00920,map02010
IODOLM_02501	cysP	thiosulfate/sulfate ABC transporter substrate-binding protein CysP	P	ko00920,ko02010,map00920,map02010
IODOLM_02502	ucpA	Oxidoreductase UcpA	IQ	ko00051,ko00061,ko00333,ko00780,ko01040,ko01100,ko01120,ko01130,ko01212,map00051,map00061,map00333,map00780,map01040,map01100,map01120,map01130,map01212
IODOLM_02504		N-acetylmuramic acid 6-phosphate etherase	S	ko00520,ko01100,map00520,map01100
IODOLM_02505		PTS system N-acetylmuramic acid-specific EIIBC component	G	ko00520,ko02060,map00520,map02060
IODOLM_02506		Putative D-alanyl-D-alanine carboxypeptidase	V	ko00550,map00550
IODOLM_02507	yfeX	porphyrinogen peroxidase	P	-
IODOLM_02509	yfeZ	Inner membrane protein YfeZ	S	-
IODOLM_02510		Acetyltransferase EBL_c10900	K	-
IODOLM_02513	eutR	HTH-type DNA-binding transcriptional activator EutR	K	-
IODOLM_02519	yffL	Uncharacterized protein YffL		
IODOLM_02526	yffS	Uncharacterized protein YffS		
IODOLM_02537	eutP	putative acetate kinase EutP	E	-
IODOLM_02539	maeB	NADP-dependent oxaloacetate-decarboxylating malate dehydrogenase	C	ko00620,ko00710,ko01100,ko01120,ko01200,ko02020,map00620,map00710,map01100,map01120,map01200,map02020
IODOLM_02540		Transaldolase	F	ko00030,ko01100,ko01110,ko01120,ko01130,ko01200,ko01230,map00030,map01100,map01110,map01120,map01130,map01200,map01230
IODOLM_02541		Transketolase	G	ko00030,ko00710,ko01051,ko01100,ko01110,ko01120,ko01130,ko01200,ko01230,map00030,map00710,map01051,map01100,map01110,map01120,map01130,map01200,map01230
IODOLM_02542		DUF1176 domain-containing protein	S	-
IODOLM_02543		GDP-mannose pyrophosphatase	L	-
IODOLM_02544	aegA	Putative oxidoreductase AegA	C	ko00250,ko00910,ko01100,ko01110,ko01120,ko01130,ko01230,map00250,map00910,map01100,map01110,map01120,map01130,map01230
IODOLM_02545	narQ	Nitrate/nitrite sensor protein NarQ	T	ko02020,map02020
IODOLM_02546		Efflux pump membrane transporter	U	ko02020,map02020
IODOLM_02547	ypfM	Protein YpfM		
IODOLM_02548	arsC	ArsC family reductase	P	-
IODOLM_02550		hypothetical protein	S	-
IODOLM_02554		Phosphoribosylaminoimidazole-succinocarboxamide synthase	F	ko00230,ko01100,ko01110,ko01130,map00230,map01100,map01110,map01130
IODOLM_02556	bamC	Outer membrane protein assembly factor BamC	M	-
IODOLM_02557		4-hydroxy-tetrahydrodipicolinate synthase	E	ko00261,ko00300,ko01100,ko01110,ko01120,ko01130,ko01230,map00261,map00300,map01100,map01110,map01120,map01130,map01230
IODOLM_02558		Glycine cleavage system transcriptional repressor	K	ko02026,map02026
IODOLM_02559		thioredoxin-dependent peroxiredoxin	O	-
IODOLM_02572		Putative permease	S	-
IODOLM_02573	bepA	beta-barrel assembly-enhancing protease	S	-
IODOLM_02574		Arsenate reductase	P	-
IODOLM_02575	dnaA	DnaA regulatory inactivator Hda	J	-
IODOLM_02576		Uracil permease	F	-
IODOLM_02577		Uracil phosphoribosyltransferase	F	ko00240,ko01100,map00240,map01100
IODOLM_02578		Phosphoribosylformylglycinamidine cyclo-ligase	F	ko00230,ko01100,ko01110,ko01130,map00230,map01100,map01110,map01130
IODOLM_02579		Phosphoribosylglycinamide formyltransferase	F	ko00230,ko00670,ko01100,ko01110,ko01130,map00230,map00670,map01100,map01110,map01130
IODOLM_02580		Polyphosphate kinase	F	ko00190,ko03018,map00190,map03018
IODOLM_02581		Exopolyphosphatase	FP	ko00230,map00230
IODOLM_02584		hypothetical protein	S	-
IODOLM_02588		Inosine-5'-monophosphate dehydrogenase	F	ko00230,ko00983,ko01100,ko01110,map00230,map00983,map01100,map01110
IODOLM_02589		Exodeoxyribonuclease 7 large subunit	L	ko03430,map03430
IODOLM_02590		Zinc ribbon protein	S	-
IODOLM_02591		GTPase Der	J	-
IODOLM_02592	bamB	Outer membrane protein assembly factor BamB	M	-
IODOLM_02593	yfgM	ancillary SecYEG translocon subunit YfgM	S	-
IODOLM_02594		Histidine--tRNA ligase	J	ko00970,map00970
IODOLM_02595		Flavodoxin-dependent (E)-4-hydroxy-3-methylbut-2-enyl-diphosphate synthase	I	ko00900,ko01100,ko01110,ko01130,map00900,map01100,map01110,map01130
IODOLM_02596	rodZ	Cytoskeleton protein RodZ	S	-
IODOLM_02598		Nucleoside diphosphate kinase	F	ko00230,ko00240,ko00983,ko01100,ko01110,ko01130,ko04016,map00230,map00240,map00983,map01100,map01110,map01130,map04016
IODOLM_02601		3-mercaptopyruvate sulfurtransferase	P	ko00270,ko00920,ko01100,ko01120,ko04122,map00270,map00920,map01100,map01120,map04122
IODOLM_02602	sseB	Enhanced serine sensitivity protein SseB	S	-
IODOLM_02603		Peptidase B	E	ko00480,ko01100,map00480,map01100
IODOLM_02605		2Fe-2S ferredoxin	C	-
IODOLM_02606	hscA	Chaperone protein HscA	O	-
IODOLM_02607	hscB	Co-chaperone protein HscB	O	-
IODOLM_02608	iscA	Iron-binding protein IscA	S	-
IODOLM_02609	iscU	Iron-sulfur cluster assembly scaffold protein IscU	C	-
IODOLM_02610	iscS	cysteine desulfurase	E	ko00730,ko01100,ko04122,map00730,map01100,map04122
IODOLM_02611	iscR	Fe-S cluster assembly transcriptional regulator IscR	K	-
IODOLM_02612	trmJ	tRNA (cytidine/uridine/adenosine-2'-O-)-methyltransferase TrmJ	J	-
IODOLM_02613	suhB	Nus factor SuhB	G	ko00521,ko00562,ko01100,ko04070,map00521,map00562,map01100,map04070
IODOLM_02614	yfhR	Uncharacterized protein YfhR	S	-
IODOLM_02617	hcaR	Hca operon transcriptional activator HcaR	K	-
IODOLM_02618		3-phenylpropionate/cinnamic acid dioxygenase subunit alpha	P	ko00360,ko00361,ko00362,ko00621,ko00623,ko00625,ko01100,ko01120,ko01220,map00360,map00361,map00362,map00621,map00623,map00625,map01100,map01120,map01220
IODOLM_02621	hcaB	3-phenylpropionate-dihydrodiol/cinnamic acid-dihydrodiol dehydrogenase	IQ	ko00360,ko00624,ko00626,ko01100,ko01120,ko01220,map00360,map00624,map00626,map01100,map01120,map01220
IODOLM_02622		3-phenylpropionate/cinnamic acid dioxygenase ferredoxin--NAD(+) reductase component	P	ko00071,ko00360,ko00622,ko01120,ko01220,map00071,map00360,map00622,map01120,map01220
IODOLM_02623		Inner membrane protein	S	-
IODOLM_02627	yphE	Uncharacterized ABC transporter ATP-binding protein YphE	P	-
IODOLM_02628		Monosaccharide ABC transporter substrate-binding protein (CUT2 family)	G	-
IODOLM_02629		TPR repeat-containing protein	S	-
IODOLM_02630	yphH	Uncharacterized protein YphH	K	-
IODOLM_02631	glyA	serine hydroxymethyltransferase	E	ko00260,ko00460,ko00630,ko00670,ko00680,ko01100,ko01110,ko01120,ko01130,ko01200,ko01230,ko01523,map00260,map00460,map00630,map00670,map00680,map01100,map01110,map01120,map01130,map01200,map01230,map01523
IODOLM_02632		Flavohemoprotein	C	ko05132,map05132
IODOLM_02633		Nitrogen regulatory protein P-II	K	ko02020,map02020
IODOLM_02634	qseF	two-component system response regulator QseF/GlrR	K	ko02020,ko02024,map02020,map02024
IODOLM_02636	qseE	two component system sensor histidine kinase QseE/GlrK	T	ko02020,ko02024,map02020,map02024
IODOLM_02637		Phosphoribosylformylglycinamidine synthase	F	ko00230,ko01100,ko01110,ko01130,map00230,map01100,map01110,map01130
IODOLM_02639		tRNA-specific adenosine deaminase	F	-
IODOLM_02640		Phosphatidylglycerophosphatase C	E	ko00564,map00564
IODOLM_02641		MurPQ operon repressor	K	-
IODOLM_02642	yfhL	4Fe-4S dicluster ferredoxin YfhL	C	-
IODOLM_02644		Pyridoxine 5'-phosphate synthase	H	ko00750,ko01100,map00750,map01100
IODOLM_02645	recO	DNA repair protein RecO	L	ko03440,map03440
IODOLM_02646		GTPase Era	S	-
IODOLM_02647		Ribonuclease 3	J	ko03008,ko05205,map03008,map05205
IODOLM_02648		Signal peptidase I	U	ko02024,ko03060,map02024,map03060
IODOLM_02649		Elongation factor 4	J	ko05134,map05134
IODOLM_02652	rseA	Anti-sigma-E factor RseA	T	-
IODOLM_02655	trmN	tRNA(1)(Val) (adenine(37)-N(6))-methyltransferase TrmN	J	-
IODOLM_02656	srmB	ATP-dependent RNA helicase SrmB	F	-
IODOLM_02657	yfiE	Uncharacterized HTH-type transcriptional regulator YfiE	K	-
IODOLM_02658		Cysteine/O-acetylserine efflux protein	U	-
IODOLM_02659		Glycine radical domain-containing protein	S	-
IODOLM_02661	yfiF	Uncharacterized tRNA/rRNA methyltransferase YfiF	J	-
IODOLM_02662		Thioredoxin	O	-
IODOLM_02663	tapT	tRNA-uridine aminocarboxypropyltransferase	S	-
IODOLM_02664	pat	protein lysine acetyltransferase	CJ	-
IODOLM_02667	kgtP	alpha-ketoglutarate permease	EGP	-
IODOLM_02670	clpB	Chaperone protein ClpB	O	ko04213,map04213
IODOLM_02673	bamD	Outer membrane protein assembly factor BamD	M	-
IODOLM_02674		Ribosome-associated inhibitor A	J	-
IODOLM_02675		Bifunctional chorismate mutase/prephenate dehydratase	E	ko00400,ko01100,ko01110,ko01130,ko01230,map00400,map01100,map01110,map01130,map01230
IODOLM_02676		T-protein	E	ko00400,ko00401,ko01100,ko01110,ko01130,ko01230,map00400,map00401,map01100,map01110,map01130,map01230
IODOLM_02677	aroF	3-deoxy-7-phosphoheptulonate synthase AroF	E	ko00400,ko01100,ko01110,ko01130,ko01230,ko02024,map00400,map01100,map01110,map01130,map01230,map02024
IODOLM_02678		Lipoprotein	S	-
IODOLM_02679		156G surface protein	S	-
IODOLM_02681	yfiB	Putative lipoprotein YfiB	M	-
IODOLM_02682		Large ribosomal subunit protein bL19	J	ko03010,map03010
IODOLM_02683		tRNA (guanine-N(1)-)-methyltransferase	J	-
IODOLM_02684	rimM	Ribosome maturation factor RimM	J	-
IODOLM_02685		Small ribosomal subunit protein bS16	J	ko03010,map03010
IODOLM_02686		Signal recognition particle protein	U	ko02024,ko03060,ko03070,map02024,map03060,map03070
IODOLM_02688	yfjD	UPF0053 inner membrane protein YfjD	P	-
IODOLM_02689	grpE	Protein GrpE	O	-
IODOLM_02692	bamE	Outer membrane protein assembly factor BamE	M	-
IODOLM_02693		UPF0125 protein NCTC10665_01251	S	-
IODOLM_02694	ratA	type II toxin-antitoxin system toxin RatA	I	-
IODOLM_02695		SsrA-binding protein	J	-
IODOLM_02697	intA	Prophage integrase IntA	L	-
IODOLM_02698	yfjH	Uncharacterized protein YfjH	-	-
IODOLM_02699	alpA	DNA-binding transcriptional activator AlpA	K	-
IODOLM_02700		DUF3987 domain-containing protein	S	-
IODOLM_02702		Anti-bacteriophage protein B	L	-
IODOLM_02703	abpA	anti-bacteriophage protein AbpA	S	-
IODOLM_02705	rnlB	type II toxin-antitoxin system antitoxin RnlB	S	-
IODOLM_02707		Putative plasmid-like protein	S	-
IODOLM_02712		hypothetical protein	P	-
IODOLM_02713		Arsenical pump membrane protein	P	-
IODOLM_02721	ypjA	adhesin-like autotransporter YpjA/EhaD	MU	-
IODOLM_02727		Glutarate 2-hydroxylase	C	-
IODOLM_02728		L-2-hydroxyglutarate dehydrogenase	C	-
IODOLM_02729		Succinate-semialdehyde dehydrogenase	C	ko00250,ko00310,ko00350,ko00650,ko00760,ko01100,ko01120,map00250,map00310,map00350,map00650,map00760,map01100,map01120
IODOLM_02730		4-aminobutyrate aminotransferase	E	ko00250,ko00280,ko00310,ko00410,ko00640,ko00650,ko01100,ko01120,map00250,map00280,map00310,map00410,map00640,map00650,map01100,map01120
IODOLM_02732		HTH gntR-type domain-containing protein	K	-
IODOLM_02734		hypothetical protein	S	-
IODOLM_02735		Transcriptional regulator	K	-
IODOLM_02736	ygaP	thiosulfate sulfurtransferase YgaP	P	-
IODOLM_02737		DNA-binding protein H-NS	K	-
IODOLM_02738	alaE	L-alanine exporter AlaE	U	-
IODOLM_02739	ygaC	Uncharacterized protein YgaC	S	-
IODOLM_02740	ygaM	Protein ygaM	S	-
IODOLM_02741	nrdH	Glutaredoxin-like protein NrdH	O	-
IODOLM_02742	nrdI	Protein NrdI	F	-
IODOLM_02743		Ribonucleoside-diphosphate reductase subunit alpha	F	ko00230,ko00240,ko01100,map00230,map00240,map01100
IODOLM_02744		Ribonucleoside-diphosphate reductase subunit beta	F	ko00230,ko00240,ko01100,map00230,map00240,map01100
IODOLM_02745		Quaternary amine transport ATP-binding protein	P	ko02010,map02010
IODOLM_02746	tnp	IS1 family IS1A transposase ORF A	L	-
IODOLM_02747		IS1 transposase	L	-
IODOLM_02748	proW	Proline/glycine betaine ABC transporter permease ProW	P	ko02010,map02010
IODOLM_02749		Glycine betaine/proline betaine-binding periplasmic protein	E	ko02010,map02010
IODOLM_02750	ygaY	Transporter ygaY	P	-
IODOLM_02751		Major facilitator transporter	P	-
IODOLM_02752	ygaZ	L-valine exporter subunit YgaZ	E	-
IODOLM_02753	ygaH	L-valine transporter subunit YgaH	S	-
IODOLM_02754	emrR	multidrug efflux transporter EmrAB transcriptional repressor EmrR	K	-
IODOLM_02755	emrA	multidrug efflux MFS transporter periplasmic adaptor subunit EmrA	V	ko02020,map02020
IODOLM_02756	emrB	multidrug efflux MFS transporter permease subunit EmrB	U	-
IODOLM_02757		S-ribosylhomocysteine lyase	F	ko00270,ko01100,ko01230,ko02024,ko02026,ko05111,map00270,map01100,map01230,map02024,map02026,map05111
IODOLM_02760		Putative phosphatase	S	-
IODOLM_02761	csrA	carbon storage regulator CsrA	J	ko02020,ko02025,ko02026,ko05111,map02020,map02025,map02026,map05111
IODOLM_02762		Alanine--tRNA ligase	J	ko00970,map00970
IODOLM_02764	recA	Protein RecA	L	ko03440,map03440
IODOLM_02771		Glucitol operon activator protein	K	-
IODOLM_02774	norR	Anaerobic nitric oxide reductase transcription regulator NorR	K	ko05132,map05132
IODOLM_02775		Flavodoxin-like domain-containing protein	C	ko05132,map05132
IODOLM_02778	hydN	Electron transport protein HydN	C	ko00633,ko00680,ko00720,ko01120,ko01200,map00633,map00680,map00720,map01120,map01200
IODOLM_02779	ascG	DNA-binding transcriptional regulator AscG	K	-
IODOLM_02782		Hydrogenase 3 maturation protease	C	-
IODOLM_02786	hycE	formate hydrogenlyase subunit HycE	C	-
IODOLM_02787	hycD	formate hydrogenlyase subunit HycD	C	-
IODOLM_02788		Formate hydrogenlyase subunit 3	CP	-
IODOLM_02789	hycB	formate hydrogenlyase subunit HycB	C	-
IODOLM_02790	hycA	Formate hydrogenlyase regulatory protein HycA	K	-
IODOLM_02791	hypA	Hydrogenase maturation factor HypA	S	-
IODOLM_02792	hypB	Hydrogenase maturation factor HypB	KO	-
IODOLM_02796		Sigma-54 factor interaction domain-containing protein	KT	-
IODOLM_02797	ygbA	Uncharacterized protein YgbA	S	-
IODOLM_02799	mutS	DNA mismatch repair protein MutS	L	ko03430,map03430
IODOLM_02800		Serine/threonine-protein phosphatase 2	T	-
IODOLM_02801	deoR	DeoR family transcriptional regulator	K	-
IODOLM_02807	rpoS	RNA polymerase sigma factor RpoS	K	ko02026,ko05111,map02026,map05111
IODOLM_02808	nlpD	Murein hydrolase activator NlpD	DM	-
IODOLM_02809		Protein-L-isoaspartate O-methyltransferase	J	-
IODOLM_02812		2-C-methyl-D-erythritol 2,4-cyclodiphosphate synthase	I	ko00900,ko01100,ko01110,ko01130,map00900,map01100,map01110,map01130
IODOLM_02813		2-C-methyl-D-erythritol 4-phosphate cytidylyltransferase	I	ko00900,ko01100,ko01110,ko01130,map00900,map01100,map01110,map01130
IODOLM_02815	ygbE	Inner membrane protein YgbE	S	-
IODOLM_02816		Adenylyl-sulfate kinase	F	ko00230,ko00920,ko01100,ko01120,map00230,map00920,map01100,map01120
IODOLM_02817		Sulfate adenylyltransferase subunit 1	H	ko00230,ko00261,ko00450,ko00920,ko01100,ko01120,ko01130,map00230,map00261,map00450,map00920,map01100,map01120,map01130
IODOLM_02818		Sulfate adenylyltransferase subunit 2	H	ko00230,ko00261,ko00450,ko00920,ko01100,ko01120,ko01130,map00230,map00261,map00450,map00920,map01100,map01120,map01130
IODOLM_02820		SsRNA endonuclease	L	-
IODOLM_02823		hypothetical protein	J	-
IODOLM_02824		hypothetical protein	L	-
IODOLM_02825	casB	CRISPR system Cascade subunit CasB	L	-
IODOLM_02827		CRISPR-associated endonuclease/helicase Cas3	L	-
IODOLM_02828		Phosphoadenosine 5'-phosphosulfate reductase	EH	ko00920,ko01100,ko01120,map00920,map01100,map01120
IODOLM_02829		Putative sulfite reductase [NADPH] hemoprotein beta-component	H	ko00920,ko01100,ko01120,map00920,map01100,map01120
IODOLM_02830		Sulfite reductase [NADPH] flavoprotein alpha-component	E	ko00920,ko01100,ko01120,map00920,map01100,map01120
IODOLM_02831		6-carboxy-5,6,7,8-tetrahydropterin synthase	F	ko00790,ko01100,map00790,map01100
IODOLM_02832	ygcN	putative electron transfer flavoprotein-quinone oxidoreductase YgcN	C	-
IODOLM_02835		Flavoprotein	C	-
IODOLM_02841	ygcE	Uncharacterized sugar kinase YgcE	G	-
IODOLM_02842		7-carboxy-7-deazaguanine synthase	F	ko00790,ko01100,map00790,map01100
IODOLM_02844		Enolase	F	ko00010,ko00680,ko01100,ko01110,ko01120,ko01130,ko01200,ko01230,ko03018,ko04066,map00010,map00680,map01100,map01110,map01120,map01130,map01200,map01230,map03018,map04066
IODOLM_02845		CTP synthase	F	ko00240,ko01100,map00240,map01100
IODOLM_02847	mazF	Endoribonuclease toxin MazF	T	-
IODOLM_02849		GTP pyrophosphokinase	F	ko00230,map00230
IODOLM_02850	tnp	IS3 family IS2 transposase ORF B	L	-
IODOLM_02851	tnp	IS3 family IS2 transposase ORF A	L	-
IODOLM_02852		hypothetical protein	F	ko00230,map00230
IODOLM_02853	rlmD	23S rRNA (uracil(1939)-C(5))-methyltransferase RlmD	J	-
IODOLM_02854		histidine kinase	T	ko02020,ko02025,ko02026,ko05111,map02020,map02025,map02026,map05111
IODOLM_02855		Glucarate dehydratase	M	ko00053,ko01100,map00053,map01100
IODOLM_02856		Glucarate dehydratase	M	ko00053,ko01100,map00053,map01100
IODOLM_02857	gudP	galactarate/glucarate/glycerate transporter GudP	P	-
IODOLM_02858	yqcA	Flavodoxin YqcA	C	-
IODOLM_02859		tRNA pseudouridine synthase C	J	-
IODOLM_02860	yqcC	Uncharacterized protein YqcC	S	ko00521,ko00523,ko01130,map00521,map00523,map01130
IODOLM_02861		Protein Syd	S	-
IODOLM_02862		NADPH-dependent 7-cyano-7-deazaguanine reductase	F	ko00790,ko01100,map00790,map01100
IODOLM_02863	ppnN	nucleotide 5'-monophosphate nucleosidase	S	ko00230,ko00240,map00230,map00240
IODOLM_02864	sdaC	HAAAP family serine/threonine permease SdaC	E	-
IODOLM_02865	sdaB	L-serine ammonia-lyase II	E	ko00260,ko00270,ko01100,ko01110,ko01130,ko01200,ko01230,map00260,map00270,map01100,map01110,map01130,map01200,map01230
IODOLM_02869		L-fucose permease	P	-
IODOLM_02871		L-fuculokinase	F	ko00040,ko00051,ko01100,ko01120,map00040,map00051,map01100,map01120
IODOLM_02872		L-fucose mutarotase	G	-
IODOLM_02873		HTH deoR-type domain-containing protein	K	-
IODOLM_02874		Ribosomal RNA large subunit methyltransferase M	J	-
IODOLM_02877	ygdI	Uncharacterized lipoprotein YgdI	M	-
IODOLM_02878		cysteine desulfurase	E	ko00450,ko01100,map00450,map01100
IODOLM_02879	csdE	Cysteine desulfurase sulfur acceptor subunit CsdE	S	-
IODOLM_02880	tcdA	tRNA cyclic N6-threonylcarbamoyladenosine(37) synthase TcdA	H	-
IODOLM_02883		Amino-acid acetyltransferase	E	ko00220,ko01100,ko01110,ko01130,ko01210,ko01230,map00220,map01100,map01110,map01130,map01210,map01230
IODOLM_02884	recD	RecBCD enzyme subunit RecD	L	ko03440,map03440
IODOLM_02885	recB	RecBCD enzyme subunit RecB	L	ko03440,map03440
IODOLM_02886		Protease 3	O	-
IODOLM_02887	recC	RecBCD enzyme subunit RecC	L	ko03440,map03440
IODOLM_02888		Prepilin peptidase-dependent protein C	NU	-
IODOLM_02889	ygdB	Uncharacterized protein YgdB	S	-
IODOLM_02890		Prepilin peptidase-dependent protein B	U	-
IODOLM_02892		Thymidylate synthase	F	ko00240,ko00670,ko01100,ko01523,map00240,map00670,map01100,map01523
IODOLM_02893		Phosphatidylglycerol--prolipoprotein diacylglyceryl transferase	M	-
IODOLM_02894		Phosphoenolpyruvate-dependent phosphotransferase system	T	ko02060,map02060
IODOLM_02895		RNA pyrophosphohydrolase	L	ko03018,map03018
IODOLM_02897	mutH	DNA mismatch repair protein MutH	L	ko03430,map03430
IODOLM_02901	lplT	Lysophospholipid transporter LplT	EGP	-
IODOLM_02902		Bifunctional protein Aas	I	ko00071,ko00564,map00071,map00564
IODOLM_02903	galR	HTH-type transcriptional regulator GalR	K	-
IODOLM_02904		Diaminopimelate decarboxylase	E	ko00300,ko01100,ko01110,ko01120,ko01130,ko01230,map00300,map01100,map01110,map01120,map01130,map01230
IODOLM_02905	lysR	DNA-binding transcriptional regulator LysR	K	-
IODOLM_02906	ygeA	amino acid racemase	M	ko00250,ko01054,map00250,map01054
IODOLM_02909		4-deoxy-L-threo-5-hexosulose-uronate ketol-isomerase	G	ko00040,map00040
IODOLM_02911	yqeG	Inner membrane transport protein YqeG	E	-
IODOLM_02914		hypothetical protein	K	-
IODOLM_02917		hypothetical protein		
IODOLM_02926		Oxygen-regulated invasion protein		
IODOLM_02927	tnp	IS3 family IS2 transposase ORF B	L	-
IODOLM_02928	tnp	IS3 family IS2 transposase ORF A	L	-
IODOLM_02929	ygeQ	YgeQ protein	G	-
IODOLM_02930	ygeR	Uncharacterized lipoprotein YgeR	M	-
IODOLM_02931		Aldehyde oxidase/xanthine dehydrogenase a/b hammerhead domain-containing protein	F	ko00230,ko01100,ko01120,map00230,map01100,map01120
IODOLM_02937		putative succinyl-diaminopimelate desuccinylase	E	ko00220,ko00300,ko01100,ko01210,ko01230,map00220,map00300,map01100,map01210,map01230
IODOLM_02940	yqeB	Uncharacterized protein YqeB	O	-
IODOLM_02942		Molybdenum cofactor cytidylyltransferase	S	ko00790,map00790
IODOLM_02947	xanQ	xanthine/proton symporter XanQ	F	-
IODOLM_02948		Guanine deaminase	F	ko00230,ko01100,map00230,map01100
IODOLM_02955		Isopentenyl-diphosphate Delta-isomerase	I	ko00900,ko01100,ko01110,ko01130,map00900,map01100,map01110,map01130
IODOLM_02956		Lysine--tRNA ligase, heat inducible	J	ko00970,map00970
IODOLM_02957		Peptide chain release factor 2	J	-
IODOLM_02958	recJ	Single-stranded-DNA-specific exonuclease RecJ	L	ko03410,ko03430,ko03440,map03410,map03430,map03440
IODOLM_02961		Flavodoxin	C	-
IODOLM_02964	ygfZ	tRNA-modifying protein YgfZ	S	-
IODOLM_02966		N(4)-acetylcytidine amidohydrolase	S	-
IODOLM_02967	bglA	6-phospho-beta-glucosidase BglA	G	ko00010,ko00460,ko00500,ko00940,ko01100,ko01110,map00010,map00460,map00500,map00940,map01100,map01110
IODOLM_02971		Aminomethyltransferase	E	ko00260,ko00630,ko00670,ko01100,ko01110,ko01130,ko01200,map00260,map00630,map00670,map01100,map01110,map01130,map01200
IODOLM_02972		2-octaprenylphenol hydroxylase	CH	ko00130,ko01100,ko01110,map00130,map01100,map01110
IODOLM_02973		2-octaprenyl-6-methoxyphenol hydroxylase	CH	ko00130,ko01100,ko01110,map00130,map01100,map01110
IODOLM_02974		Xaa-Pro aminopeptidase	E	-
IODOLM_02975	ygfB	UPF0149 family protein YgfB	S	-
IODOLM_02976	zapA	Cell division protein ZapA	D	-
IODOLM_02977		5-formyltetrahydrofolate cyclo-ligase	H	ko00670,ko01100,map00670,map01100
IODOLM_02978		D-3-phosphoglycerate dehydrogenase	E	ko00260,ko00680,ko01100,ko01120,ko01130,ko01200,ko01230,map00260,map00680,map01100,map01120,map01130,map01200,map01230
IODOLM_02981	argP	DNA-binding transcriptional regulator ArgP	K	-
IODOLM_02984		Methylmalonyl-CoA decarboxylase	I	ko00640,map00640
IODOLM_02986	ygfI	Uncharacterized HTH-type transcriptional regulator YgfI	K	-
IODOLM_02987		Oxidative stress defense protein	S	-
IODOLM_02988	argO	Arginine exporter protein ArgO	S	-
IODOLM_02989	mscS	small-conductance mechanosensitive channel MscS	M	-
IODOLM_02990		Fructose-bisphosphate aldolase class 2	F	ko00010,ko00030,ko00051,ko00680,ko00710,ko01100,ko01110,ko01120,ko01130,ko01200,ko01230,map00010,map00030,map00051,map00680,map00710,map01100,map01110,map01120,map01130,map01200,map01230
IODOLM_02991	pgk	phosphoglycerate kinase	F	ko00010,ko00710,ko01100,ko01110,ko01120,ko01130,ko01200,ko01230,map00010,map00710,map01100,map01110,map01120,map01130,map01200,map01230
IODOLM_02992		Erythrose-4-phosphate dehydrogenase	H	ko00010,ko00710,ko00750,ko01100,ko01110,ko01120,ko01130,ko01200,ko01230,ko04066,ko05010,map00010,map00710,map00750,map01100,map01110,map01120,map01130,map01200,map01230,map04066,map05010
IODOLM_02994	fumE	fumarase E	K	-
IODOLM_02995		Fructose-1,6-bisphosphatase	G	-
IODOLM_02999		hypothetical protein	G	ko00051,ko02060,map00051,map02060
IODOLM_03001		Transketolase 1	G	ko00030,ko00710,ko01051,ko01100,ko01110,ko01120,ko01130,ko01200,ko01230,map00030,map00710,map01051,map01100,map01110,map01120,map01130,map01200,map01230
IODOLM_03002	loiP	metalloprotease LoiP	O	-
IODOLM_03003		Agmatinase	E	ko00330,ko00340,ko01100,map00330,map00340,map01100
IODOLM_03005		S-adenosylmethionine synthase	H	ko00270,ko01100,ko01110,ko01230,map00270,map01100,map01110,map01230
IODOLM_03006	galP	galactose/proton symporter	EGP	-
IODOLM_03007		hypothetical protein	S	-
IODOLM_03008		Endonuclease I	L	-
IODOLM_03009		Ribosomal RNA small subunit methyltransferase E	J	-
IODOLM_03010		Glutathione synthetase	F	ko00270,ko00480,ko01100,map00270,map00480,map01100
IODOLM_03011	yqgE	UPF0301 protein YqgE	K	-
IODOLM_03012		Putative pre-16S rRNA nuclease	J	-
IODOLM_03013		Twitching motility family protein	NU	-
IODOLM_03014	yggS	pyridoxal phosphate homeostasis protein	S	-
IODOLM_03015	yggT	osmotic shock tolerance protein YggT	S	-
IODOLM_03016	yggU	UPF0235 protein YggU	S	-
IODOLM_03017		dITP/XTP pyrophosphatase	F	ko00230,map00230
IODOLM_03018	hemW	Heme chaperone HemW	H	-
IODOLM_03020		L-asparaginase 2	EJ	ko00220,ko00250,ko00460,ko00471,ko01100,ko01110,ko02020,map00220,map00250,map00460,map00471,map01100,map01110,map02020
IODOLM_03021	yggN	Uncharacterized protein YggN	S	-
IODOLM_03026		peptidoglycan lytic exotransglycosylase	M	-
IODOLM_03027		hypothetical protein	G	-
IODOLM_03028	tnp	IS4 family IS10R transposase	L	-
IODOLM_03029		hypothetical protein	M	ko05111,map05111
IODOLM_03030	pppA	prepilin peptidase PppA	NOU	ko03070,map03070
IODOLM_03031	aspS	Pilotin AspS 2	M	-
IODOLM_03036	speC	ornithine decarboxylase	E	ko00330,ko00480,ko01100,ko01110,ko01130,map00330,map00480,map01100,map01110,map01130
IODOLM_03038	tnp	IS4 family IS10R transposase	L	-
IODOLM_03040		L-lactate permease	P	-
IODOLM_03044	glcE	Glycolate oxidase subunit GlcE	C	ko00630,ko01100,ko01110,ko01120,ko01130,map00630,map01100,map01110,map01120,map01130
IODOLM_03045		FAD-binding protein	C	ko00630,ko01100,ko01110,ko01120,ko01130,map00630,map01100,map01110,map01120,map01130
IODOLM_03046		HTH gntR-type domain-containing protein	K	-
IODOLM_03055	yghU	Disulfide-bond oxidoreductase YghU	O	-
IODOLM_03056	hybG	hydrogenase maturation factor HybG	O	-
IODOLM_03057	hypA	Hydrogenase maturation factor HypA	S	-
IODOLM_03061		putative Ni/Fe-hydrogenase 2 b-type cytochrome subunit	C	-
IODOLM_03062	hybA	Hydrogenase-2 operon protein HybA	C	-
IODOLM_03063		hydrogenase (acceptor)	C	ko00633,ko01120,map00633,map01120
IODOLM_03064		DUF2623 domain-containing protein	S	-
IODOLM_03068	gpr	L-glyceraldehyde 3-phosphate reductase	C	-
IODOLM_03069	yqhA	UPF0114 protein YqhA	S	-
IODOLM_03070	yghA	NADP(+)-dependent aldehyde reductase	IQ	-
IODOLM_03071	exbD	Biopolymer transport protein ExbD	U	-
IODOLM_03072	exbB	Biopolymer transport protein ExbB	U	-
IODOLM_03073	metC	Cystathionine beta-lyase MetC	E	ko00270,ko00450,ko01100,ko01110,ko01230,map00270,map00450,map01100,map01110,map01230
IODOLM_03074	yghB	Inner membrane protein YghB	S	-
IODOLM_03076	yqhD	Alcohol dehydrogenase YqhD	C	ko00640,map00640
IODOLM_03077		2,5-diketo-D-gluconic acid reductase A	S	-
IODOLM_03080		Putative UPF0313 protein YPO0674/y3502/YP_2990	C	-
IODOLM_03081	ftsP	Cell division protein FtsP	D	-
IODOLM_03083		DNA topoisomerase 4 subunit A	L	-
IODOLM_03084	ygiS	putative deoxycholate-binding periplasmic protein YgiS	E	ko02024,map02024
IODOLM_03085	mqsA	type II toxin-antitoxin system antitoxin MqsA	K	-
IODOLM_03086	mqsR	type II toxin-antitoxin system toxin MqsR	K	-
IODOLM_03087	ygiV	putative transcriptional regulator YgiV	K	-
IODOLM_03088	ygiW	OB fold stress tolerance protein YgiW	S	-
IODOLM_03089	qseB	Transcriptional regulatory protein QseB	K	ko02020,ko02024,map02020,map02024
IODOLM_03090		histidine kinase	T	ko02020,ko02024,map02020,map02024
IODOLM_03093		DNA topoisomerase 4 subunit B	L	-
IODOLM_03095	cpdA	3',5'-cyclic adenosine monophosphate phosphodiesterase CpdA	S	ko00230,ko02025,map00230,map02025
IODOLM_03096	yqiB	Uncharacterized protein YqiB	S	-
IODOLM_03097		ADP-ribose pyrophosphatase	L	ko00230,map00230
IODOLM_03098	tolC	Outer membrane protein TolC	M	ko01501,ko01503,ko02020,ko03070,ko04626,ko05133,map01501,map01503,map02020,map03070,map04626,map05133
IODOLM_03099		UPF0441 protein SG0265	S	-
IODOLM_03100	ygiC	Putative acid--amine ligase YgiC	E	-
IODOLM_03101		4,5-DOPA dioxygenase extradiol	S	ko00965,map00965
IODOLM_03102	zupT	Zinc transporter ZupT	P	-
IODOLM_03103		3,4-dihydroxy-2-butanone 4-phosphate synthase	H	ko00740,ko00790,ko01100,ko01110,map00740,map00790,map01100,map01110
IODOLM_03106	tnp	IS3 family IS2 transposase ORF A	L	-
IODOLM_03107	tnp	IS3 family IS2 transposase ORF B	L	-
IODOLM_03110	yqiI	Uncharacterized protein YqiI	NU	-
IODOLM_03111		Surface composition regulator	S	-
IODOLM_03112	yqiJ	Inner membrane protein YqiJ	OU	-
IODOLM_03116	hldE	Bifunctional protein HldE	F	ko00540,ko01100,map00540,map01100
IODOLM_03117		Bifunctional glutamine synthetase adenylyltransferase/adenylyl-removing enzyme	H	-
IODOLM_03118	ygiF	inorganic triphosphatase	S	-
IODOLM_03119	ygiM	Uncharacterized protein YgiM	T	-
IODOLM_03121		Undecaprenyl-diphosphatase	V	ko00550,map00550
IODOLM_03122		7,8-dihydroneopterin aldolase	H	ko00790,ko01100,map00790,map01100
IODOLM_03124	ttdR	DNA-binding transcriptional activator TtdR	K	-
IODOLM_03128		tRNA N6-adenosine threonylcarbamoyltransferase	J	-
IODOLM_03131	rpoD	RNA polymerase sigma factor RpoD	K	-
IODOLM_03132		G/U mismatch-specific DNA glycosylase	L	ko03410,map03410
IODOLM_03133	nfeF	NADPH-dependent ferric chelate reductase	P	-
IODOLM_03134	nfeR	DNA-binding transcriptional regulator NfeR	K	-
IODOLM_03135	aer	aerotaxis sensor receptor Aer	T	ko02020,ko02030,map02020,map02030
IODOLM_03138	ebgR	Transcriptional regulator EbgR	K	-
IODOLM_03141		Putative amino acid permease	E	-
IODOLM_03142	ygjJ	protein YgjJ	-	-
IODOLM_03144	fadH	NADPH-dependent 2,4-dienoyl-CoA reductase	C	-
IODOLM_03150		1,5-anhydro-D-fructose reductase	S	ko00562,ko01120,map00562,map01120
IODOLM_03151	alx	TerC family membrane protein Alx	P	-
IODOLM_03152	sstT	Serine/threonine transporter SstT	E	-
IODOLM_03153	ygjV	Inner membrane protein YgjV	S	-
IODOLM_03157		Exu regulon transcriptional regulator	K	-
IODOLM_03158		VTT domain-containing protein	S	-
IODOLM_03159	mzrA	Modulator protein MzrA	S	-
IODOLM_03160	yqjC	Protein YqjC	S	-
IODOLM_03161	yqjD	Uncharacterized protein YqjD	S	-
IODOLM_03162	yqjE	Inner membrane protein YqjE	S	-
IODOLM_03163	ftsH	Cell division protein FtsH	S	-
IODOLM_03164	doxX	DoxX family protein	S	-
IODOLM_03165	yqjG	glutathionyl-hydroquinone reductase YqjG	O	-
IODOLM_03166	yhaH	Inner membrane protein YhaH	S	-
IODOLM_03167	yhaI	Inner membrane protein YhaI	S	-
IODOLM_03168	yhaJ	DNA-binding transcriptional regulator YhaJ	K	-
IODOLM_03169		Pirin-related protein	S	-
IODOLM_03171	yhaM	UPF0597 protein YhaM	S	-
IODOLM_03175	tdcE	2-ketobutyrate formate-lyase/pyruvate formate-lyase	C	ko00620,ko00640,ko00650,ko01100,ko01120,map00620,map00640,map00650,map01100,map01120
IODOLM_03176		Propionate kinase	F	ko00430,ko00620,ko00640,ko00680,ko00720,ko01100,ko01120,ko01200,map00430,map00620,map00640,map00680,map00720,map01100,map01120,map01200
IODOLM_03177	tdcC	Threonine/serine transporter TdcC	E	-
IODOLM_03179	tdcA	HTH-type transcriptional regulator TdcA	K	-
IODOLM_03180	yhaB	Uncharacterized protein YhaB		
IODOLM_03181	yhaC	YhaC family protein		
IODOLM_03182		Glycerate 3-kinase	G	ko00260,ko00561,ko00630,ko01100,ko01120,ko01130,map00260,map00561,map00630,map01100,map01120,map01130
IODOLM_03183		2-hydroxy-3-oxopropionate reductase	I	ko00280,ko00630,ko01100,map00280,map00630,map01100
IODOLM_03187	prlF	type II toxin-antitoxin system antitoxin PrlF	K	-
IODOLM_03188	yhaV	type II toxin-antitoxin system ribonuclease toxin YhaV	K	-
IODOLM_03189	agaR	aga operon transcriptional regulator AgaR	K	-
IODOLM_03193		hypothetical protein	G	ko00052,map00052
IODOLM_03195	kbaY	D-tagatose-1,6-bisphosphate aldolase subunit KbaY	F	ko00052,ko01100,map00052,map01100
IODOLM_03196		N-acetylgalactosamine-specific PTS system EIIB component 1	G	ko00052,ko02060,map00052,map02060
IODOLM_03197		N-acetylgalactosamine permease IIC component 1	G	ko00052,ko02060,map00052,map02060
IODOLM_03204		Ribosomal RNA small subunit methyltransferase I	J	-
IODOLM_03205	lpoA	penicillin-binding protein activator LpoA	M	-
IODOLM_03206	yraN	UPF0102 protein YraN	L	-
IODOLM_03207	diaA	DnaA initiator-associating protein DiaA	J	ko00540,ko01100,map00540,map01100
IODOLM_03208	dolP	Outer membrane lipoprotein DolP	S	-
IODOLM_03209		Permease	S	-
IODOLM_03210	yraR	Putative NAD(P)-binding protein YraR	GM	-
IODOLM_03212		UPF0306 protein EH105704_02_02130	S	-
IODOLM_03215	ubiT	Ubiquinone biosynthesis accessory factor UbiT	I	-
IODOLM_03216		Protease	O	ko05120,map05120
IODOLM_03218		Luciferase-like domain-containing protein	C	-
IODOLM_03219		Tryptophan-specific transport protein	E	-
IODOLM_03220	deaD	ATP-dependent RNA helicase DeaD	F	ko03018,map03018
IODOLM_03221	yrbN	Uncharacterized protein YrbN		
IODOLM_03222	nlpI	Lipoprotein NlpI	D	-
IODOLM_03223		Polyribonucleotide nucleotidyltransferase	J	ko00230,ko00240,ko03018,map00230,map00240,map03018
IODOLM_03224		Small ribosomal subunit protein uS15	J	ko03010,map03010
IODOLM_03225		tRNA pseudouridine synthase B	J	-
IODOLM_03226		Ribosome-binding factor A	J	-
IODOLM_03229	rimP	Ribosome maturation factor RimP	J	-
IODOLM_03230		Argininosuccinate synthase	F	ko00220,ko00250,ko01100,ko01110,ko01130,ko01230,ko05418,map00220,map00250,map01100,map01110,map01130,map01230,map05418
IODOLM_03232	secG	Protein-export membrane protein SecG	U	ko02024,ko03060,ko03070,map02024,map03060,map03070
IODOLM_03233		Phosphoglucosamine mutase	G	ko00520,ko01100,ko01130,map00520,map01100,map01130
IODOLM_03235	ftsH	ATP-dependent zinc metalloprotease FtsH	O	-
IODOLM_03237		CRM domain-containing protein	J	-
IODOLM_03239	dacB	D-alanyl-D-alanine carboxypeptidase DacB	M	ko00550,map00550
IODOLM_03240		GTPase ObgE/CgtA	S	-
IODOLM_03241	yhbE	Uncharacterized inner membrane transporter YhbE	EG	-
IODOLM_03242		Large ribosomal subunit protein bL27	J	ko03010,map03010
IODOLM_03243		Large ribosomal subunit protein bL21	J	ko03010,map03010
IODOLM_03244		Octaprenyl diphosphate synthase	H	ko00900,ko01110,map00900,map01110
IODOLM_03246		UDP-N-acetylglucosamine 1-carboxyvinyltransferase	M	ko00520,ko00550,ko01100,map00520,map00550,map01100
IODOLM_03247	ibaG	BolA family iron metabolism protein IbaG	K	-
IODOLM_03248		STAS domain-containing protein	S	ko02010,map02010
IODOLM_03250	mlaD	Intermembrane phospholipid transport system binding protein MlaD	Q	ko02010,map02010
IODOLM_03251	mlaE	Intermembrane phospholipid transport system permease protein MlaE	Q	ko02010,map02010
IODOLM_03253	yrbG	Inner membrane protein YrbG	P	-
IODOLM_03254		Arabinose 5-phosphate isomerase	M	ko00540,ko01100,map00540,map01100
IODOLM_03255	kdsC	3-deoxy-D-manno-octulosonate 8-phosphate phosphatase KdsC	F	ko00540,ko01100,map00540,map01100
IODOLM_03256	lptC	Lipopolysaccharide export system protein LptC	U	-
IODOLM_03257	lptA	Lipopolysaccharide export system protein LptA	S	-
IODOLM_03258	lptB	Lipopolysaccharide export system ATP-binding protein LptB	P	ko02010,map02010
IODOLM_03259		RNA polymerase sigma-54 factor	K	ko02020,ko05111,map02020,map05111
IODOLM_03260		Ribosome hibernation promoting factor	J	-
IODOLM_03261		Nitrogen regulatory protein	G	ko02060,map02060
IODOLM_03263		Phosphocarrier protein NPr	G	ko02060,map02060
IODOLM_03264	yrbL	Uncharacterized protein YrbL	KLT	-
IODOLM_03265		Biosynthetic peptidoglycan transglycosylase	M	ko00550,map00550
IODOLM_03266	elbB	Glyoxalase ElbB	Q	-
IODOLM_03267	arcB	Aerobic respiration control sensor protein ArcB	T	ko02020,ko02026,map02020,map02026
IODOLM_03269		Glutamate synthase [NADPH] large chain	E	ko00250,ko00910,ko01100,ko01110,ko01120,ko01130,ko01230,map00250,map00910,map01100,map01110,map01120,map01130,map01230
IODOLM_03270	gltD	glutamate synthase subunit GltD	C	ko00250,ko00910,ko01100,ko01110,ko01120,ko01130,ko01230,map00250,map00910,map01100,map01110,map01120,map01130,map01230
IODOLM_03271	gltF	Protein GltF	NU	-
IODOLM_03272		Fimbrial chaperone protein	NU	-
IODOLM_03273	yhcD	Uncharacterized outer membrane usher protein YhcD	NU	-
IODOLM_03274		hypothetical protein	P	-
IODOLM_03276		hypothetical protein	P	-
IODOLM_03277		hypothetical protein	NU	-
IODOLM_03278		Protein	S	-
IODOLM_03279	nanQ	N-acetylneuraminate anomerase NanQ	G	-
IODOLM_03280	nanK	N-acetylmannosamine kinase	F	ko00010,ko00052,ko00500,ko00520,ko00521,ko00524,ko01100,ko01110,ko01120,ko01130,ko01200,map00010,map00052,map00500,map00520,map00521,map00524,map01100,map01110,map01120,map01130,map01200
IODOLM_03282	nanT	sialic acid transporter NanT	EGP	-
IODOLM_03284	nanR	transcriptional regulator NanR	K	-
IODOLM_03288		Small ribosomal subunit protein uS9	J	ko03010,map03010
IODOLM_03289		Large ribosomal subunit protein uL13	J	ko03010,map03010
IODOLM_03290	zapE	cell division protein ZapE	D	-
IODOLM_03291		Z-ring associated protein G	S	-
IODOLM_03292		peptidase Do	M	ko01503,ko02020,map01503,map02020
IODOLM_03293	degS	Serine endoprotease DegS	O	-
IODOLM_03294		Malate dehydrogenase	C	ko00020,ko00270,ko00620,ko00630,ko00680,ko00710,ko00720,ko01100,ko01110,ko01120,ko01130,ko01200,map00020,map00270,map00620,map00630,map00680,map00710,map00720,map01100,map01110,map01120,map01130,map01200
IODOLM_03296		hypothetical protein	S	-
IODOLM_03300	aaeX	Protein AaeX	S	-
IODOLM_03301	aaeR	HTH-type transcriptional activator AaeR	K	-
IODOLM_03302		Metalloprotease TldD-like protein	S	-
IODOLM_03304		Ribonuclease G	J	-
IODOLM_03306	mreD	Rod shape-determining protein MreD	M	-
IODOLM_03307	mreC	Cell shape-determining protein MreC	M	-
IODOLM_03309	csrD	RNase E specificity factor CsrD	T	-
IODOLM_03312		Biotin carboxylase	I	ko00061,ko00620,ko00640,ko00720,ko01100,ko01110,ko01120,ko01130,ko01200,ko01212,map00061,map00620,map00640,map00720,map01100,map01110,map01120,map01130,map01200,map01212
IODOLM_03314		Sodium/pantothenate symporter	H	-
IODOLM_03315		Ribosomal protein L11 methyltransferase	J	-
IODOLM_03316		tRNA-dihydrouridine synthase B	J	-
IODOLM_03317		DNA-binding protein Fis	K	ko05111,map05111
IODOLM_03318		Methyltransferase	L	-
IODOLM_03322	acrF	multidrug efflux RND transporter permease subunit AcrF	U	ko01501,ko01503,map01501,map01503
IODOLM_03329		ABC transporter domain-containing protein	P	ko02010,ko02020,map02010,map02020
IODOLM_03331		Transferase	S	-
IODOLM_03332	yrdB	Uncharacterized protein YrdB	S	-
IODOLM_03333		Shikimate dehydrogenase (NADP(+))	E	ko00400,ko01100,ko01110,ko01130,ko01230,map00400,map01100,map01110,map01130,map01230
IODOLM_03334		Threonylcarbamoyl-AMP synthase	J	-
IODOLM_03335	yrdD	Uncharacterized protein YrdD	L	-
IODOLM_03336		Protein Smg	S	-
IODOLM_03337		Protein Smf	LU	-
IODOLM_03338		Peptide deformylase	J	-
IODOLM_03339		Methionyl-tRNA formyltransferase	J	ko00670,ko00970,map00670,map00970
IODOLM_03341	trkA	Trk system potassium uptake protein TrkA	P	-
IODOLM_03342		Large-conductance mechanosensitive channel	M	-
IODOLM_03343	arfA	alternative ribosome-rescue factor ArfA	S	-
IODOLM_03344	zntR	HTH-type transcriptional regulator ZntR	K	-
IODOLM_03345		DnaJ-like ue subfamily C member 28 conserved domain-containing protein	S	-
IODOLM_03346		Large ribosomal subunit protein bL17	J	ko03010,map03010
IODOLM_03347		DNA-directed RNA polymerase subunit alpha	K	ko00230,ko00240,ko01100,ko03020,map00230,map00240,map01100,map03020
IODOLM_03348		Small ribosomal subunit protein uS4	J	ko03010,map03010
IODOLM_03349		Small ribosomal subunit protein uS11	J	ko03010,map03010
IODOLM_03350		Small ribosomal subunit protein uS13	J	ko03010,map03010
IODOLM_03352	secY	Protein translocase subunit SecY	U	ko02024,ko03060,ko03070,map02024,map03060,map03070
IODOLM_03353		Large ribosomal subunit protein uL15	J	ko03010,map03010
IODOLM_03355		Small ribosomal subunit protein uS5	J	ko03010,map03010
IODOLM_03358		Small ribosomal subunit protein uS8	J	ko03010,map03010
IODOLM_03361		Large ribosomal subunit protein uL24	J	ko03010,map03010
IODOLM_03362		Large ribosomal subunit protein uL14	J	ko03010,map03010
IODOLM_03363		Small ribosomal subunit protein uS17	J	ko03010,map03010
IODOLM_03364		Large ribosomal subunit protein uL29	J	ko03010,map03010
IODOLM_03365		Large ribosomal subunit protein uL16	J	ko03010,map03010
IODOLM_03366		Small ribosomal subunit protein uS3	J	ko03010,map03010
IODOLM_03367		Large ribosomal subunit protein uL22	J	ko03010,map03010
IODOLM_03368		Small ribosomal subunit protein uS19	J	ko03010,map03010
IODOLM_03369		Large ribosomal subunit protein uL2	J	ko03010,map03010
IODOLM_03370		Large ribosomal subunit protein uL23	J	ko03010,map03010
IODOLM_03371		Large ribosomal subunit protein uL4	J	ko03010,map03010
IODOLM_03372		Large ribosomal subunit protein uL3	J	ko03010,map03010
IODOLM_03373		Small ribosomal subunit protein uS10	J	ko03010,map03010
IODOLM_03376		Putative type II secretion system protein C	U	ko03070,ko05111,map03070,map05111
IODOLM_03377	gspD	Type II secretion system protein GspD	NU	ko03070,ko05111,map03070,map05111
IODOLM_03378		Type II traffic warden ATPase	NU	ko03070,ko05111,map03070,map05111
IODOLM_03391		hypothetical protein	G	ko00520,ko01100,map00520,map01100
IODOLM_03392		Elongation factor Tu 1	J	-
IODOLM_03393		Elongation factor G	J	-
IODOLM_03394		Small ribosomal subunit protein uS7	J	ko03010,map03010
IODOLM_03395		Small ribosomal subunit protein uS12	J	ko03010,map03010
IODOLM_03396	tusB	Protein TusB	J	ko04122,map04122
IODOLM_03397	tusC	Protein TusC	J	ko04122,map04122
IODOLM_03398	tusD	Sulfurtransferase TusD	J	ko04122,map04122
IODOLM_03399	yheO	Uncharacterized protein YheO	S	-
IODOLM_03400		Peptidyl-prolyl cis-trans isomerase	O	-
IODOLM_03401	slyX	Protein SlyX	S	-
IODOLM_03402	slyD	FKBP-type peptidyl-prolyl cis-trans isomerase SlyD	O	-
IODOLM_03403		Putative cytoplasmic protein	S	-
IODOLM_03404	kefB	Glutathione-regulated potassium-efflux system protein KefB	P	-
IODOLM_03406		ABC transporter ATP-binding protein	S	-
IODOLM_03407		AB hydrolase-1 domain-containing protein	S	-
IODOLM_03408		UPF0270 protein VC_2612	S	-
IODOLM_03410	osmC	OsmC family protein	O	-
IODOLM_03418	tsgA	Protein TsgA	G	-
IODOLM_03419	nirB	NADPH-nitrite reductase large subunit	C	ko00910,ko01120,map00910,map01120
IODOLM_03422		Siroheme synthase	H	ko00860,ko01100,ko01110,ko01120,map00860,map01100,map01110,map01120
IODOLM_03423		Outer membrane lipoprotein	S	-
IODOLM_03428		putative fructoselysine utilization operon transcriptional repressor	K	-
IODOLM_03437		Tryptophan--tRNA ligase	J	ko00970,map00970
IODOLM_03440		DNA adenine methylase	L	ko03430,map03430
IODOLM_03442		3-dehydroquinate synthase	E	ko00400,ko01100,ko01110,ko01130,ko01230,map00400,map01100,map01110,map01130,map01230
IODOLM_03443		Shikimate kinase	F	ko00400,ko01100,ko01110,ko01130,ko01230,map00400,map01100,map01110,map01130,map01230
IODOLM_03448	hofM	DNA utilization protein HofM	NU	-
IODOLM_03449		Penicillin-binding protein 1A	M	ko00550,ko01100,ko01501,map00550,map01100,map01501
IODOLM_03451	igaA	intracellular growth attenuator protein IgaA	S	-
IODOLM_03452		GMP/IMP nucleotidase	S	ko00230,ko00240,ko00760,ko01100,ko01110,map00230,map00240,map00760,map01100,map01110
IODOLM_03453		Heat shock protein 15	J	-
IODOLM_03454		33 kDa chaperonin	O	-
IODOLM_03458	ompR	DNA-binding dual transcriptional regulator OmpR	K	ko02020,ko02026,map02020,map02026
IODOLM_03459	greB	Transcription elongation factor GreB	K	-
IODOLM_03460		Transcription accessory protein	K	-
IODOLM_03462		Ferrous iron transport protein B	P	-
IODOLM_03463	feoC	putative [Fe-S]-dependent transcriptional repressor FeoC	K	-
IODOLM_03464		Transposase (putative) YhgA-like domain-containing protein	S	-
IODOLM_03465		Pimeloyl-[acyl-carrier protein] methyl ester esterase	S	ko00780,ko01100,map00780,map01100
IODOLM_03466	yhgH	DNA utilization protein YhgH	S	-
IODOLM_03468		High-affinity gluconate transporter	P	-
IODOLM_03469		4-alpha-glucanotransferase	G	ko00500,ko01100,map00500,map01100
IODOLM_03470		Maltodextrin phosphorylase	G	ko00500,ko01100,ko01110,ko02026,ko04217,ko04910,ko04922,ko04931,map00500,map01100,map01110,map02026,map04217,map04910,map04922,map04931
IODOLM_03471	malT	HTH-type transcriptional regulator MalT	K	-
IODOLM_03472		RNA 3'-terminal phosphate cyclase	A	-
IODOLM_03473	rtcB	RNA-splicing ligase RtcB	S	-
IODOLM_03475		DeoR/GlpR family transcriptional regulator	K	-
IODOLM_03476		Rhomboid protease GlpG-like protein	S	-
IODOLM_03478		Aerobic glycerol-3-phosphate dehydrogenase	C	ko00564,ko01110,map00564,map01110
IODOLM_03480		Alpha-1,4 glucan phosphorylase	G	ko00500,ko01100,ko01110,ko02026,ko04217,ko04910,ko04922,ko04931,map00500,map01100,map01110,map02026,map04217,map04910,map04922,map04931
IODOLM_03481		Glycogen synthase	F	ko00500,ko01100,ko01110,ko02026,map00500,map01100,map01110,map02026
IODOLM_03482		Glucose-1-phosphate adenylyltransferase	F	ko00500,ko00520,ko01100,ko01110,ko02026,map00500,map00520,map01100,map01110,map02026
IODOLM_03483		Glycogen debranching enzyme	G	ko00500,ko01100,ko01110,map00500,map01100,map01110
IODOLM_03484	glgB	1,4-alpha-glucan branching enzyme GlgB	G	ko00500,ko01100,ko01110,map00500,map01100,map01110
IODOLM_03485		Aspartate-semialdehyde dehydrogenase	E	ko00260,ko00261,ko00270,ko00300,ko01100,ko01110,ko01120,ko01130,ko01210,ko01230,map00260,map00261,map00270,map00300,map01100,map01110,map01120,map01130,map01210,map01230
IODOLM_03487		Low-affinity gluconate transporter	P	-
IODOLM_03492	aaaT	L-amino acid N-acetyltransferase AaaT	M	-
IODOLM_03495	tnp	IS1 family IS1A transposase ORF A	L	-
IODOLM_03496		IS1 transposase	L	-
IODOLM_03498	yrhB	Uncharacterized protein YrhB	S	-
IODOLM_03499		Glutathione hydrolase proenzyme	M	ko00430,ko00460,ko00480,ko01100,map00430,map00460,map00480,map01100
IODOLM_03500	yhhA	Uncharacterized protein YhhA	S	-
IODOLM_03501		Glycerophosphoryl diester phosphodiesterase	C	ko00564,map00564
IODOLM_03502	ugpC	sn-glycerol 3-phosphate ABC transporter ATP binding protein UgpC	P	ko02010,map02010
IODOLM_03503	ugpE	sn-glycerol-3-phosphate transport system permease protein UgpE	G	ko02010,map02010
IODOLM_03504	ugpA	sn-glycerol-3-phosphate transport system permease protein UgpA	G	ko02010,map02010
IODOLM_03505	ugpB	sn-glycerol-3-phosphate-binding periplasmic protein UgpB	P	ko02010,map02010
IODOLM_03506	braG	High-affinity branched-chain amino acid transport ATP-binding protein BraG	P	ko02010,ko02024,map02010,map02024
IODOLM_03508	livM	branched chain amino acid ABC transporter permease LivM	P	ko02010,ko02024,map02010,map02024
IODOLM_03509	livH	High-affinity branched-chain amino acid transport system permease protein LivH	E	ko02010,ko02024,map02010,map02024
IODOLM_03510	livK	high-affinity branched-chain amino acid ABC transporter substrate-binding protein LivK	E	ko02010,ko02024,map02010,map02024
IODOLM_03511	panD	PanD regulatory factor	K	-
IODOLM_03512	livJ	branched chain amino acid ABC transporter substrate-binding protein LivJ	E	ko02010,ko02024,map02010,map02024
IODOLM_03514	ftsX	Cell division protein FtsX	D	ko02010,map02010
IODOLM_03515	ftsE	Cell division ATP-binding protein FtsE	D	ko02010,map02010
IODOLM_03516		Cell division protein	D	ko02024,ko03060,ko03070,map02024,map03060,map03070
IODOLM_03517		Ribosomal RNA small subunit methyltransferase D	J	-
IODOLM_03519		DUF2500 domain-containing protein	S	-
IODOLM_03520	yhhN	YhhN family protein	S	-
IODOLM_03521		Zinc/cadmium/lead-transporting P-type ATPase	P	-
IODOLM_03522	tusA	Sulfur carrier protein TusA	J	ko04122,map04122
IODOLM_03523		putative queuosine precursor transporter	U	-
IODOLM_03524	dcrB	phage sensitivity protein DcrB	S	-
IODOLM_03525	yhhS	Uncharacterized MFS-type transporter YhhS	EGP	-
IODOLM_03527	acpT	4'-phosphopantetheinyl transferase AcpT	H	ko00770,map00770
IODOLM_03528		Nickel-binding periplasmic protein	E	ko02010,ko02024,map02010,map02024
IODOLM_03538		Transport permease protein	V	-
IODOLM_03539	rbbA	ribosome-associated ATPase/putative transporter RbbA	V	-
IODOLM_03540		Membrane fusion protein biotin-lipoyl like domain-containing protein	M	-
IODOLM_03541	yhiJ	Uncharacterized protein YhiJ	S	-
IODOLM_03544	yhiM	Inner membrane protein YhiM	S	-
IODOLM_03545		BaiN-like insert domain-containing protein	S	-
IODOLM_03546		Phosphate transporter	P	-
IODOLM_03547		Universal stress protein B	S	-
IODOLM_03548		Universal stress A-like protein	T	-
IODOLM_03550		Ribosomal RNA small subunit methyltransferase J	J	-
IODOLM_03551		oligopeptidase A	E	-
IODOLM_03553		Glutathione reductase	C	ko00480,ko04918,map00480,map04918
IODOLM_03558		hypothetical protein	-	-
IODOLM_03560	slp	outer membrane lipoprotein Slp	M	-
IODOLM_03561	dctR	HTH-type transcriptional regulator DctR	K	-
IODOLM_03562	yhiD	Uncharacterized protein YhiD	S	-
IODOLM_03565	hdeD	acid-resistance protein HdeD	S	-
IODOLM_03566	gadE	acid resistance transcriptional activator GadE	K	-
IODOLM_03568	mdtE	Multidrug resistance protein mdtE	M	-
IODOLM_03570	gadW	acid resistance transcriptional activator GadW	K	-
IODOLM_03571	gadX	acid resistance transcriptional activator GadX	K	-
IODOLM_03575		HTH luxR-type domain-containing protein	K	-
IODOLM_03576	yhjC	Uncharacterized HTH-type transcriptional regulator YhjC	K	-
IODOLM_03582		Protein YhjJ, putative peptidase	S	-
IODOLM_03583	dctC	C4-dicarboxylate transporter DctC	C	ko02020,map02020
IODOLM_03584	pdeK	putative cyclic di-GMP phosphodiesterase PdeK	T	-
IODOLM_03586		Endoglucanase	G	-
IODOLM_03587		Cyclic di-GMP-binding protein	M	ko00500,ko01100,ko02026,map00500,map01100,map02026
IODOLM_03588		Cellulose synthase catalytic subunit [UDP-forming]	M	ko00500,ko01100,ko02026,map00500,map01100,map02026
IODOLM_03589	yhjQ	Cellulose synthase operon protein YhjQ	D	-
IODOLM_03591	bcsE	Cyclic di-GMP binding protein BcsE	S	-
IODOLM_03592	bcsF	Cellulose biosynthesis protein BcsF	S	-
IODOLM_03598	dppC	Dipeptide transport system permease protein DppC	EP	ko02010,map02010
IODOLM_03601		Kdo(2)-lipid A phosphoethanolamine 7''-transferase	S	ko00540,ko01503,map00540,map01503
IODOLM_03602		Transporter	P	-
IODOLM_03603	yhjY	Uncharacterized protein YhjY	N	-
IODOLM_03606	bisC	biotin sulfoxide reductase	C	ko00450,ko00780,ko00920,ko01100,ko02020,map00450,map00780,map00920,map01100,map02020
IODOLM_03607	yiaD	putative lipoprotein YiaD	M	-
IODOLM_03608		2-ketogluconate reductase (2-ketoaldonate reductase)	CH	ko00030,ko00260,ko00480,ko00620,ko00630,ko01100,ko01110,ko01120,map00030,map00260,map00480,map00620,map00630,map01100,map01110,map01120
IODOLM_03609	yiaF	Uncharacterized protein YiaF	S	-
IODOLM_03610		HTH cro/C1-type domain-containing protein	K	-
IODOLM_03613	tnp	IS3 family IS150 transposase ORF A	L	-
IODOLM_03614		Integrase catalytic domain-containing protein	L	-
IODOLM_03615		Glycine--tRNA ligase beta subunit	J	ko00970,map00970
IODOLM_03616		Glycine--tRNA ligase alpha subunit	J	ko00970,map00970
IODOLM_03617	ysaB	Uncharacterized lipoprotein YsaB	S	-
IODOLM_03619		YiaAB two helix domain-containing protein	S	-
IODOLM_03620		Inner membrane protein	S	-
IODOLM_03621		Xylulose kinase	F	ko00040,ko01100,map00040,map01100
IODOLM_03622		Xylose isomerase	G	ko00040,ko00051,ko01100,map00040,map00051,map01100
IODOLM_03626	xylR	DNA-binding transcriptional regulator XylR	K	-
IODOLM_03627		Protein bax	S	-
IODOLM_03628		Periplasmic alpha-amylase	G	ko00500,ko01100,ko04973,map00500,map01100,map04973
IODOLM_03629		Valine--pyruvate aminotransferase	E	ko00290,ko01100,ko01110,ko01130,map00290,map01100,map01110,map01130
IODOLM_03630	hydN	Electron transport protein HydN	C	ko00633,ko00680,ko00720,ko01120,ko01200,map00633,map00680,map00720,map01120,map01200
IODOLM_03642	yiaU	Uncharacterized HTH-type transcriptional regulator YiaU	K	-
IODOLM_03646	aldB	aldehyde dehydrogenase AldB	C	ko00010,ko00620,ko01100,ko01110,ko01120,map00010,map00620,map01100,map01110,map01120
IODOLM_03647		Putative alcohol dehydrogenase	C	ko00010,ko00071,ko00350,ko00625,ko00626,ko01100,ko01110,ko01120,ko01130,ko01220,map00010,map00071,map00350,map00625,map00626,map01100,map01110,map01120,map01130,map01220
IODOLM_03648		Selenocysteine-specific elongation factor	J	-
IODOLM_03649		L-seryl-tRNA(Sec) selenium transferase	J	ko00450,ko00970,map00450,map00970
IODOLM_03650	yibF	Uncharacterized GST-like protein YibF	O	ko00480,ko00980,ko00982,ko00983,ko01524,ko05200,ko05204,ko05225,ko05418,map00480,map00980,map00982,map00983,map01524,map05200,map05204,map05225,map05418
IODOLM_03660		Cytoplasmic protein	S	-
IODOLM_03661	yibL	Uncharacterized protein YibL	S	-
IODOLM_03662		L-lactate permease	C	-
IODOLM_03663		Putative L-lactate dehydrogenase operon regulatory protein	K	-
IODOLM_03664	lldD	quinone-dependent L-lactate dehydrogenase	C	ko00620,ko01100,map00620,map01100
IODOLM_03666		Serine acetyltransferase	E	ko00270,ko00920,ko01100,ko01110,ko01120,ko01200,ko01230,ko05111,map00270,map00920,map01100,map01110,map01120,map01200,map01230,map05111
IODOLM_03671		2,3-bisphosphoglycerate-independent phosphoglycerate mutase	F	ko00010,ko00260,ko00680,ko01100,ko01110,ko01120,ko01130,ko01200,ko01230,map00010,map00260,map00680,map01100,map01110,map01120,map01130,map01200,map01230
IODOLM_03672		hypothetical protein	D	-
IODOLM_03673		Putative divergent polysaccharide deacetylase	S	-
IODOLM_03674	waaH	UDP-glucuronate:LPS(HepIII) glycosyltransferase	S	-
IODOLM_03676		2-amino-3-ketobutyrate coenzyme A ligase	H	ko00260,map00260
IODOLM_03677	yibB	Protein YibB	S	-
IODOLM_03678		ADP-L-glycero-D-manno-heptose-6-epimerase	F	ko00540,ko01100,map00540,map01100
IODOLM_03679		Lipopolysaccharide heptosyltransferase 2	M	ko00540,ko01100,map00540,map01100
IODOLM_03680		Lipopolysaccharide heptosyltransferase 1	M	ko00540,ko01100,map00540,map01100
IODOLM_03681	waaL	O-antigen ligase	M	ko00540,ko01100,map00540,map01100
IODOLM_03682		Putative lipopolysaccharide heptosyltransferase 4	M	ko00540,ko01100,map00540,map01100
IODOLM_03683		putative 3-deoxy-manno-octulosonic acid transferase	J	ko00540,map00540
IODOLM_03684	waaY	Lipopolysaccharide core heptose(II) kinase WaaY	T	ko00540,ko01100,map00540,map01100
IODOLM_03685	rfaJ	lipopolysaccharide 1,2-glucosyltransferase RfaJ	M	ko00540,ko01100,map00540,map01100
IODOLM_03687		Lipopolysaccharide 1,6-galactosyltransferase	M	ko00540,ko01100,map00540,map01100
IODOLM_03688	rfaS	LPS core biosynthesis protein RfaS	M	-
IODOLM_03689		Lipopolysaccharide core heptose(I) kinase	F	ko00540,ko01100,map00540,map01100
IODOLM_03690	rfaG	lipopolysaccharide glucosyltransferase I	M	ko00540,ko01100,map00540,map01100
IODOLM_03691		Lipopolysaccharide heptosyltransferase 3	M	ko00540,ko01100,map00540,map01100
IODOLM_03694		Formamidopyrimidine-DNA glycosylase	L	ko03410,map03410
IODOLM_03695		Large ribosomal subunit protein bL33	J	ko03010,map03010
IODOLM_03696		Large ribosomal subunit protein bL28	J	ko03010,map03010
IODOLM_03697		UPF0758 protein EBL_c39110	E	-
IODOLM_03698		Coenzyme A biosynthesis bifunctional protein CoaBC	F	ko00770,ko01100,map00770,map01100
IODOLM_03699		Deoxyuridine 5'-triphosphate nucleotidohydrolase	F	ko00240,ko00983,ko01100,map00240,map00983,map01100
IODOLM_03701		Orotate phosphoribosyltransferase	F	ko00240,ko01100,map00240,map01100
IODOLM_03703	yicC	Endoribonuclease YicC	S	-
IODOLM_03705		Glycine transporter domain-containing protein	S	-
IODOLM_03706		DNA ligase B	L	ko03030,ko03410,ko03420,ko03430,map03030,map03410,map03420,map03430
IODOLM_03708		DNA-directed RNA polymerase subunit omega	K	ko00230,ko00240,ko01100,ko03020,map00230,map00240,map01100,map03020
IODOLM_03709		Guanosine-3',5'-bis(diphosphate) 3'-pyrophosphohydrolase	F	ko00230,map00230
IODOLM_03710		tRNA (guanosine(18)-2'-O)-methyltransferase	J	-
IODOLM_03711	recG	ATP-dependent DNA helicase RecG	L	ko03440,map03440
IODOLM_03713	xanP	xanthine/proton symporter XanP	F	-
IODOLM_03714	asmA	AsmA domain-containing protein	M	-
IODOLM_03715		Alpha-xylosidase	G	-
IODOLM_03717		Sugar efflux transporter B	P	-
IODOLM_03718	yicL	Uncharacterized inner membrane transporter YicL	EG	-
IODOLM_03719		Lipoprotein 28	M	ko02010,map02010
IODOLM_03720	yicS	Uncharacterized protein YicS	-	-
IODOLM_03721	nepI	Purine ribonucleoside efflux pump NepI	EGP	-
IODOLM_03724		Adenine deaminase	F	ko00230,ko01100,map00230,map01100
IODOLM_03725		Hexose-6-phosphate:phosphate antiporter	P	ko02020,map02020
IODOLM_03726	uhpC	MFS transporter family glucose-6-phosphate receptor UhpC	G	ko02020,map02020
IODOLM_03727	uhpB	Signal transduction histidine-protein kinase/phosphatase UhpB	T	ko02020,ko02024,map02020,map02024
IODOLM_03728	uhpA	Transcriptional regulatory protein UhpA	K	ko02020,ko02024,ko02025,ko02026,ko05111,map02020,map02024,map02025,map02026,map05111
IODOLM_03729		hypothetical protein	E	ko00290,ko00650,ko00660,ko00770,ko01100,ko01110,ko01130,ko01210,ko01230,map00290,map00650,map00660,map00770,map01100,map01110,map01130,map01210,map01230
IODOLM_03730		Acetolactate synthase	H	ko00290,ko00650,ko00660,ko00770,ko01100,ko01110,ko01130,ko01210,ko01230,map00290,map00650,map00660,map00770,map01100,map01110,map01130,map01210,map01230
IODOLM_03731	tisB	Small toxic protein TisB		
IODOLM_03733		Sulfur metabolism regulator	K	-
IODOLM_03734		DUF202 domain-containing protein	S	-
IODOLM_03735		DUF202 domain-containing protein	S	-
IODOLM_03746	ibpB	Small heat shock protein IbpB	O	-
IODOLM_03747	ibpA	Small heat shock protein IbpA	O	-
IODOLM_03748		hypothetical protein	S	-
IODOLM_03749		Putative Dipeptidyl aminopeptidases /acylaminoacyl-peptidase	U	-
IODOLM_03752		D-galactonate dehydratase	M	ko00052,ko01100,ko01120,map00052,map01100,map01120
IODOLM_03753	dgoA	2-dehydro-3-deoxy-6-phosphogalactonate aldolase	G	ko00052,ko01100,map00052,map01100
IODOLM_03754	dgoK	2-dehydro-3-deoxygalactonokinase	G	ko00052,ko01100,map00052,map01100
IODOLM_03755	dgoR	D-galactonate utilization transcriptional regulator DgoR	K	-
IODOLM_03757	yidA	Sugar phosphatase YidA	S	-
IODOLM_03758	yidB	Uncharacterized protein YidB	S	-
IODOLM_03760	recF	DNA replication and repair protein RecF	L	ko03440,map03440
IODOLM_03762	dnaA	Chromosomal replication initiator protein DnaA	L	ko02020,ko04112,map02020,map04112
IODOLM_03763	ysdD	Protein YsdD		
IODOLM_03764		Large ribosomal subunit protein bL34	J	ko03010,map03010
IODOLM_03765		Ribonuclease P protein component	J	-
IODOLM_03769		Aromatic amino acid permease	E	-
IODOLM_03772	yieE	Uncharacterized protein YieE	H	-
IODOLM_03773	yieF	class I chromate reductase YieF	S	-
IODOLM_03775		6-phosphogluconate phosphatase	S	-
IODOLM_03776	cbrB	Inner membrane protein CbrB	-	-
IODOLM_03777	cbrC	UPF0167 protein CbrC	S	-
IODOLM_03779	yieL	Uncharacterized protein YieL	P	-
IODOLM_03780	bglH	carbohydrate-specific porin BglH	M	-
IODOLM_03785	pstB	Phosphate import ATP-binding protein PstB	P	ko02010,map02010
IODOLM_03787	pstC	Phosphate transport system permease protein PstC	P	ko02010,map02010
IODOLM_03788	pstS	Phosphate-binding protein PstS	P	ko02010,ko02020,ko05152,map02010,map02020,map05152
IODOLM_03789		Glutamine--fructose-6-phosphate aminotransferase [isomerizing]	M	ko00250,ko00520,ko01100,ko01130,ko04931,map00250,map00520,map01100,map01130,map04931
IODOLM_03790	glmU	Bifunctional protein GlmU	M	ko00520,ko01100,ko01130,map00520,map01100,map01130
IODOLM_03791		ATP synthase epsilon chain	C	ko00190,ko00195,ko01100,map00190,map00195,map01100
IODOLM_03792		ATP synthase subunit beta	F	ko00190,ko00195,ko01100,map00190,map00195,map01100
IODOLM_03793		ATP synthase gamma chain	C	ko00190,ko00195,ko01100,map00190,map00195,map01100
IODOLM_03794		ATP synthase subunit alpha	F	ko00190,ko00195,ko01100,map00190,map00195,map01100
IODOLM_03798		ATP synthase subunit a	C	ko00190,ko00195,ko01100,map00190,map00195,map01100
IODOLM_03800		Ribosomal RNA small subunit methyltransferase G	J	-
IODOLM_03801	mnmG	tRNA uridine 5-carboxymethylaminomethyl modification enzyme MnmG	D	-
IODOLM_03802	mioC	Protein MioC	C	-
IODOLM_03803	asnC	Regulatory protein AsnC	K	-
IODOLM_03804		Aspartate--ammonia ligase	F	ko00250,ko00460,ko01100,ko01110,ko01230,map00250,map00460,map01100,map01110,map01230
IODOLM_03808		D-ribose pyranase	G	ko02010,map02010
IODOLM_03809		Ribose ABC transport system	P	ko02010,map02010
IODOLM_03810	rbsC	Ribose transport system permease protein rbsC	G	ko02010,map02010
IODOLM_03812		Ribokinase	F	ko00030,map00030
IODOLM_03814	tnp	IS3 family IS2 transposase ORF B	L	-
IODOLM_03815	tnp	IS3 family IS2 transposase ORF A	L	-
IODOLM_03818	yieP	Uncharacterized HTH-type transcriptional regulator YieP	K	-
IODOLM_03820	hdfR	HTH-type transcriptional regulator HdfR	K	-
IODOLM_03821	maoP	macrodomain Ori organization protein MaoP	S	-
IODOLM_03824	ilvX	Uncharacterized protein IlvX		
IODOLM_03825		Acetolactate synthase isozyme 1 large subunit	H	ko00290,ko00650,ko00660,ko00770,ko01100,ko01110,ko01130,ko01210,ko01230,map00290,map00650,map00660,map00770,map01100,map01110,map01130,map01210,map01230
IODOLM_03826		Acetolactate synthase large subunit	H	ko00290,ko00650,ko00660,ko00770,ko01100,ko01110,ko01130,ko01210,ko01230,map00290,map00650,map00660,map00770,map01100,map01110,map01130,map01210,map01230
IODOLM_03827		Acetolactate synthase 2 small subunit	E	ko00290,ko00650,ko00660,ko00770,ko01100,ko01110,ko01130,ko01210,ko01230,map00290,map00650,map00660,map00770,map01100,map01110,map01130,map01210,map01230
IODOLM_03828		Branched-chain-amino-acid aminotransferase	E	ko00270,ko00280,ko00290,ko00770,ko01100,ko01110,ko01130,ko01210,ko01230,map00270,map00280,map00290,map00770,map01100,map01110,map01130,map01210,map01230
IODOLM_03831		DNA-binding transcriptional dual regulator	K	-
IODOLM_03832		Ketol-acid reductoisomerase (NADP(+))	EH	ko00290,ko00770,ko01100,ko01110,ko01130,ko01210,ko01230,map00290,map00770,map01100,map01110,map01130,map01210,map01230
IODOLM_03835		ATP-dependent DNA helicase Rep	L	ko03420,ko03430,map03420,map03430
IODOLM_03836		Guanosine-5'-triphosphate,3'-diphosphate pyrophosphatase	F	ko00230,map00230
IODOLM_03837	rhlB	ATP-dependent RNA helicase RhlB	JKL	ko03018,map03018
IODOLM_03838		Thioredoxin	O	ko04621,ko05418,map04621,map05418
IODOLM_03839		Transcription termination factor Rho	K	ko03018,map03018
IODOLM_03840		hypothetical protein	-	-
IODOLM_03843		UDP-N-acetylglucosamine 2-epimerase	M	ko00520,ko01100,ko05111,map00520,map01100,map05111
IODOLM_03844		NDP-N-acetyl-D-galactosaminuronic acid dehydrogenase	M	ko00520,ko05111,map00520,map05111
IODOLM_03845		dTDP-glucose 4,6-dehydratase	M	ko00521,ko00523,ko00525,ko01055,ko01130,map00521,map00523,map00525,map01055,map01130
IODOLM_03846		Glucose-1-phosphate thymidylyltransferase 1	H	ko00521,ko00523,ko00525,ko01130,map00521,map00523,map00525,map01130
IODOLM_03847		dTDP-fucosamine acetyltransferase	K	-
IODOLM_03848		dTDP-4-amino-4,6-dideoxygalactose transaminase	E	-
IODOLM_03849		Lipid III flippase	U	-
IODOLM_03850		TDP-N-acetylfucosamine:lipid II N-acetylfucosaminyltransferase	C	-
IODOLM_03852		Lipopolysaccharide N-acetylmannosaminouronosyltransferase	M	-
IODOLM_03854	aslB	Anaerobic sulfatase-maturating enzyme-like protein AslB	C	-
IODOLM_03857		Uroporphyrinogen-III C-methyltransferase	H	ko00860,ko01100,ko01110,ko01120,map00860,map01100,map01110,map01120
IODOLM_03858		Uroporphyrinogen-III synthase	H	ko00860,ko01100,ko01110,ko01120,map00860,map01100,map01110,map01120
IODOLM_03859		Porphobilinogen deaminase	H	ko00860,ko01100,ko01110,ko01120,map00860,map01100,map01110,map01120
IODOLM_03860		Adenylate cyclase	F	ko00230,ko02026,ko05111,map00230,map02026,map05111
IODOLM_03861	cyaY	Iron-sulfur cluster assembly protein CyaY	P	-
IODOLM_03862	lptM	LPS-assembly lipoprotein LptM	N	-
IODOLM_03863		Diaminopimelate epimerase	E	ko00300,ko01100,ko01110,ko01120,ko01130,ko01230,map00300,map01100,map01110,map01120,map01130,map01230
IODOLM_03864		hypothetical protein	S	-
IODOLM_03865		hypothetical protein	S	-
IODOLM_03866	xerC	tyrosine recombinase XerC	D	-
IODOLM_03867	yigB	5-amino-6-(5-phospho-D-ribitylamino)uracil phosphatase YigB	S	ko00740,ko01100,ko01110,map00740,map01100,map01110
IODOLM_03868		DNA helicase II	L	ko03420,ko03430,map03420,map03430
IODOLM_03874	yigI	Medium/long-chain acyl-CoA thioesterase YigI	Q	-
IODOLM_03876	recQ	DNA helicase RecQ	L	ko03018,map03018
IODOLM_03877		Threonine efflux protein	E	-
IODOLM_03879		Lysophospholipase L2	I	ko00564,map00564
IODOLM_03880		HMP-PP hydrolase (Pyridoxal phosphatase) Cof, detected in genetic screen for thiamin metabolic genes (PMID:15292217)	S	-
IODOLM_03882	metR	HTH-type transcriptional regulator MetR	K	-
IODOLM_03883		5-methyltetrahydropteroyltriglutamate--homocysteine methyltransferase	E	ko00270,ko00450,ko01100,ko01110,ko01230,map00270,map00450,map01100,map01110,map01230
IODOLM_03884		Putative carboxymethylenebutenolidase	Q	ko00361,ko00364,ko00623,ko01100,ko01110,ko01120,ko01130,map00361,map00364,map00623,map01100,map01110,map01120,map01130
IODOLM_03885		Uridine phosphorylase	F	ko00240,ko00983,ko01100,map00240,map00983,map01100
IODOLM_03886	rmuC	DNA recombination protein RmuC	S	-
IODOLM_03887	ubiE	Ubiquinone/menaquinone biosynthesis C-methyltransferase UbiE	H	ko00130,ko01100,ko01110,map00130,map01100,map01110
IODOLM_03888	ubiJ	ubiquinone biosynthesis protein UbiJ	S	-
IODOLM_03889	ubiB	putative protein kinase UbiB	H	-
IODOLM_03890	tatA	Sec-independent protein translocase protein TatA	U	ko03060,ko03070,map03060,map03070
IODOLM_03891	tatB	Sec-independent protein translocase protein TatB	U	ko03060,ko03070,map03060,map03070
IODOLM_03892	tatC	Sec-independent protein translocase protein TatC	U	ko03060,ko03070,map03060,map03070
IODOLM_03893	tatD	3'-5' ssDNA/RNA exonuclease TatD	L	-
IODOLM_03894	rfaH	Transcription antitermination protein RfaH	K	-
IODOLM_03896		NAD(P)H-flavin reductase	C	ko00520,ko00740,ko00860,ko01100,ko02024,map00520,map00740,map00860,map01100,map02024
IODOLM_03898		Fatty acid oxidation complex subunit alpha	I	ko00071,ko00280,ko00281,ko00310,ko00362,ko00380,ko00410,ko00640,ko00650,ko00903,ko00930,ko01040,ko01100,ko01110,ko01120,ko01130,ko01200,ko01212,map00071,map00280,map00281,map00310,map00362,map00380,map00410,map00640,map00650,map00903,map00930,map01040,map01100,map01110,map01120,map01130,map01200,map01212
IODOLM_03899		Xaa-Pro dipeptidase	E	-
IODOLM_03900	yigZ	IMPACT family member YigZ	S	ko00240,ko00670,ko01100,ko01523,map00240,map00670,map01100,map01523
IODOLM_03901	trkH	Trk system potassium uptake protein TrkH	P	-
IODOLM_03902		Protoporphyrinogen IX dehydrogenase [quinone]	H	ko00860,ko01100,ko01110,map00860,map01100,map01110
IODOLM_03904		Molybdopterin-guanine dinucleotide biosynthesis adapter protein	H	ko00790,ko01100,map00790,map01100
IODOLM_03905		Molybdenum cofactor guanylyltransferase	F	ko00790,ko01100,map00790,map01100
IODOLM_03906	yihD	Protein YihD	S	-
IODOLM_03907	srkA	stress response kinase SrkA	F	-
IODOLM_03908	dsbA	Thiol:disulfide interchange protein DsbA	O	ko01503,map01503
IODOLM_03909	yihF	Uncharacterized protein YihF	S	-
IODOLM_03912		DNA polymerase I	L	ko00230,ko00240,ko01100,ko03030,ko03410,ko03420,ko03440,map00230,map00240,map01100,map03030,map03410,map03420,map03440
IODOLM_03913	engB	putative GTP-binding protein EngB	D	-
IODOLM_03914		hypothetical protein	S	-
IODOLM_03915		Oxygen-independent coproporphyrinogen III oxidase	H	ko00860,ko01100,ko01110,map00860,map01100,map01110
IODOLM_03917	ntrC	DNA-binding transcriptional regulator NtrC	T	ko02020,map02020
IODOLM_03918	ntrB	Sensory histidine kinase/phosphatase NtrB	F	ko02020,map02020
IODOLM_03920	bipA	Large ribosomal subunit assembly factor BipA	T	-
IODOLM_03924	ompL	Porin OmpL	M	-
IODOLM_03928	tnp	IS1 family IS1A transposase ORF A	L	-
IODOLM_03934	yihV	sulfofructose kinase	F	ko00051,ko01100,ko01120,map00051,map01100,map01120
IODOLM_03937	yihY	UPF0761 membrane protein YihY	S	-
IODOLM_03938		D-aminoacyl-tRNA deacylase	J	-
IODOLM_03939	fabY	fatty acid biosynthesis protein FabY	K	-
IODOLM_03940		hypothetical protein		
IODOLM_03944		Formate dehydrogenase, cytochrome b556(fdo) subunit	C	ko00630,ko00680,ko01100,ko01120,ko01200,ko02020,map00630,map00680,map01100,map01120,map01200,map02020
IODOLM_03945	fdoH	formate dehydrogenase O subunit beta	C	ko00630,ko00680,ko01100,ko01120,ko01200,ko02020,map00630,map00680,map01100,map01120,map01200,map02020
IODOLM_03946		Formate dehydrogenase-N subunit alpha	C	ko00630,ko00680,ko01100,ko01120,ko01200,ko02020,map00630,map00680,map01100,map01120,map01200,map02020
IODOLM_03947	fdhD	Sulfur carrier protein FdhD	J	-
IODOLM_03960		Superoxide dismutase [Mn]	P	ko04013,ko04068,ko04146,ko04211,ko04212,ko04213,ko05016,map04013,map04068,map04146,map04211,map04212,map04213,map05016
IODOLM_03961		2-keto-3-deoxygluconate permease	U	-
IODOLM_03962	yiiM	Protein YiiM	S	-
IODOLM_03963		histidine kinase	T	ko01503,ko02020,map01503,map02020
IODOLM_03964	cpxR	Transcriptional regulatory protein CpxR	K	ko01503,ko02020,map01503,map02020
IODOLM_03966	fieF	CDF family cation-efflux transporter FieF	P	-
IODOLM_03968		ATP-dependent 6-phosphofructokinase isozyme 1	F	ko00010,ko00030,ko00051,ko00052,ko00680,ko01100,ko01110,ko01120,ko01130,ko01200,ko01230,ko03018,ko04152,ko05230,map00010,map00030,map00051,map00052,map00680,map01100,map01110,map01120,map01130,map01200,map01230,map03018,map04152,map05230
IODOLM_03969	sbp	sulfate/thiosulfate ABC transporter substrate-binding protein Sbp	P	ko00920,ko02010,map00920,map02010
IODOLM_03972		DUF1454 domain-containing protein	S	-
IODOLM_03973		DUF805 domain-containing protein	S	-
IODOLM_03974		DUF406 domain-containing protein	S	-
IODOLM_03978		Glycerol kinase	F	ko00561,ko01100,ko03320,ko04626,map00561,map01100,map03320,map04626
IODOLM_03979	glpF	glycerol uptake facilitator protein GlpF	G	-
IODOLM_03980	zapB	Cell division protein ZapB	D	-
IODOLM_03981		4-hydroxy-4-methyl-2-oxoglutarate aldolase	H	-
IODOLM_03983	hslU	ATP-dependent protease ATPase subunit HslU	O	-
IODOLM_03984	hslV	ATP-dependent protease subunit HslV	O	-
IODOLM_03987		Primosomal protein N'	L	ko03440,map03440
IODOLM_03988		Large ribosomal subunit protein bL31	J	ko03010,map03010
IODOLM_03991		Cystathionine gamma-synthase	E	ko00270,ko00450,ko00920,ko01100,ko01110,ko01130,ko01230,map00270,map00450,map00920,map01100,map01110,map01130,map01230
IODOLM_03993		5,10-methylenetetrahydrofolate reductase	E	ko00670,ko00720,ko01100,ko01120,ko01200,ko01523,map00670,map00720,map01100,map01120,map01200,map01523
IODOLM_03994		Catalase-peroxidase	P	ko00360,ko00380,ko00940,ko00983,ko01100,ko01110,map00360,map00380,map00940,map00983,map01100,map01110
IODOLM_03995	yijE	cystine transporter YijE	EG	-
IODOLM_04003		Pyruvate formate-lyase 2-activating enzyme	O	-
IODOLM_04007		Phosphoenolpyruvate carboxylase	H	ko00620,ko00680,ko00710,ko00720,ko01100,ko01120,ko01200,map00620,map00680,map00710,map00720,map01100,map01120,map01200
IODOLM_04008		Acetylornithine deacetylase	E	ko00220,ko01100,ko01110,ko01130,ko01210,ko01230,map00220,map01100,map01110,map01130,map01210,map01230
IODOLM_04009		N-acetyl-gamma-glutamyl-phosphate reductase	E	ko00220,ko01100,ko01110,ko01130,ko01210,ko01230,map00220,map01100,map01110,map01130,map01210,map01230
IODOLM_04010		acetylglutamate kinase	F	ko00220,ko01100,ko01110,ko01130,ko01210,ko01230,map00220,map01100,map01110,map01130,map01210,map01230
IODOLM_04011		Bifunctional protein ArgHA	E	ko00220,ko00250,ko01100,ko01110,ko01130,ko01210,ko01230,map00220,map00250,map01100,map01110,map01130,map01210,map01230
IODOLM_04012	oxyR	DNA-binding transcriptional regulator OxyR	K	ko02026,map02026
IODOLM_04013		Soluble pyridine nucleotide transhydrogenase	C	ko00760,ko01100,map00760,map01100
IODOLM_04016		tRNA/tmRNA (uracil-C(5))-methyltransferase	J	-
IODOLM_04017		Vitamin B12 receptor protein	P	-
IODOLM_04018		Glutamate racemase	M	ko00471,ko01100,map00471,map01100
IODOLM_04021		UDP-N-acetylenolpyruvoylglucosamine reductase	M	ko00520,ko00550,ko01100,map00520,map00550,map01100
IODOLM_04022	birA	Bifunctional ligase/repressor BirA	K	ko00780,ko01100,map00780,map01100
IODOLM_04023		Pantothenate kinase	F	ko00770,ko01100,map00770,map01100
IODOLM_04024		hypothetical protein		
IODOLM_04025		Elongation factor Tu 1	J	-
IODOLM_04026	secE	Protein translocase subunit SecE	U	ko02024,ko03060,ko03070,map02024,map03060,map03070
IODOLM_04027	nusG	Transcription termination/antitermination protein NusG	K	-
IODOLM_04028		Large ribosomal subunit protein uL11	J	ko03010,map03010
IODOLM_04029		Large ribosomal subunit protein uL1	J	ko03010,map03010
IODOLM_04030		50S ribosomal protein L10	J	ko03010,map03010
IODOLM_04031		Large ribosomal subunit protein bL12	J	ko03010,map03010
IODOLM_04032		DNA-directed RNA polymerase subunit beta	K	ko00230,ko00240,ko01100,ko03020,map00230,map00240,map01100,map03020
IODOLM_04033		DNA-directed RNA polymerase subunit beta'	K	ko00230,ko00240,ko01100,ko03020,map00230,map00240,map01100,map03020
IODOLM_04034	yjaZ	Protein YjaZ	-	-
IODOLM_04036	thiG	thiazole synthase	H	ko00730,ko01100,map00730,map01100
IODOLM_04043		Uroporphyrinogen decarboxylase	H	ko00860,ko01100,ko01110,map00860,map01100,map01110
IODOLM_04045		DUF416 domain-containing protein	S	-
IODOLM_04046		DNA-binding protein HU-beta	L	-
IODOLM_04047	yjaH	Uncharacterized protein YjaH	S	-
IODOLM_04048		Zinc resistance-associated protein	NPTU	ko02020,map02020
IODOLM_04050	zraS	Sensor histidine kinase ZraS	T	ko02020,map02020
IODOLM_04051		Two-component system response regulator	K	ko02020,map02020
IODOLM_04052		Phosphoribosylamine--glycine ligase	F	ko00230,ko01100,ko01110,ko01130,map00230,map01100,map01110,map01130
IODOLM_04053	purH	Bifunctional purine biosynthesis protein PurH	F	ko00230,ko00670,ko01100,ko01110,ko01130,ko01523,map00230,map00670,map01100,map01110,map01130,map01523
IODOLM_04055		hypothetical protein	S	-
IODOLM_04058		Malate synthase	H	ko00620,ko00630,ko01100,ko01110,ko01120,ko01200,map00620,map00630,map01100,map01110,map01120,map01200
IODOLM_04060		Isocitrate dehydrogenase kinase/phosphatase	F	-
IODOLM_04062	iclR	Transcriptional repressor IclR	K	-
IODOLM_04063		Methionine synthase	H	ko00270,ko00450,ko00670,ko01100,ko01110,ko01230,map00270,map00450,map00670,map01100,map01110,map01230
IODOLM_04064	yjbB	Uncharacterized protein YjbB	P	-
IODOLM_04066	rluF	Dual-specificity RNA pseudouridine synthase RluF	J	-
IODOLM_04068		Aspartokinase	E	ko00260,ko00261,ko00270,ko00300,ko01100,ko01110,ko01120,ko01130,ko01210,ko01230,map00260,map00261,map00270,map00300,map01100,map01110,map01120,map01130,map01210,map01230
IODOLM_04070		hypothetical protein	S	-
IODOLM_04073		Lipoprotein	M	-
IODOLM_04074	psiE	Protein PsiE	S	-
IODOLM_04082		Maltose operon periplasmic protein	S	-
IODOLM_04083		hypothetical protein		
IODOLM_04087		4-hydroxybenzoate octaprenyltransferase	H	ko00130,ko01100,ko01110,map00130,map01100,map01110
IODOLM_04088		Glycerol-3-phosphate acyltransferase	I	ko00561,ko00564,ko01100,ko01110,map00561,map00564,map01100,map01110
IODOLM_04090	lexA	LexA repressor	K	-
IODOLM_04092	yjbJ	UPF0337 protein YjbJ	S	-
IODOLM_04093		Zinc uptake regulation protein	P	ko02024,map02024
IODOLM_04096		tRNA-dihydrouridine(20/20a) synthase	J	-
IODOLM_04097		hypothetical protein	S	-
IODOLM_04099	dnaB	Replicative DNA helicase DnaB	L	ko03030,ko04112,map03030,map04112
IODOLM_04101	tyrB	aromatic amino acid transaminase	E	ko00270,ko00350,ko00360,ko00400,ko00401,ko00950,ko00960,ko01100,ko01110,ko01130,ko01230,map00270,map00350,map00360,map00400,map00401,map00950,map00960,map01100,map01110,map01130,map01230
IODOLM_04102	yjbS	Uncharacterized protein YjbS	-	-
IODOLM_04103		Class B acid phosphatase	S	ko00740,ko01100,map00740,map01100
IODOLM_04104		Secondary thiamine-phosphate synthase enzyme	S	-
IODOLM_04105	yjbR	Uncharacterized protein YjbR	S	-
IODOLM_04106		UvrABC system protein A	L	ko03420,map03420
IODOLM_04107	ssb1	single-stranded DNA-binding protein SSB1	L	ko03030,ko03430,ko03440,map03030,map03430,map03440
IODOLM_04108	yjcB	YjcB protein	S	-
IODOLM_04110	soxS	Regulatory protein SoxS	K	-
IODOLM_04112	ghxP	guanine/hypoxanthine transporter GhxP	S	-
IODOLM_04120	tnp	IS1 family IS1A transposase ORF A	L	-
IODOLM_04122		hypothetical protein	C	-
IODOLM_04123		Cytochrome c nitrite reductase, Fe-S protein	C	-
IODOLM_04124	nrfD	Protein NrfD	P	-
IODOLM_04129	yjcO	Sel1-repeat-containing protein YjcO	S	-
IODOLM_04130		Formate dehydrogenase-H subunit alpha	C	ko00630,ko00680,ko01100,ko01120,ko01200,map00630,map00680,map01100,map01120,map01200
IODOLM_04141	alsR	als operon DNA-binding transcriptional repressor AlsR	K	-
IODOLM_04142	rpiB	bifunctional allose-6-phosphate isomerase/ribose-5-phosphate isomerase RpiB	G	ko00030,ko00051,ko00710,ko01100,ko01110,ko01120,ko01130,ko01200,ko01230,map00030,map00051,map00710,map01100,map01110,map01120,map01130,map01200,map01230
IODOLM_04160		Dynamin-type G domain-containing protein	S	-
IODOLM_04161	yjcZ	Uncharacterized protein YjcZ	S	-
IODOLM_04162		Major facilitator superfamily (MFS) profile domain-containing protein	EGP	-
IODOLM_04163	pmrR	LpxT activity modulator PmrR		
IODOLM_04164	basS	Sensor protein BasS	T	ko01503,ko02020,ko02024,map01503,map02020,map02024
IODOLM_04165	basR	two-component system response regulator BasR	K	ko01503,ko02020,map01503,map02020
IODOLM_04167		Arginine/agmatine antiporter	E	-
IODOLM_04168	adiY	DNA-binding transcriptional activator AdiY	K	-
IODOLM_04170	melR	Transcriptional regulator MelR	K	-
IODOLM_04173		DUF2238 domain-containing protein	S	-
IODOLM_04174	fumB	class I fumarate hydratase	C	ko00020,ko00620,ko00720,ko01100,ko01110,ko01120,ko01130,ko01200,map00020,map00620,map00720,map01100,map01110,map01120,map01130,map01200
IODOLM_04175	dcuB	anaerobic C4-dicarboxylate transporter DcuB	S	ko02020,map02020
IODOLM_04177	dcuS	Sensor histidine kinase DcuS	T	ko02020,map02020
IODOLM_04178		Divergent 4Fe-4S mono-cluster domain-containing protein	S	-
IODOLM_04179	yjdJ	Uncharacterized protein YjdJ	S	-
IODOLM_04180	ghoS	type V toxin-antitoxin system endoribonuclease antitoxin GhoS		
IODOLM_04181	ghoT	type V toxin-antitoxin system toxin GhoT	S	-
IODOLM_04184	cadA	lysine decarboxylase CadA	E	ko00310,ko00330,ko00960,ko01100,ko01110,map00310,map00330,map00960,map01100,map01110
IODOLM_04187	yjdC	HTH-type transcriptional regulator YjdC	K	-
IODOLM_04188	dsbD	protein-disulfide reductase DsbD	CO	-
IODOLM_04190	dcuA	anaerobic C4-dicarboxylate transporter DcuA	S	-
IODOLM_04191		Aspartate ammonia-lyase	E	ko00250,ko01100,map00250,map01100
IODOLM_04192	fxsA	UPF0716 protein FxsA	S	-
IODOLM_04193	yjeH	L-methionine/branched-chain amino acid exporter YjeH	E	-
IODOLM_04194		Co-chaperonin GroES	O	-
IODOLM_04195		Chaperonin GroEL	O	ko03018,ko04212,ko04940,ko05134,ko05152,map03018,map04212,map04940,map05134,map05152
IODOLM_04196		Membrane protein	S	-
IODOLM_04197	yjeJ	Uncharacterized protein YjeJ	S	-
IODOLM_04198		L-lysine 2,3-aminomutase	C	ko00310,map00310
IODOLM_04199		Elongation factor P	J	-
IODOLM_04201		Entericidin B	S	-
IODOLM_04203	blc	lipocalin Blc	M	-
IODOLM_04205		Fumarate reductase subunit D	C	ko00020,ko00190,ko00620,ko00650,ko00720,ko01100,ko01110,ko01120,ko01130,ko01200,ko02020,map00020,map00190,map00620,map00650,map00720,map01100,map01110,map01120,map01130,map01200,map02020
IODOLM_04206		Fumarate reductase subunit C	C	ko00020,ko00190,ko00620,ko00650,ko00720,ko01100,ko01110,ko01120,ko01130,ko01200,ko02020,map00020,map00190,map00620,map00650,map00720,map01100,map01110,map01120,map01130,map01200,map02020
IODOLM_04207	frdB	fumarate reductase iron-sulfur protein	C	ko00020,ko00190,ko00620,ko00650,ko00720,ko01100,ko01110,ko01120,ko01130,ko01200,ko02020,map00020,map00190,map00620,map00650,map00720,map01100,map01110,map01120,map01130,map01200,map02020
IODOLM_04208		Fumarate reductase flavoprotein subunit	C	ko00020,ko00190,ko00620,ko00650,ko00720,ko01100,ko01110,ko01120,ko01130,ko01200,ko02020,map00020,map00190,map00620,map00650,map00720,map01100,map01110,map01120,map01130,map01200,map02020
IODOLM_04209		Elongation factor P--(R)-beta-lysine ligase	J	-
IODOLM_04211	yjeN	Uncharacterized protein YjeN	-	-
IODOLM_04213	mscM	Miniconductance mechanosensitive channel MscM	M	-
IODOLM_04214		Phosphatidylserine decarboxylase proenzyme	I	ko00564,ko01100,ko01110,map00564,map01100,map01110
IODOLM_04215	rsgA	Small ribosomal subunit biogenesis GTPase RsgA	J	ko00730,ko01100,map00730,map01100
IODOLM_04218		Epoxyqueuosine reductase	C	-
IODOLM_04219		Bifunctional NAD(P)H-hydrate repair enzyme Nnr	H	-
IODOLM_04220	tsaE	tRNA threonylcarbamoyladenosine biosynthesis protein TsaE	S	-
IODOLM_04221		N-acetylmuramoyl-L-alanine amidase	M	ko01503,map01503
IODOLM_04222	mutL	DNA mismatch repair protein MutL	L	ko03430,map03430
IODOLM_04223		tRNA dimethylallyltransferase	J	ko00908,ko01100,ko01110,map00908,map01100,map01110
IODOLM_04225	hflX	GTPase HflX	J	-
IODOLM_04226	hflK	Modulator of FtsH protease HflK	O	-
IODOLM_04229		Adenylosuccinate synthetase	F	ko00230,ko00250,ko01100,map00230,map00250,map01100
IODOLM_04230	nsrR	HTH-type transcriptional repressor NsrR	K	ko05132,map05132
IODOLM_04231		Ribonuclease R	J	ko03018,map03018
IODOLM_04236	yjfL	UPF0719 inner membrane protein YjfL	S	-
IODOLM_04237	yjfM	Uncharacterized protein YjfM	S	-
IODOLM_04240	yjfN	protease activator YjfN	S	-
IODOLM_04241		YdgH/BhsA/McbA-like domain-containing protein	S	-
IODOLM_04243	ulaR	HTH-type transcriptional regulator UlaR	K	-
IODOLM_04244	ulaG	putative L-ascorbate-6-phosphate lactonase UlaG	S	ko00053,ko01100,ko01120,map00053,map01100,map01120
IODOLM_04251		YdgH/BhsA/McbA-like domain-containing protein	S	-
IODOLM_04252		Small ribosomal subunit protein bS6	J	ko03010,map03010
IODOLM_04253		Primosomal replication protein N	L	ko03440,map03440
IODOLM_04254		Small ribosomal subunit protein bS18	J	ko03010,map03010
IODOLM_04255		Large ribosomal subunit protein bL9	J	ko03010,map03010
IODOLM_04256	yjfZ	Uncharacterized protein YjfZ	S	-
IODOLM_04257	nicS	HTH-type transcriptional repressor NicS C-terminal domain-containing protein	K	-
IODOLM_04259	fklB	FKBP-type peptidyl-prolyl cis-trans isomerase	O	-
IODOLM_04261	ytfE	Iron-sulfur cluster repair protein YtfE	D	-
IODOLM_04262	rhtA	Threonine/homoserine exporter RhtA	EG	-
IODOLM_04266	cysQ	3'(2'),5'-bisphosphate nucleotidase CysQ	P	ko00920,ko01100,ko01120,ko01130,map00920,map01100,map01120,map01130
IODOLM_04267	ytfI	Uncharacterized protein YtfI	-	-
IODOLM_04268	ytfJ	YtfJ family protein	S	-
IODOLM_04269		DUF1107 domain-containing protein	S	-
IODOLM_04270		Polyamine export protein	P	-
IODOLM_04274	ytfP	Gamma-glutamylcyclotransferase family protein ytfP	S	-
IODOLM_04275	chpS	type II toxin-antitoxin system antitoxin ChpS	K	-
IODOLM_04276	chpB	Endoribonuclease toxin ChpB	T	-
IODOLM_04278	ytfQ	galactofuranose ABC transporter substrate-binding protein YtfQ	G	-
IODOLM_04279	ytfR	Galactofuranose transporter ATP-binding protein YtfR	P	ko02010,map02010
IODOLM_04281	tnp	IS3 family IS150 transposase ORF A	L	-
IODOLM_04282		Integrase catalytic domain-containing protein	L	-
IODOLM_04283		ABC transporter permease	G	ko02010,map02010
IODOLM_04284	yjfF	Sugar ABC transporter permease YjfF	G	ko02010,map02010
IODOLM_04286		UDP-N-acetylmuramate--L-alanyl-gamma-D-glutamyl-meso-2,6-diaminoheptandioate ligase	M	-
IODOLM_04287	darP	Dual-action ribosomal maturation protein DarP	S	-
IODOLM_04288	pmbA	Metalloprotease PmbA	S	-
IODOLM_04289		Soluble cytochrome b562	C	-
IODOLM_04294	treR	HTH-type transcriptional regulator TreR	K	-
IODOLM_04295		Magnesium-transporting ATPase, P-type 1	P	-
IODOLM_04297		Aspartate carbamoyltransferase regulatory chain	F	ko00240,ko00250,ko01100,map00240,map00250,map01100
IODOLM_04298		Aspartate carbamoyltransferase catalytic subunit	F	ko00240,ko00250,ko01100,map00240,map00250,map01100
IODOLM_04299	ridA	RidA family protein	J	-
IODOLM_04300		Enoyl-[acyl-carrier-protein] reductase [NADPH]	IQ	ko00061,ko00333,ko00780,ko01040,ko01100,ko01130,ko01212,map00061,map00333,map00780,map01040,map01100,map01130,map01212
IODOLM_04304		Ornithine carbamoyltransferase subunit I	E	ko00220,ko01100,ko01110,ko01130,ko01230,map00220,map01100,map01110,map01130,map01230
IODOLM_04305		Regulator of ribonuclease activity B	S	-
IODOLM_04308		Valine--tRNA ligase	J	ko00970,map00970
IODOLM_04309		DNA polymerase III, chi subunit	L	ko00230,ko00240,ko01100,ko03030,ko03430,ko03440,map00230,map00240,map01100,map03030,map03430,map03440
IODOLM_04310		putative cytosol aminopeptidase	E	ko00480,ko01100,map00480,map01100
IODOLM_04311	lptF	Lipopolysaccharide export system permease protein LptF	S	ko02010,map02010
IODOLM_04312	lptG	Lipopolysaccharide export system permease protein LptG	S	ko02010,map02010
IODOLM_04313	yjgR	Uncharacterized protein YjgR	S	-
IODOLM_04314	idnR	DNA-binding transcriptional regulator IdnR	K	-
IODOLM_04315	idnT	gnt-II system L-idonate transporter	P	-
IODOLM_04316		Short-chain alcohol dehydrogenase	IQ	-
IODOLM_04317	idnD	L-idonate 5-dehydrogenase	E	-
IODOLM_04318		Thermosensitive gluconokinase	F	ko00030,ko01100,ko01110,ko01120,ko01130,ko01200,map00030,map01100,map01110,map01120,map01130,map01200
IODOLM_04319	ahr	NADPH-dependent aldehyde reductase Ahr	C	-
IODOLM_04320		hypothetical protein		
IODOLM_04321		Integrase	L	-
IODOLM_04322	tnp	IS3 family IS2 transposase ORF A	L	-
IODOLM_04323	tnp	IS3 family IS2 transposase ORF B	L	-
IODOLM_04324		hypothetical protein	S	ko00540,map00540
IODOLM_04325		hypothetical protein	S	ko00540,map00540
IODOLM_04327	tnp	IS4 family IS4 transposase	L	-
IODOLM_04328	nanX	Sialic acid transporter NanX	P	-
IODOLM_04329		2,7-anhydro-N-acetylneuraminate hydratase	S	-
IODOLM_04331		Surface-adhesin protein E-like domain-containing protein	S	-
IODOLM_04332		Transposase	L	-
IODOLM_04333	tnp	IS30 family IS30 transposase	L	-
IODOLM_04341	fecB	Fe(3+) dicitrate ABC transporter substrate-binding protein FecB	P	ko02010,map02010
IODOLM_04342	fecA	Fe(3+) dicitrate transport protein FecA	P	-
IODOLM_04343	fecR	Ferric citrate uptake sigma factor regulator FecR	PT	-
IODOLM_04344	fecI	RNA polymerase sigma factor FecI	K	-
IODOLM_04346	yjhU	Uncharacterized transcriptional regulator YjhU	K	-
IODOLM_04347		Gluconate permease	P	-
IODOLM_04348	yjhG	xylonate dehydratase YjhG	E	ko00040,map00040
IODOLM_04349	yagE	Putative 2-dehydro-3-deoxy-D-gluconate aldolase YagE	EM	ko00040,ko00261,ko00300,ko01100,ko01110,ko01120,ko01130,ko01230,map00040,map00261,map00300,map01100,map01110,map01120,map01130,map01230
IODOLM_04350	yjhI	Uncharacterized HTH-type transcriptional regulator YjhI	K	-
IODOLM_04353	sgcA	Putative phosphotransferase IIA component SgcA	G	ko00052,ko00053,ko01100,ko01120,ko02060,map00052,map00053,map01100,map01120,map02060
IODOLM_04354	sgcQ	BtpA family protein SgcQ	S	-
IODOLM_04355		Putative permease IIC component	G	ko00052,ko01100,ko02060,map00052,map01100,map02060
IODOLM_04356	sgcB	Putative phosphotransferase enzyme IIB component SgcB	G	ko00052,ko01100,ko02060,map00052,map01100,map02060
IODOLM_04357	sgcX	Putative aminopeptidase SgcX	G	-
IODOLM_04358		Trans-aconitate methyltransferase	J	-
IODOLM_04359	yjhQ	Uncharacterized N-acetyltransferase YjhQ	S	-
IODOLM_04361		hypothetical protein	L	-
IODOLM_04362		putative 9-O-acetyl-N-acetylneuraminic acid deacetylase	S	-
IODOLM_04363	nanM	N-acetylneuraminate epimerase	M	-
IODOLM_04364	nanC	N-acetylneuraminic acid outer membrane channel NanC	M	-
IODOLM_04365	tnp	IS4 family IS10R transposase	L	-
IODOLM_04366		Phosphoglycerol transferase I (Phosphatidylglycerol--membrane-oligosaccharide glycerophosphotransferase)	M	ko01100,map01100
IODOLM_04367	yjjA	Uncharacterized protein YjjA	S	-
IODOLM_04368	dnaC	Replicative helicase loader DnaC	L	-
IODOLM_04369		Primosomal protein 1	L	ko03440,map03440
IODOLM_04371		Threonine/serine exporter-like N-terminal domain-containing protein	S	-
IODOLM_04374		Ferric siderophore reductase	S	-
IODOLM_04375		DUF1435 domain-containing protein	S	-
IODOLM_04376		Ribosomal RNA small subunit methyltransferase C	J	-
IODOLM_04377		DNA polymerase III subunit psi	L	ko00230,ko00240,ko01100,ko03030,ko03430,ko03440,map00230,map00240,map01100,map03030,map03430,map03440
IODOLM_04381	osmY	Osmotically inducible protein OsmY	S	-
IODOLM_04382	ytjA	UPF0391 membrane protein YtjA	S	-
IODOLM_04383		PNPLA domain-containing protein	S	-
IODOLM_04384	yjjV	Putative deoxyribonuclease YjjV	L	-
IODOLM_04386	yjjI	Uncharacterized protein YjjI	F	-
IODOLM_04389		Phosphopentomutase	F	ko00030,ko00230,map00030,map00230
IODOLM_04390		Purine nucleoside phosphorylase DeoD-type	F	ko00230,ko00240,ko00760,ko01100,ko01110,map00230,map00240,map00760,map01100,map01110
IODOLM_04391	yjjJ	Toxin YjjJ	S	-
IODOLM_04392	lplA	lipoate--protein ligase LplA	J	ko00785,ko01100,map00785,map01100
IODOLM_04393	ytjB	YtjB family periplasmic protein	J	ko00785,ko01100,map00785,map01100
IODOLM_04394		Phosphoserine phosphatase	E	ko00260,ko00680,ko01100,ko01120,ko01130,ko01200,ko01230,map00260,map00680,map01100,map01120,map01130,map01200,map01230
IODOLM_04395	radA	DNA repair protein RadA	O	-
IODOLM_04396	nadR	Trifunctional NAD biosynthesis/regulator protein NadR	H	ko00760,ko01100,map00760,map01100
IODOLM_04397		Transcriptional regulator	K	-
IODOLM_04398	ettA	Energy-dependent translational throttle protein EttA	S	-
IODOLM_04399		Soluble lytic murein transglycosylase	M	-
IODOLM_04401		Inosine/xanthosine triphosphatase	F	-
IODOLM_04402	gpmB	putative phosphoglycerate mutase GpmB	F	ko00010,ko00260,ko00680,ko01100,ko01110,ko01120,ko01130,ko01200,ko01230,map00010,map00260,map00680,map01100,map01110,map01120,map01130,map01200,map01230
IODOLM_04403	robA	MDR efflux pump AcrAB transcriptional activator RobA	K	-
IODOLM_04404	creA	Protein CreA	S	-
IODOLM_04405	creB	Transcriptional regulatory protein CreB	K	ko02020,map02020
IODOLM_04406	creC	Sensor protein CreC	T	ko02020,ko02024,map02020,map02024
IODOLM_04407	creD	Cell envelope integrity protein CreD	V	-
IODOLM_04408	arcA	Aerobic respiration control protein ArcA	K	ko02020,ko02026,map02020,map02026
